trajectory_id,frame,full_instruction_ref,current_step_index,current_step_text,transition_event,full_condition,current_condition,hold_condition,steps_since_transition,cumulative_transition_count
coffee_table/case282,0,coffee_table/case282,0,open the wooden cabinet top region,0,"Organize a culinary scene by relocating items, including chocolate pudding, mugs, a frypan, and a wine bottle between a wooden cabinet, coffee table, and microwave.",open the wooden cabinet top region,open the wooden cabinet top region,0,0
coffee_table/case282,1,coffee_table/case282,0,open the wooden cabinet top region,0,"Organize a culinary scene by relocating items, including chocolate pudding, mugs, a frypan, and a wine bottle between a wooden cabinet, coffee table, and microwave.",open the wooden cabinet top region,[HOLD],1,0
coffee_table/case282,2,coffee_table/case282,0,open the wooden cabinet top region,0,"Organize a culinary scene by relocating items, including chocolate pudding, mugs, a frypan, and a wine bottle between a wooden cabinet, coffee table, and microwave.",open the wooden cabinet top region,[HOLD],2,0
coffee_table/case282,3,coffee_table/case282,0,open the wooden cabinet top region,0,"Organize a culinary scene by relocating items, including chocolate pudding, mugs, a frypan, and a wine bottle between a wooden cabinet, coffee table, and microwave.",open the wooden cabinet top region,[HOLD],3,0
coffee_table/case282,4,coffee_table/case282,0,open the wooden cabinet top region,0,"Organize a culinary scene by relocating items, including chocolate pudding, mugs, a frypan, and a wine bottle between a wooden cabinet, coffee table, and microwave.",open the wooden cabinet top region,[HOLD],4,0
coffee_table/case282,5,coffee_table/case282,0,open the wooden cabinet top region,0,"Organize a culinary scene by relocating items, including chocolate pudding, mugs, a frypan, and a wine bottle between a wooden cabinet, coffee table, and microwave.",open the wooden cabinet top region,[HOLD],5,0
coffee_table/case282,6,coffee_table/case282,0,open the wooden cabinet top region,0,"Organize a culinary scene by relocating items, including chocolate pudding, mugs, a frypan, and a wine bottle between a wooden cabinet, coffee table, and microwave.",open the wooden cabinet top region,[HOLD],6,0
coffee_table/case282,7,coffee_table/case282,0,open the wooden cabinet top region,0,"Organize a culinary scene by relocating items, including chocolate pudding, mugs, a frypan, and a wine bottle between a wooden cabinet, coffee table, and microwave.",open the wooden cabinet top region,[HOLD],7,0
coffee_table/case282,8,coffee_table/case282,0,open the wooden cabinet top region,0,"Organize a culinary scene by relocating items, including chocolate pudding, mugs, a frypan, and a wine bottle between a wooden cabinet, coffee table, and microwave.",open the wooden cabinet top region,[HOLD],8,0
coffee_table/case282,9,coffee_table/case282,0,open the wooden cabinet top region,0,"Organize a culinary scene by relocating items, including chocolate pudding, mugs, a frypan, and a wine bottle between a wooden cabinet, coffee table, and microwave.",open the wooden cabinet top region,[HOLD],9,0
coffee_table/case282,10,coffee_table/case282,0,open the wooden cabinet top region,0,"Organize a culinary scene by relocating items, including chocolate pudding, mugs, a frypan, and a wine bottle between a wooden cabinet, coffee table, and microwave.",open the wooden cabinet top region,[HOLD],10,0
coffee_table/case282,11,coffee_table/case282,0,open the wooden cabinet top region,0,"Organize a culinary scene by relocating items, including chocolate pudding, mugs, a frypan, and a wine bottle between a wooden cabinet, coffee table, and microwave.",open the wooden cabinet top region,[HOLD],11,0
coffee_table/case282,12,coffee_table/case282,0,open the wooden cabinet top region,0,"Organize a culinary scene by relocating items, including chocolate pudding, mugs, a frypan, and a wine bottle between a wooden cabinet, coffee table, and microwave.",open the wooden cabinet top region,[HOLD],12,0
coffee_table/case282,13,coffee_table/case282,0,open the wooden cabinet top region,0,"Organize a culinary scene by relocating items, including chocolate pudding, mugs, a frypan, and a wine bottle between a wooden cabinet, coffee table, and microwave.",open the wooden cabinet top region,[HOLD],13,0
coffee_table/case282,14,coffee_table/case282,0,open the wooden cabinet top region,0,"Organize a culinary scene by relocating items, including chocolate pudding, mugs, a frypan, and a wine bottle between a wooden cabinet, coffee table, and microwave.",open the wooden cabinet top region,[HOLD],14,0
coffee_table/case282,15,coffee_table/case282,0,open the wooden cabinet top region,0,"Organize a culinary scene by relocating items, including chocolate pudding, mugs, a frypan, and a wine bottle between a wooden cabinet, coffee table, and microwave.",open the wooden cabinet top region,[HOLD],15,0
coffee_table/case282,16,coffee_table/case282,0,open the wooden cabinet top region,0,"Organize a culinary scene by relocating items, including chocolate pudding, mugs, a frypan, and a wine bottle between a wooden cabinet, coffee table, and microwave.",open the wooden cabinet top region,[HOLD],16,0
coffee_table/case282,17,coffee_table/case282,0,open the wooden cabinet top region,0,"Organize a culinary scene by relocating items, including chocolate pudding, mugs, a frypan, and a wine bottle between a wooden cabinet, coffee table, and microwave.",open the wooden cabinet top region,[HOLD],17,0
coffee_table/case282,18,coffee_table/case282,0,open the wooden cabinet top region,0,"Organize a culinary scene by relocating items, including chocolate pudding, mugs, a frypan, and a wine bottle between a wooden cabinet, coffee table, and microwave.",open the wooden cabinet top region,[HOLD],18,0
coffee_table/case282,19,coffee_table/case282,0,open the wooden cabinet top region,0,"Organize a culinary scene by relocating items, including chocolate pudding, mugs, a frypan, and a wine bottle between a wooden cabinet, coffee table, and microwave.",open the wooden cabinet top region,[HOLD],19,0
coffee_table/case282,20,coffee_table/case282,0,open the wooden cabinet top region,0,"Organize a culinary scene by relocating items, including chocolate pudding, mugs, a frypan, and a wine bottle between a wooden cabinet, coffee table, and microwave.",open the wooden cabinet top region,[HOLD],20,0
coffee_table/case282,21,coffee_table/case282,0,open the wooden cabinet top region,0,"Organize a culinary scene by relocating items, including chocolate pudding, mugs, a frypan, and a wine bottle between a wooden cabinet, coffee table, and microwave.",open the wooden cabinet top region,[HOLD],21,0
coffee_table/case282,22,coffee_table/case282,0,open the wooden cabinet top region,0,"Organize a culinary scene by relocating items, including chocolate pudding, mugs, a frypan, and a wine bottle between a wooden cabinet, coffee table, and microwave.",open the wooden cabinet top region,[HOLD],22,0
coffee_table/case282,23,coffee_table/case282,0,open the wooden cabinet top region,0,"Organize a culinary scene by relocating items, including chocolate pudding, mugs, a frypan, and a wine bottle between a wooden cabinet, coffee table, and microwave.",open the wooden cabinet top region,[HOLD],23,0
coffee_table/case282,24,coffee_table/case282,0,open the wooden cabinet top region,0,"Organize a culinary scene by relocating items, including chocolate pudding, mugs, a frypan, and a wine bottle between a wooden cabinet, coffee table, and microwave.",open the wooden cabinet top region,[HOLD],24,0
coffee_table/case282,25,coffee_table/case282,0,open the wooden cabinet top region,0,"Organize a culinary scene by relocating items, including chocolate pudding, mugs, a frypan, and a wine bottle between a wooden cabinet, coffee table, and microwave.",open the wooden cabinet top region,[HOLD],25,0
coffee_table/case282,26,coffee_table/case282,0,open the wooden cabinet top region,0,"Organize a culinary scene by relocating items, including chocolate pudding, mugs, a frypan, and a wine bottle between a wooden cabinet, coffee table, and microwave.",open the wooden cabinet top region,[HOLD],26,0
coffee_table/case282,27,coffee_table/case282,0,open the wooden cabinet top region,0,"Organize a culinary scene by relocating items, including chocolate pudding, mugs, a frypan, and a wine bottle between a wooden cabinet, coffee table, and microwave.",open the wooden cabinet top region,[HOLD],27,0
coffee_table/case282,28,coffee_table/case282,0,open the wooden cabinet top region,0,"Organize a culinary scene by relocating items, including chocolate pudding, mugs, a frypan, and a wine bottle between a wooden cabinet, coffee table, and microwave.",open the wooden cabinet top region,[HOLD],28,0
coffee_table/case282,29,coffee_table/case282,0,open the wooden cabinet top region,0,"Organize a culinary scene by relocating items, including chocolate pudding, mugs, a frypan, and a wine bottle between a wooden cabinet, coffee table, and microwave.",open the wooden cabinet top region,[HOLD],29,0
coffee_table/case282,30,coffee_table/case282,0,open the wooden cabinet top region,0,"Organize a culinary scene by relocating items, including chocolate pudding, mugs, a frypan, and a wine bottle between a wooden cabinet, coffee table, and microwave.",open the wooden cabinet top region,[HOLD],30,0
coffee_table/case282,31,coffee_table/case282,0,open the wooden cabinet top region,0,"Organize a culinary scene by relocating items, including chocolate pudding, mugs, a frypan, and a wine bottle between a wooden cabinet, coffee table, and microwave.",open the wooden cabinet top region,[HOLD],31,0
coffee_table/case282,32,coffee_table/case282,0,open the wooden cabinet top region,0,"Organize a culinary scene by relocating items, including chocolate pudding, mugs, a frypan, and a wine bottle between a wooden cabinet, coffee table, and microwave.",open the wooden cabinet top region,[HOLD],32,0
coffee_table/case282,33,coffee_table/case282,0,open the wooden cabinet top region,0,"Organize a culinary scene by relocating items, including chocolate pudding, mugs, a frypan, and a wine bottle between a wooden cabinet, coffee table, and microwave.",open the wooden cabinet top region,[HOLD],33,0
coffee_table/case282,34,coffee_table/case282,0,open the wooden cabinet top region,0,"Organize a culinary scene by relocating items, including chocolate pudding, mugs, a frypan, and a wine bottle between a wooden cabinet, coffee table, and microwave.",open the wooden cabinet top region,[HOLD],34,0
coffee_table/case282,35,coffee_table/case282,0,open the wooden cabinet top region,0,"Organize a culinary scene by relocating items, including chocolate pudding, mugs, a frypan, and a wine bottle between a wooden cabinet, coffee table, and microwave.",open the wooden cabinet top region,[HOLD],35,0
coffee_table/case282,36,coffee_table/case282,0,open the wooden cabinet top region,0,"Organize a culinary scene by relocating items, including chocolate pudding, mugs, a frypan, and a wine bottle between a wooden cabinet, coffee table, and microwave.",open the wooden cabinet top region,[HOLD],36,0
coffee_table/case282,37,coffee_table/case282,0,open the wooden cabinet top region,0,"Organize a culinary scene by relocating items, including chocolate pudding, mugs, a frypan, and a wine bottle between a wooden cabinet, coffee table, and microwave.",open the wooden cabinet top region,[HOLD],37,0
coffee_table/case282,38,coffee_table/case282,0,open the wooden cabinet top region,0,"Organize a culinary scene by relocating items, including chocolate pudding, mugs, a frypan, and a wine bottle between a wooden cabinet, coffee table, and microwave.",open the wooden cabinet top region,[HOLD],38,0
coffee_table/case282,39,coffee_table/case282,0,open the wooden cabinet top region,0,"Organize a culinary scene by relocating items, including chocolate pudding, mugs, a frypan, and a wine bottle between a wooden cabinet, coffee table, and microwave.",open the wooden cabinet top region,[HOLD],39,0
coffee_table/case282,40,coffee_table/case282,0,open the wooden cabinet top region,0,"Organize a culinary scene by relocating items, including chocolate pudding, mugs, a frypan, and a wine bottle between a wooden cabinet, coffee table, and microwave.",open the wooden cabinet top region,[HOLD],40,0
coffee_table/case282,41,coffee_table/case282,0,open the wooden cabinet top region,0,"Organize a culinary scene by relocating items, including chocolate pudding, mugs, a frypan, and a wine bottle between a wooden cabinet, coffee table, and microwave.",open the wooden cabinet top region,[HOLD],41,0
coffee_table/case282,42,coffee_table/case282,0,open the wooden cabinet top region,0,"Organize a culinary scene by relocating items, including chocolate pudding, mugs, a frypan, and a wine bottle between a wooden cabinet, coffee table, and microwave.",open the wooden cabinet top region,[HOLD],42,0
coffee_table/case282,43,coffee_table/case282,0,open the wooden cabinet top region,0,"Organize a culinary scene by relocating items, including chocolate pudding, mugs, a frypan, and a wine bottle between a wooden cabinet, coffee table, and microwave.",open the wooden cabinet top region,[HOLD],43,0
coffee_table/case282,44,coffee_table/case282,0,open the wooden cabinet top region,0,"Organize a culinary scene by relocating items, including chocolate pudding, mugs, a frypan, and a wine bottle between a wooden cabinet, coffee table, and microwave.",open the wooden cabinet top region,[HOLD],44,0
coffee_table/case282,45,coffee_table/case282,0,open the wooden cabinet top region,0,"Organize a culinary scene by relocating items, including chocolate pudding, mugs, a frypan, and a wine bottle between a wooden cabinet, coffee table, and microwave.",open the wooden cabinet top region,[HOLD],45,0
coffee_table/case282,46,coffee_table/case282,0,open the wooden cabinet top region,0,"Organize a culinary scene by relocating items, including chocolate pudding, mugs, a frypan, and a wine bottle between a wooden cabinet, coffee table, and microwave.",open the wooden cabinet top region,[HOLD],46,0
coffee_table/case282,47,coffee_table/case282,0,open the wooden cabinet top region,0,"Organize a culinary scene by relocating items, including chocolate pudding, mugs, a frypan, and a wine bottle between a wooden cabinet, coffee table, and microwave.",open the wooden cabinet top region,[HOLD],47,0
coffee_table/case282,48,coffee_table/case282,0,open the wooden cabinet top region,0,"Organize a culinary scene by relocating items, including chocolate pudding, mugs, a frypan, and a wine bottle between a wooden cabinet, coffee table, and microwave.",open the wooden cabinet top region,[HOLD],48,0
coffee_table/case282,49,coffee_table/case282,0,open the wooden cabinet top region,0,"Organize a culinary scene by relocating items, including chocolate pudding, mugs, a frypan, and a wine bottle between a wooden cabinet, coffee table, and microwave.",open the wooden cabinet top region,[HOLD],49,0
coffee_table/case282,50,coffee_table/case282,0,open the wooden cabinet top region,0,"Organize a culinary scene by relocating items, including chocolate pudding, mugs, a frypan, and a wine bottle between a wooden cabinet, coffee table, and microwave.",open the wooden cabinet top region,[HOLD],50,0
coffee_table/case282,51,coffee_table/case282,0,open the wooden cabinet top region,0,"Organize a culinary scene by relocating items, including chocolate pudding, mugs, a frypan, and a wine bottle between a wooden cabinet, coffee table, and microwave.",open the wooden cabinet top region,[HOLD],51,0
coffee_table/case282,52,coffee_table/case282,0,open the wooden cabinet top region,0,"Organize a culinary scene by relocating items, including chocolate pudding, mugs, a frypan, and a wine bottle between a wooden cabinet, coffee table, and microwave.",open the wooden cabinet top region,[HOLD],52,0
coffee_table/case282,53,coffee_table/case282,0,open the wooden cabinet top region,0,"Organize a culinary scene by relocating items, including chocolate pudding, mugs, a frypan, and a wine bottle between a wooden cabinet, coffee table, and microwave.",open the wooden cabinet top region,[HOLD],53,0
coffee_table/case282,54,coffee_table/case282,0,open the wooden cabinet top region,0,"Organize a culinary scene by relocating items, including chocolate pudding, mugs, a frypan, and a wine bottle between a wooden cabinet, coffee table, and microwave.",open the wooden cabinet top region,[HOLD],54,0
coffee_table/case282,55,coffee_table/case282,0,open the wooden cabinet top region,0,"Organize a culinary scene by relocating items, including chocolate pudding, mugs, a frypan, and a wine bottle between a wooden cabinet, coffee table, and microwave.",open the wooden cabinet top region,[HOLD],55,0
coffee_table/case282,56,coffee_table/case282,0,open the wooden cabinet top region,0,"Organize a culinary scene by relocating items, including chocolate pudding, mugs, a frypan, and a wine bottle between a wooden cabinet, coffee table, and microwave.",open the wooden cabinet top region,[HOLD],56,0
coffee_table/case282,57,coffee_table/case282,0,open the wooden cabinet top region,0,"Organize a culinary scene by relocating items, including chocolate pudding, mugs, a frypan, and a wine bottle between a wooden cabinet, coffee table, and microwave.",open the wooden cabinet top region,[HOLD],57,0
coffee_table/case282,58,coffee_table/case282,0,open the wooden cabinet top region,0,"Organize a culinary scene by relocating items, including chocolate pudding, mugs, a frypan, and a wine bottle between a wooden cabinet, coffee table, and microwave.",open the wooden cabinet top region,[HOLD],58,0
coffee_table/case282,59,coffee_table/case282,0,open the wooden cabinet top region,0,"Organize a culinary scene by relocating items, including chocolate pudding, mugs, a frypan, and a wine bottle between a wooden cabinet, coffee table, and microwave.",open the wooden cabinet top region,[HOLD],59,0
coffee_table/case282,60,coffee_table/case282,0,open the wooden cabinet top region,0,"Organize a culinary scene by relocating items, including chocolate pudding, mugs, a frypan, and a wine bottle between a wooden cabinet, coffee table, and microwave.",open the wooden cabinet top region,[HOLD],60,0
coffee_table/case282,61,coffee_table/case282,0,open the wooden cabinet top region,0,"Organize a culinary scene by relocating items, including chocolate pudding, mugs, a frypan, and a wine bottle between a wooden cabinet, coffee table, and microwave.",open the wooden cabinet top region,[HOLD],61,0
coffee_table/case282,62,coffee_table/case282,0,open the wooden cabinet top region,0,"Organize a culinary scene by relocating items, including chocolate pudding, mugs, a frypan, and a wine bottle between a wooden cabinet, coffee table, and microwave.",open the wooden cabinet top region,[HOLD],62,0
coffee_table/case282,63,coffee_table/case282,0,open the wooden cabinet top region,0,"Organize a culinary scene by relocating items, including chocolate pudding, mugs, a frypan, and a wine bottle between a wooden cabinet, coffee table, and microwave.",open the wooden cabinet top region,[HOLD],63,0
coffee_table/case282,64,coffee_table/case282,0,open the wooden cabinet top region,0,"Organize a culinary scene by relocating items, including chocolate pudding, mugs, a frypan, and a wine bottle between a wooden cabinet, coffee table, and microwave.",open the wooden cabinet top region,[HOLD],64,0
coffee_table/case282,65,coffee_table/case282,0,open the wooden cabinet top region,0,"Organize a culinary scene by relocating items, including chocolate pudding, mugs, a frypan, and a wine bottle between a wooden cabinet, coffee table, and microwave.",open the wooden cabinet top region,[HOLD],65,0
coffee_table/case282,66,coffee_table/case282,0,open the wooden cabinet top region,0,"Organize a culinary scene by relocating items, including chocolate pudding, mugs, a frypan, and a wine bottle between a wooden cabinet, coffee table, and microwave.",open the wooden cabinet top region,[HOLD],66,0
coffee_table/case282,67,coffee_table/case282,0,open the wooden cabinet top region,0,"Organize a culinary scene by relocating items, including chocolate pudding, mugs, a frypan, and a wine bottle between a wooden cabinet, coffee table, and microwave.",open the wooden cabinet top region,[HOLD],67,0
coffee_table/case282,68,coffee_table/case282,0,open the wooden cabinet top region,0,"Organize a culinary scene by relocating items, including chocolate pudding, mugs, a frypan, and a wine bottle between a wooden cabinet, coffee table, and microwave.",open the wooden cabinet top region,[HOLD],68,0
coffee_table/case282,69,coffee_table/case282,0,open the wooden cabinet top region,0,"Organize a culinary scene by relocating items, including chocolate pudding, mugs, a frypan, and a wine bottle between a wooden cabinet, coffee table, and microwave.",open the wooden cabinet top region,[HOLD],69,0
coffee_table/case282,70,coffee_table/case282,0,open the wooden cabinet top region,0,"Organize a culinary scene by relocating items, including chocolate pudding, mugs, a frypan, and a wine bottle between a wooden cabinet, coffee table, and microwave.",open the wooden cabinet top region,[HOLD],70,0
coffee_table/case282,71,coffee_table/case282,0,open the wooden cabinet top region,0,"Organize a culinary scene by relocating items, including chocolate pudding, mugs, a frypan, and a wine bottle between a wooden cabinet, coffee table, and microwave.",open the wooden cabinet top region,[HOLD],71,0
coffee_table/case282,72,coffee_table/case282,0,open the wooden cabinet top region,0,"Organize a culinary scene by relocating items, including chocolate pudding, mugs, a frypan, and a wine bottle between a wooden cabinet, coffee table, and microwave.",open the wooden cabinet top region,[HOLD],72,0
coffee_table/case282,73,coffee_table/case282,0,open the wooden cabinet top region,0,"Organize a culinary scene by relocating items, including chocolate pudding, mugs, a frypan, and a wine bottle between a wooden cabinet, coffee table, and microwave.",open the wooden cabinet top region,[HOLD],73,0
coffee_table/case282,74,coffee_table/case282,0,open the wooden cabinet top region,0,"Organize a culinary scene by relocating items, including chocolate pudding, mugs, a frypan, and a wine bottle between a wooden cabinet, coffee table, and microwave.",open the wooden cabinet top region,[HOLD],74,0
coffee_table/case282,75,coffee_table/case282,0,open the wooden cabinet top region,0,"Organize a culinary scene by relocating items, including chocolate pudding, mugs, a frypan, and a wine bottle between a wooden cabinet, coffee table, and microwave.",open the wooden cabinet top region,[HOLD],75,0
coffee_table/case282,76,coffee_table/case282,0,open the wooden cabinet top region,0,"Organize a culinary scene by relocating items, including chocolate pudding, mugs, a frypan, and a wine bottle between a wooden cabinet, coffee table, and microwave.",open the wooden cabinet top region,[HOLD],76,0
coffee_table/case282,77,coffee_table/case282,0,open the wooden cabinet top region,0,"Organize a culinary scene by relocating items, including chocolate pudding, mugs, a frypan, and a wine bottle between a wooden cabinet, coffee table, and microwave.",open the wooden cabinet top region,[HOLD],77,0
coffee_table/case282,78,coffee_table/case282,0,open the wooden cabinet top region,0,"Organize a culinary scene by relocating items, including chocolate pudding, mugs, a frypan, and a wine bottle between a wooden cabinet, coffee table, and microwave.",open the wooden cabinet top region,[HOLD],78,0
coffee_table/case282,79,coffee_table/case282,0,open the wooden cabinet top region,0,"Organize a culinary scene by relocating items, including chocolate pudding, mugs, a frypan, and a wine bottle between a wooden cabinet, coffee table, and microwave.",open the wooden cabinet top region,[HOLD],79,0
coffee_table/case282,80,coffee_table/case282,0,open the wooden cabinet top region,0,"Organize a culinary scene by relocating items, including chocolate pudding, mugs, a frypan, and a wine bottle between a wooden cabinet, coffee table, and microwave.",open the wooden cabinet top region,[HOLD],80,0
coffee_table/case282,81,coffee_table/case282,0,open the wooden cabinet top region,0,"Organize a culinary scene by relocating items, including chocolate pudding, mugs, a frypan, and a wine bottle between a wooden cabinet, coffee table, and microwave.",open the wooden cabinet top region,[HOLD],81,0
coffee_table/case282,82,coffee_table/case282,0,open the wooden cabinet top region,0,"Organize a culinary scene by relocating items, including chocolate pudding, mugs, a frypan, and a wine bottle between a wooden cabinet, coffee table, and microwave.",open the wooden cabinet top region,[HOLD],82,0
coffee_table/case282,83,coffee_table/case282,0,open the wooden cabinet top region,0,"Organize a culinary scene by relocating items, including chocolate pudding, mugs, a frypan, and a wine bottle between a wooden cabinet, coffee table, and microwave.",open the wooden cabinet top region,[HOLD],83,0
coffee_table/case282,84,coffee_table/case282,0,open the wooden cabinet top region,0,"Organize a culinary scene by relocating items, including chocolate pudding, mugs, a frypan, and a wine bottle between a wooden cabinet, coffee table, and microwave.",open the wooden cabinet top region,[HOLD],84,0
coffee_table/case282,85,coffee_table/case282,0,open the wooden cabinet top region,0,"Organize a culinary scene by relocating items, including chocolate pudding, mugs, a frypan, and a wine bottle between a wooden cabinet, coffee table, and microwave.",open the wooden cabinet top region,[HOLD],85,0
coffee_table/case282,86,coffee_table/case282,0,open the wooden cabinet top region,0,"Organize a culinary scene by relocating items, including chocolate pudding, mugs, a frypan, and a wine bottle between a wooden cabinet, coffee table, and microwave.",open the wooden cabinet top region,[HOLD],86,0
coffee_table/case282,87,coffee_table/case282,0,open the wooden cabinet top region,0,"Organize a culinary scene by relocating items, including chocolate pudding, mugs, a frypan, and a wine bottle between a wooden cabinet, coffee table, and microwave.",open the wooden cabinet top region,[HOLD],87,0
coffee_table/case282,88,coffee_table/case282,0,open the wooden cabinet top region,0,"Organize a culinary scene by relocating items, including chocolate pudding, mugs, a frypan, and a wine bottle between a wooden cabinet, coffee table, and microwave.",open the wooden cabinet top region,[HOLD],88,0
coffee_table/case282,89,coffee_table/case282,0,open the wooden cabinet top region,0,"Organize a culinary scene by relocating items, including chocolate pudding, mugs, a frypan, and a wine bottle between a wooden cabinet, coffee table, and microwave.",open the wooden cabinet top region,[HOLD],89,0
coffee_table/case282,90,coffee_table/case282,0,open the wooden cabinet top region,0,"Organize a culinary scene by relocating items, including chocolate pudding, mugs, a frypan, and a wine bottle between a wooden cabinet, coffee table, and microwave.",open the wooden cabinet top region,[HOLD],90,0
coffee_table/case282,91,coffee_table/case282,0,open the wooden cabinet top region,0,"Organize a culinary scene by relocating items, including chocolate pudding, mugs, a frypan, and a wine bottle between a wooden cabinet, coffee table, and microwave.",open the wooden cabinet top region,[HOLD],91,0
coffee_table/case282,92,coffee_table/case282,0,open the wooden cabinet top region,0,"Organize a culinary scene by relocating items, including chocolate pudding, mugs, a frypan, and a wine bottle between a wooden cabinet, coffee table, and microwave.",open the wooden cabinet top region,[HOLD],92,0
coffee_table/case282,93,coffee_table/case282,0,open the wooden cabinet top region,0,"Organize a culinary scene by relocating items, including chocolate pudding, mugs, a frypan, and a wine bottle between a wooden cabinet, coffee table, and microwave.",open the wooden cabinet top region,[HOLD],93,0
coffee_table/case282,94,coffee_table/case282,0,open the wooden cabinet top region,0,"Organize a culinary scene by relocating items, including chocolate pudding, mugs, a frypan, and a wine bottle between a wooden cabinet, coffee table, and microwave.",open the wooden cabinet top region,[HOLD],94,0
coffee_table/case282,95,coffee_table/case282,0,open the wooden cabinet top region,0,"Organize a culinary scene by relocating items, including chocolate pudding, mugs, a frypan, and a wine bottle between a wooden cabinet, coffee table, and microwave.",open the wooden cabinet top region,[HOLD],95,0
coffee_table/case282,96,coffee_table/case282,0,open the wooden cabinet top region,0,"Organize a culinary scene by relocating items, including chocolate pudding, mugs, a frypan, and a wine bottle between a wooden cabinet, coffee table, and microwave.",open the wooden cabinet top region,[HOLD],96,0
coffee_table/case282,97,coffee_table/case282,0,open the wooden cabinet top region,0,"Organize a culinary scene by relocating items, including chocolate pudding, mugs, a frypan, and a wine bottle between a wooden cabinet, coffee table, and microwave.",open the wooden cabinet top region,[HOLD],97,0
coffee_table/case282,98,coffee_table/case282,0,open the wooden cabinet top region,0,"Organize a culinary scene by relocating items, including chocolate pudding, mugs, a frypan, and a wine bottle between a wooden cabinet, coffee table, and microwave.",open the wooden cabinet top region,[HOLD],98,0
coffee_table/case282,99,coffee_table/case282,0,open the wooden cabinet top region,0,"Organize a culinary scene by relocating items, including chocolate pudding, mugs, a frypan, and a wine bottle between a wooden cabinet, coffee table, and microwave.",open the wooden cabinet top region,[HOLD],99,0
coffee_table/case282,100,coffee_table/case282,0,open the wooden cabinet top region,0,"Organize a culinary scene by relocating items, including chocolate pudding, mugs, a frypan, and a wine bottle between a wooden cabinet, coffee table, and microwave.",open the wooden cabinet top region,[HOLD],100,0
coffee_table/case282,101,coffee_table/case282,0,open the wooden cabinet top region,0,"Organize a culinary scene by relocating items, including chocolate pudding, mugs, a frypan, and a wine bottle between a wooden cabinet, coffee table, and microwave.",open the wooden cabinet top region,[HOLD],101,0
coffee_table/case282,102,coffee_table/case282,0,open the wooden cabinet top region,0,"Organize a culinary scene by relocating items, including chocolate pudding, mugs, a frypan, and a wine bottle between a wooden cabinet, coffee table, and microwave.",open the wooden cabinet top region,[HOLD],102,0
coffee_table/case282,103,coffee_table/case282,0,open the wooden cabinet top region,0,"Organize a culinary scene by relocating items, including chocolate pudding, mugs, a frypan, and a wine bottle between a wooden cabinet, coffee table, and microwave.",open the wooden cabinet top region,[HOLD],103,0
coffee_table/case282,104,coffee_table/case282,0,open the wooden cabinet top region,0,"Organize a culinary scene by relocating items, including chocolate pudding, mugs, a frypan, and a wine bottle between a wooden cabinet, coffee table, and microwave.",open the wooden cabinet top region,[HOLD],104,0
coffee_table/case282,105,coffee_table/case282,0,open the wooden cabinet top region,0,"Organize a culinary scene by relocating items, including chocolate pudding, mugs, a frypan, and a wine bottle between a wooden cabinet, coffee table, and microwave.",open the wooden cabinet top region,[HOLD],105,0
coffee_table/case282,106,coffee_table/case282,0,open the wooden cabinet top region,0,"Organize a culinary scene by relocating items, including chocolate pudding, mugs, a frypan, and a wine bottle between a wooden cabinet, coffee table, and microwave.",open the wooden cabinet top region,[HOLD],106,0
coffee_table/case282,107,coffee_table/case282,0,open the wooden cabinet top region,0,"Organize a culinary scene by relocating items, including chocolate pudding, mugs, a frypan, and a wine bottle between a wooden cabinet, coffee table, and microwave.",open the wooden cabinet top region,[HOLD],107,0
coffee_table/case282,108,coffee_table/case282,0,open the wooden cabinet top region,0,"Organize a culinary scene by relocating items, including chocolate pudding, mugs, a frypan, and a wine bottle between a wooden cabinet, coffee table, and microwave.",open the wooden cabinet top region,[HOLD],108,0
coffee_table/case282,109,coffee_table/case282,0,open the wooden cabinet top region,0,"Organize a culinary scene by relocating items, including chocolate pudding, mugs, a frypan, and a wine bottle between a wooden cabinet, coffee table, and microwave.",open the wooden cabinet top region,[HOLD],109,0
coffee_table/case282,110,coffee_table/case282,0,open the wooden cabinet top region,0,"Organize a culinary scene by relocating items, including chocolate pudding, mugs, a frypan, and a wine bottle between a wooden cabinet, coffee table, and microwave.",open the wooden cabinet top region,[HOLD],110,0
coffee_table/case282,111,coffee_table/case282,0,open the wooden cabinet top region,0,"Organize a culinary scene by relocating items, including chocolate pudding, mugs, a frypan, and a wine bottle between a wooden cabinet, coffee table, and microwave.",open the wooden cabinet top region,[HOLD],111,0
coffee_table/case282,112,coffee_table/case282,0,open the wooden cabinet top region,0,"Organize a culinary scene by relocating items, including chocolate pudding, mugs, a frypan, and a wine bottle between a wooden cabinet, coffee table, and microwave.",open the wooden cabinet top region,[HOLD],112,0
coffee_table/case282,113,coffee_table/case282,0,open the wooden cabinet top region,0,"Organize a culinary scene by relocating items, including chocolate pudding, mugs, a frypan, and a wine bottle between a wooden cabinet, coffee table, and microwave.",open the wooden cabinet top region,[HOLD],113,0
coffee_table/case282,114,coffee_table/case282,0,open the wooden cabinet top region,0,"Organize a culinary scene by relocating items, including chocolate pudding, mugs, a frypan, and a wine bottle between a wooden cabinet, coffee table, and microwave.",open the wooden cabinet top region,[HOLD],114,0
coffee_table/case282,115,coffee_table/case282,0,open the wooden cabinet top region,0,"Organize a culinary scene by relocating items, including chocolate pudding, mugs, a frypan, and a wine bottle between a wooden cabinet, coffee table, and microwave.",open the wooden cabinet top region,[HOLD],115,0
coffee_table/case282,116,coffee_table/case282,0,open the wooden cabinet top region,0,"Organize a culinary scene by relocating items, including chocolate pudding, mugs, a frypan, and a wine bottle between a wooden cabinet, coffee table, and microwave.",open the wooden cabinet top region,[HOLD],116,0
coffee_table/case282,117,coffee_table/case282,0,open the wooden cabinet top region,0,"Organize a culinary scene by relocating items, including chocolate pudding, mugs, a frypan, and a wine bottle between a wooden cabinet, coffee table, and microwave.",open the wooden cabinet top region,[HOLD],117,0
coffee_table/case282,118,coffee_table/case282,0,open the wooden cabinet top region,0,"Organize a culinary scene by relocating items, including chocolate pudding, mugs, a frypan, and a wine bottle between a wooden cabinet, coffee table, and microwave.",open the wooden cabinet top region,[HOLD],118,0
coffee_table/case282,119,coffee_table/case282,0,open the wooden cabinet top region,0,"Organize a culinary scene by relocating items, including chocolate pudding, mugs, a frypan, and a wine bottle between a wooden cabinet, coffee table, and microwave.",open the wooden cabinet top region,[HOLD],119,0
coffee_table/case282,120,coffee_table/case282,0,open the wooden cabinet top region,0,"Organize a culinary scene by relocating items, including chocolate pudding, mugs, a frypan, and a wine bottle between a wooden cabinet, coffee table, and microwave.",open the wooden cabinet top region,[HOLD],120,0
coffee_table/case282,121,coffee_table/case282,0,open the wooden cabinet top region,0,"Organize a culinary scene by relocating items, including chocolate pudding, mugs, a frypan, and a wine bottle between a wooden cabinet, coffee table, and microwave.",open the wooden cabinet top region,[HOLD],121,0
coffee_table/case282,122,coffee_table/case282,0,open the wooden cabinet top region,0,"Organize a culinary scene by relocating items, including chocolate pudding, mugs, a frypan, and a wine bottle between a wooden cabinet, coffee table, and microwave.",open the wooden cabinet top region,[HOLD],122,0
coffee_table/case282,123,coffee_table/case282,0,open the wooden cabinet top region,0,"Organize a culinary scene by relocating items, including chocolate pudding, mugs, a frypan, and a wine bottle between a wooden cabinet, coffee table, and microwave.",open the wooden cabinet top region,[HOLD],123,0
coffee_table/case282,124,coffee_table/case282,0,open the wooden cabinet top region,0,"Organize a culinary scene by relocating items, including chocolate pudding, mugs, a frypan, and a wine bottle between a wooden cabinet, coffee table, and microwave.",open the wooden cabinet top region,[HOLD],124,0
coffee_table/case282,125,coffee_table/case282,0,open the wooden cabinet top region,0,"Organize a culinary scene by relocating items, including chocolate pudding, mugs, a frypan, and a wine bottle between a wooden cabinet, coffee table, and microwave.",open the wooden cabinet top region,[HOLD],125,0
coffee_table/case282,126,coffee_table/case282,0,open the wooden cabinet top region,0,"Organize a culinary scene by relocating items, including chocolate pudding, mugs, a frypan, and a wine bottle between a wooden cabinet, coffee table, and microwave.",open the wooden cabinet top region,[HOLD],126,0
coffee_table/case282,127,coffee_table/case282,0,open the wooden cabinet top region,0,"Organize a culinary scene by relocating items, including chocolate pudding, mugs, a frypan, and a wine bottle between a wooden cabinet, coffee table, and microwave.",open the wooden cabinet top region,[HOLD],127,0
coffee_table/case282,128,coffee_table/case282,0,open the wooden cabinet top region,0,"Organize a culinary scene by relocating items, including chocolate pudding, mugs, a frypan, and a wine bottle between a wooden cabinet, coffee table, and microwave.",open the wooden cabinet top region,[HOLD],128,0
coffee_table/case282,129,coffee_table/case282,0,open the wooden cabinet top region,0,"Organize a culinary scene by relocating items, including chocolate pudding, mugs, a frypan, and a wine bottle between a wooden cabinet, coffee table, and microwave.",open the wooden cabinet top region,[HOLD],129,0
coffee_table/case282,130,coffee_table/case282,0,open the wooden cabinet top region,0,"Organize a culinary scene by relocating items, including chocolate pudding, mugs, a frypan, and a wine bottle between a wooden cabinet, coffee table, and microwave.",open the wooden cabinet top region,[HOLD],130,0
coffee_table/case282,131,coffee_table/case282,0,open the wooden cabinet top region,0,"Organize a culinary scene by relocating items, including chocolate pudding, mugs, a frypan, and a wine bottle between a wooden cabinet, coffee table, and microwave.",open the wooden cabinet top region,[HOLD],131,0
coffee_table/case282,132,coffee_table/case282,0,open the wooden cabinet top region,0,"Organize a culinary scene by relocating items, including chocolate pudding, mugs, a frypan, and a wine bottle between a wooden cabinet, coffee table, and microwave.",open the wooden cabinet top region,[HOLD],132,0
coffee_table/case282,133,coffee_table/case282,0,open the wooden cabinet top region,0,"Organize a culinary scene by relocating items, including chocolate pudding, mugs, a frypan, and a wine bottle between a wooden cabinet, coffee table, and microwave.",open the wooden cabinet top region,[HOLD],133,0
coffee_table/case282,134,coffee_table/case282,0,open the wooden cabinet top region,0,"Organize a culinary scene by relocating items, including chocolate pudding, mugs, a frypan, and a wine bottle between a wooden cabinet, coffee table, and microwave.",open the wooden cabinet top region,[HOLD],134,0
coffee_table/case282,135,coffee_table/case282,0,open the wooden cabinet top region,0,"Organize a culinary scene by relocating items, including chocolate pudding, mugs, a frypan, and a wine bottle between a wooden cabinet, coffee table, and microwave.",open the wooden cabinet top region,[HOLD],135,0
coffee_table/case282,136,coffee_table/case282,0,open the wooden cabinet top region,0,"Organize a culinary scene by relocating items, including chocolate pudding, mugs, a frypan, and a wine bottle between a wooden cabinet, coffee table, and microwave.",open the wooden cabinet top region,[HOLD],136,0
coffee_table/case282,137,coffee_table/case282,0,open the wooden cabinet top region,0,"Organize a culinary scene by relocating items, including chocolate pudding, mugs, a frypan, and a wine bottle between a wooden cabinet, coffee table, and microwave.",open the wooden cabinet top region,[HOLD],137,0
coffee_table/case282,138,coffee_table/case282,0,open the wooden cabinet top region,0,"Organize a culinary scene by relocating items, including chocolate pudding, mugs, a frypan, and a wine bottle between a wooden cabinet, coffee table, and microwave.",open the wooden cabinet top region,[HOLD],138,0
coffee_table/case282,139,coffee_table/case282,0,open the wooden cabinet top region,0,"Organize a culinary scene by relocating items, including chocolate pudding, mugs, a frypan, and a wine bottle between a wooden cabinet, coffee table, and microwave.",open the wooden cabinet top region,[HOLD],139,0
coffee_table/case282,140,coffee_table/case282,0,open the wooden cabinet top region,0,"Organize a culinary scene by relocating items, including chocolate pudding, mugs, a frypan, and a wine bottle between a wooden cabinet, coffee table, and microwave.",open the wooden cabinet top region,[HOLD],140,0
coffee_table/case282,141,coffee_table/case282,0,open the wooden cabinet top region,0,"Organize a culinary scene by relocating items, including chocolate pudding, mugs, a frypan, and a wine bottle between a wooden cabinet, coffee table, and microwave.",open the wooden cabinet top region,[HOLD],141,0
coffee_table/case282,142,coffee_table/case282,0,open the wooden cabinet top region,0,"Organize a culinary scene by relocating items, including chocolate pudding, mugs, a frypan, and a wine bottle between a wooden cabinet, coffee table, and microwave.",open the wooden cabinet top region,[HOLD],142,0
coffee_table/case282,143,coffee_table/case282,0,open the wooden cabinet top region,0,"Organize a culinary scene by relocating items, including chocolate pudding, mugs, a frypan, and a wine bottle between a wooden cabinet, coffee table, and microwave.",open the wooden cabinet top region,[HOLD],143,0
coffee_table/case282,144,coffee_table/case282,0,open the wooden cabinet top region,0,"Organize a culinary scene by relocating items, including chocolate pudding, mugs, a frypan, and a wine bottle between a wooden cabinet, coffee table, and microwave.",open the wooden cabinet top region,[HOLD],144,0
coffee_table/case282,145,coffee_table/case282,0,open the wooden cabinet top region,0,"Organize a culinary scene by relocating items, including chocolate pudding, mugs, a frypan, and a wine bottle between a wooden cabinet, coffee table, and microwave.",open the wooden cabinet top region,[HOLD],145,0
coffee_table/case282,146,coffee_table/case282,0,open the wooden cabinet top region,0,"Organize a culinary scene by relocating items, including chocolate pudding, mugs, a frypan, and a wine bottle between a wooden cabinet, coffee table, and microwave.",open the wooden cabinet top region,[HOLD],146,0
coffee_table/case282,147,coffee_table/case282,0,open the wooden cabinet top region,0,"Organize a culinary scene by relocating items, including chocolate pudding, mugs, a frypan, and a wine bottle between a wooden cabinet, coffee table, and microwave.",open the wooden cabinet top region,[HOLD],147,0
coffee_table/case282,148,coffee_table/case282,0,open the wooden cabinet top region,0,"Organize a culinary scene by relocating items, including chocolate pudding, mugs, a frypan, and a wine bottle between a wooden cabinet, coffee table, and microwave.",open the wooden cabinet top region,[HOLD],148,0
coffee_table/case282,149,coffee_table/case282,0,open the wooden cabinet top region,0,"Organize a culinary scene by relocating items, including chocolate pudding, mugs, a frypan, and a wine bottle between a wooden cabinet, coffee table, and microwave.",open the wooden cabinet top region,[HOLD],149,0
coffee_table/case282,150,coffee_table/case282,0,open the wooden cabinet top region,0,"Organize a culinary scene by relocating items, including chocolate pudding, mugs, a frypan, and a wine bottle between a wooden cabinet, coffee table, and microwave.",open the wooden cabinet top region,[HOLD],150,0
coffee_table/case282,151,coffee_table/case282,0,open the wooden cabinet top region,0,"Organize a culinary scene by relocating items, including chocolate pudding, mugs, a frypan, and a wine bottle between a wooden cabinet, coffee table, and microwave.",open the wooden cabinet top region,[HOLD],151,0
coffee_table/case282,152,coffee_table/case282,0,open the wooden cabinet top region,0,"Organize a culinary scene by relocating items, including chocolate pudding, mugs, a frypan, and a wine bottle between a wooden cabinet, coffee table, and microwave.",open the wooden cabinet top region,[HOLD],152,0
coffee_table/case282,153,coffee_table/case282,0,open the wooden cabinet top region,0,"Organize a culinary scene by relocating items, including chocolate pudding, mugs, a frypan, and a wine bottle between a wooden cabinet, coffee table, and microwave.",open the wooden cabinet top region,[HOLD],153,0
coffee_table/case282,154,coffee_table/case282,0,open the wooden cabinet top region,0,"Organize a culinary scene by relocating items, including chocolate pudding, mugs, a frypan, and a wine bottle between a wooden cabinet, coffee table, and microwave.",open the wooden cabinet top region,[HOLD],154,0
coffee_table/case282,155,coffee_table/case282,0,open the wooden cabinet top region,0,"Organize a culinary scene by relocating items, including chocolate pudding, mugs, a frypan, and a wine bottle between a wooden cabinet, coffee table, and microwave.",open the wooden cabinet top region,[HOLD],155,0
coffee_table/case282,156,coffee_table/case282,0,open the wooden cabinet top region,0,"Organize a culinary scene by relocating items, including chocolate pudding, mugs, a frypan, and a wine bottle between a wooden cabinet, coffee table, and microwave.",open the wooden cabinet top region,[HOLD],156,0
coffee_table/case282,157,coffee_table/case282,0,open the wooden cabinet top region,0,"Organize a culinary scene by relocating items, including chocolate pudding, mugs, a frypan, and a wine bottle between a wooden cabinet, coffee table, and microwave.",open the wooden cabinet top region,[HOLD],157,0
coffee_table/case282,158,coffee_table/case282,0,open the wooden cabinet top region,0,"Organize a culinary scene by relocating items, including chocolate pudding, mugs, a frypan, and a wine bottle between a wooden cabinet, coffee table, and microwave.",open the wooden cabinet top region,[HOLD],158,0
coffee_table/case282,159,coffee_table/case282,0,open the wooden cabinet top region,0,"Organize a culinary scene by relocating items, including chocolate pudding, mugs, a frypan, and a wine bottle between a wooden cabinet, coffee table, and microwave.",open the wooden cabinet top region,[HOLD],159,0
coffee_table/case282,160,coffee_table/case282,0,open the wooden cabinet top region,0,"Organize a culinary scene by relocating items, including chocolate pudding, mugs, a frypan, and a wine bottle between a wooden cabinet, coffee table, and microwave.",open the wooden cabinet top region,[HOLD],160,0
coffee_table/case282,161,coffee_table/case282,0,open the wooden cabinet top region,0,"Organize a culinary scene by relocating items, including chocolate pudding, mugs, a frypan, and a wine bottle between a wooden cabinet, coffee table, and microwave.",open the wooden cabinet top region,[HOLD],161,0
coffee_table/case282,162,coffee_table/case282,0,open the wooden cabinet top region,0,"Organize a culinary scene by relocating items, including chocolate pudding, mugs, a frypan, and a wine bottle between a wooden cabinet, coffee table, and microwave.",open the wooden cabinet top region,[HOLD],162,0
coffee_table/case282,163,coffee_table/case282,0,open the wooden cabinet top region,0,"Organize a culinary scene by relocating items, including chocolate pudding, mugs, a frypan, and a wine bottle between a wooden cabinet, coffee table, and microwave.",open the wooden cabinet top region,[HOLD],163,0
coffee_table/case282,164,coffee_table/case282,0,open the wooden cabinet top region,0,"Organize a culinary scene by relocating items, including chocolate pudding, mugs, a frypan, and a wine bottle between a wooden cabinet, coffee table, and microwave.",open the wooden cabinet top region,[HOLD],164,0
coffee_table/case282,165,coffee_table/case282,0,open the wooden cabinet top region,0,"Organize a culinary scene by relocating items, including chocolate pudding, mugs, a frypan, and a wine bottle between a wooden cabinet, coffee table, and microwave.",open the wooden cabinet top region,[HOLD],165,0
coffee_table/case282,166,coffee_table/case282,0,open the wooden cabinet top region,0,"Organize a culinary scene by relocating items, including chocolate pudding, mugs, a frypan, and a wine bottle between a wooden cabinet, coffee table, and microwave.",open the wooden cabinet top region,[HOLD],166,0
coffee_table/case282,167,coffee_table/case282,0,open the wooden cabinet top region,0,"Organize a culinary scene by relocating items, including chocolate pudding, mugs, a frypan, and a wine bottle between a wooden cabinet, coffee table, and microwave.",open the wooden cabinet top region,[HOLD],167,0
coffee_table/case282,168,coffee_table/case282,0,open the wooden cabinet top region,0,"Organize a culinary scene by relocating items, including chocolate pudding, mugs, a frypan, and a wine bottle between a wooden cabinet, coffee table, and microwave.",open the wooden cabinet top region,[HOLD],168,0
coffee_table/case282,169,coffee_table/case282,0,open the wooden cabinet top region,0,"Organize a culinary scene by relocating items, including chocolate pudding, mugs, a frypan, and a wine bottle between a wooden cabinet, coffee table, and microwave.",open the wooden cabinet top region,[HOLD],169,0
coffee_table/case282,170,coffee_table/case282,0,open the wooden cabinet top region,0,"Organize a culinary scene by relocating items, including chocolate pudding, mugs, a frypan, and a wine bottle between a wooden cabinet, coffee table, and microwave.",open the wooden cabinet top region,[HOLD],170,0
coffee_table/case282,171,coffee_table/case282,0,open the wooden cabinet top region,0,"Organize a culinary scene by relocating items, including chocolate pudding, mugs, a frypan, and a wine bottle between a wooden cabinet, coffee table, and microwave.",open the wooden cabinet top region,[HOLD],171,0
coffee_table/case282,172,coffee_table/case282,0,open the wooden cabinet top region,0,"Organize a culinary scene by relocating items, including chocolate pudding, mugs, a frypan, and a wine bottle between a wooden cabinet, coffee table, and microwave.",open the wooden cabinet top region,[HOLD],172,0
coffee_table/case282,173,coffee_table/case282,0,open the wooden cabinet top region,0,"Organize a culinary scene by relocating items, including chocolate pudding, mugs, a frypan, and a wine bottle between a wooden cabinet, coffee table, and microwave.",open the wooden cabinet top region,[HOLD],173,0
coffee_table/case282,174,coffee_table/case282,0,open the wooden cabinet top region,0,"Organize a culinary scene by relocating items, including chocolate pudding, mugs, a frypan, and a wine bottle between a wooden cabinet, coffee table, and microwave.",open the wooden cabinet top region,[HOLD],174,0
coffee_table/case282,175,coffee_table/case282,0,open the wooden cabinet top region,0,"Organize a culinary scene by relocating items, including chocolate pudding, mugs, a frypan, and a wine bottle between a wooden cabinet, coffee table, and microwave.",open the wooden cabinet top region,[HOLD],175,0
coffee_table/case282,176,coffee_table/case282,0,open the wooden cabinet top region,0,"Organize a culinary scene by relocating items, including chocolate pudding, mugs, a frypan, and a wine bottle between a wooden cabinet, coffee table, and microwave.",open the wooden cabinet top region,[HOLD],176,0
coffee_table/case282,177,coffee_table/case282,0,open the wooden cabinet top region,0,"Organize a culinary scene by relocating items, including chocolate pudding, mugs, a frypan, and a wine bottle between a wooden cabinet, coffee table, and microwave.",open the wooden cabinet top region,[HOLD],177,0
coffee_table/case282,178,coffee_table/case282,0,open the wooden cabinet top region,0,"Organize a culinary scene by relocating items, including chocolate pudding, mugs, a frypan, and a wine bottle between a wooden cabinet, coffee table, and microwave.",open the wooden cabinet top region,[HOLD],178,0
coffee_table/case282,179,coffee_table/case282,0,open the wooden cabinet top region,0,"Organize a culinary scene by relocating items, including chocolate pudding, mugs, a frypan, and a wine bottle between a wooden cabinet, coffee table, and microwave.",open the wooden cabinet top region,[HOLD],179,0
coffee_table/case282,180,coffee_table/case282,0,open the wooden cabinet top region,0,"Organize a culinary scene by relocating items, including chocolate pudding, mugs, a frypan, and a wine bottle between a wooden cabinet, coffee table, and microwave.",open the wooden cabinet top region,[HOLD],180,0
coffee_table/case282,181,coffee_table/case282,0,open the wooden cabinet top region,0,"Organize a culinary scene by relocating items, including chocolate pudding, mugs, a frypan, and a wine bottle between a wooden cabinet, coffee table, and microwave.",open the wooden cabinet top region,[HOLD],181,0
coffee_table/case282,182,coffee_table/case282,0,open the wooden cabinet top region,0,"Organize a culinary scene by relocating items, including chocolate pudding, mugs, a frypan, and a wine bottle between a wooden cabinet, coffee table, and microwave.",open the wooden cabinet top region,[HOLD],182,0
coffee_table/case282,183,coffee_table/case282,0,open the wooden cabinet top region,0,"Organize a culinary scene by relocating items, including chocolate pudding, mugs, a frypan, and a wine bottle between a wooden cabinet, coffee table, and microwave.",open the wooden cabinet top region,[HOLD],183,0
coffee_table/case282,184,coffee_table/case282,0,open the wooden cabinet top region,0,"Organize a culinary scene by relocating items, including chocolate pudding, mugs, a frypan, and a wine bottle between a wooden cabinet, coffee table, and microwave.",open the wooden cabinet top region,[HOLD],184,0
coffee_table/case282,185,coffee_table/case282,0,open the wooden cabinet top region,0,"Organize a culinary scene by relocating items, including chocolate pudding, mugs, a frypan, and a wine bottle between a wooden cabinet, coffee table, and microwave.",open the wooden cabinet top region,[HOLD],185,0
coffee_table/case282,186,coffee_table/case282,0,open the wooden cabinet top region,0,"Organize a culinary scene by relocating items, including chocolate pudding, mugs, a frypan, and a wine bottle between a wooden cabinet, coffee table, and microwave.",open the wooden cabinet top region,[HOLD],186,0
coffee_table/case282,187,coffee_table/case282,0,open the wooden cabinet top region,0,"Organize a culinary scene by relocating items, including chocolate pudding, mugs, a frypan, and a wine bottle between a wooden cabinet, coffee table, and microwave.",open the wooden cabinet top region,[HOLD],187,0
coffee_table/case282,188,coffee_table/case282,0,open the wooden cabinet top region,0,"Organize a culinary scene by relocating items, including chocolate pudding, mugs, a frypan, and a wine bottle between a wooden cabinet, coffee table, and microwave.",open the wooden cabinet top region,[HOLD],188,0
coffee_table/case282,189,coffee_table/case282,0,open the wooden cabinet top region,0,"Organize a culinary scene by relocating items, including chocolate pudding, mugs, a frypan, and a wine bottle between a wooden cabinet, coffee table, and microwave.",open the wooden cabinet top region,[HOLD],189,0
coffee_table/case282,190,coffee_table/case282,0,open the wooden cabinet top region,0,"Organize a culinary scene by relocating items, including chocolate pudding, mugs, a frypan, and a wine bottle between a wooden cabinet, coffee table, and microwave.",open the wooden cabinet top region,[HOLD],190,0
coffee_table/case282,191,coffee_table/case282,0,open the wooden cabinet top region,0,"Organize a culinary scene by relocating items, including chocolate pudding, mugs, a frypan, and a wine bottle between a wooden cabinet, coffee table, and microwave.",open the wooden cabinet top region,[HOLD],191,0
coffee_table/case282,192,coffee_table/case282,0,open the wooden cabinet top region,0,"Organize a culinary scene by relocating items, including chocolate pudding, mugs, a frypan, and a wine bottle between a wooden cabinet, coffee table, and microwave.",open the wooden cabinet top region,[HOLD],192,0
coffee_table/case282,193,coffee_table/case282,0,open the wooden cabinet top region,0,"Organize a culinary scene by relocating items, including chocolate pudding, mugs, a frypan, and a wine bottle between a wooden cabinet, coffee table, and microwave.",open the wooden cabinet top region,[HOLD],193,0
coffee_table/case282,194,coffee_table/case282,0,open the wooden cabinet top region,0,"Organize a culinary scene by relocating items, including chocolate pudding, mugs, a frypan, and a wine bottle between a wooden cabinet, coffee table, and microwave.",open the wooden cabinet top region,[HOLD],194,0
coffee_table/case282,195,coffee_table/case282,0,open the wooden cabinet top region,0,"Organize a culinary scene by relocating items, including chocolate pudding, mugs, a frypan, and a wine bottle between a wooden cabinet, coffee table, and microwave.",open the wooden cabinet top region,[HOLD],195,0
coffee_table/case282,196,coffee_table/case282,0,open the wooden cabinet top region,0,"Organize a culinary scene by relocating items, including chocolate pudding, mugs, a frypan, and a wine bottle between a wooden cabinet, coffee table, and microwave.",open the wooden cabinet top region,[HOLD],196,0
coffee_table/case282,197,coffee_table/case282,0,open the wooden cabinet top region,0,"Organize a culinary scene by relocating items, including chocolate pudding, mugs, a frypan, and a wine bottle between a wooden cabinet, coffee table, and microwave.",open the wooden cabinet top region,[HOLD],197,0
coffee_table/case282,198,coffee_table/case282,0,open the wooden cabinet top region,0,"Organize a culinary scene by relocating items, including chocolate pudding, mugs, a frypan, and a wine bottle between a wooden cabinet, coffee table, and microwave.",open the wooden cabinet top region,[HOLD],198,0
coffee_table/case282,199,coffee_table/case282,0,open the wooden cabinet top region,0,"Organize a culinary scene by relocating items, including chocolate pudding, mugs, a frypan, and a wine bottle between a wooden cabinet, coffee table, and microwave.",open the wooden cabinet top region,[HOLD],199,0
coffee_table/case282,200,coffee_table/case282,0,open the wooden cabinet top region,0,"Organize a culinary scene by relocating items, including chocolate pudding, mugs, a frypan, and a wine bottle between a wooden cabinet, coffee table, and microwave.",open the wooden cabinet top region,[HOLD],200,0
coffee_table/case282,201,coffee_table/case282,0,open the wooden cabinet top region,0,"Organize a culinary scene by relocating items, including chocolate pudding, mugs, a frypan, and a wine bottle between a wooden cabinet, coffee table, and microwave.",open the wooden cabinet top region,[HOLD],201,0
coffee_table/case282,202,coffee_table/case282,0,open the wooden cabinet top region,0,"Organize a culinary scene by relocating items, including chocolate pudding, mugs, a frypan, and a wine bottle between a wooden cabinet, coffee table, and microwave.",open the wooden cabinet top region,[HOLD],202,0
coffee_table/case282,203,coffee_table/case282,0,open the wooden cabinet top region,0,"Organize a culinary scene by relocating items, including chocolate pudding, mugs, a frypan, and a wine bottle between a wooden cabinet, coffee table, and microwave.",open the wooden cabinet top region,[HOLD],203,0
coffee_table/case282,204,coffee_table/case282,0,open the wooden cabinet top region,0,"Organize a culinary scene by relocating items, including chocolate pudding, mugs, a frypan, and a wine bottle between a wooden cabinet, coffee table, and microwave.",open the wooden cabinet top region,[HOLD],204,0
coffee_table/case282,205,coffee_table/case282,0,open the wooden cabinet top region,0,"Organize a culinary scene by relocating items, including chocolate pudding, mugs, a frypan, and a wine bottle between a wooden cabinet, coffee table, and microwave.",open the wooden cabinet top region,[HOLD],205,0
coffee_table/case282,206,coffee_table/case282,0,open the wooden cabinet top region,0,"Organize a culinary scene by relocating items, including chocolate pudding, mugs, a frypan, and a wine bottle between a wooden cabinet, coffee table, and microwave.",open the wooden cabinet top region,[HOLD],206,0
coffee_table/case282,207,coffee_table/case282,0,open the wooden cabinet top region,0,"Organize a culinary scene by relocating items, including chocolate pudding, mugs, a frypan, and a wine bottle between a wooden cabinet, coffee table, and microwave.",open the wooden cabinet top region,[HOLD],207,0
coffee_table/case282,208,coffee_table/case282,0,open the wooden cabinet top region,0,"Organize a culinary scene by relocating items, including chocolate pudding, mugs, a frypan, and a wine bottle between a wooden cabinet, coffee table, and microwave.",open the wooden cabinet top region,[HOLD],208,0
coffee_table/case282,209,coffee_table/case282,0,open the wooden cabinet top region,0,"Organize a culinary scene by relocating items, including chocolate pudding, mugs, a frypan, and a wine bottle between a wooden cabinet, coffee table, and microwave.",open the wooden cabinet top region,[HOLD],209,0
coffee_table/case282,210,coffee_table/case282,0,open the wooden cabinet top region,0,"Organize a culinary scene by relocating items, including chocolate pudding, mugs, a frypan, and a wine bottle between a wooden cabinet, coffee table, and microwave.",open the wooden cabinet top region,[HOLD],210,0
coffee_table/case282,211,coffee_table/case282,0,open the wooden cabinet top region,0,"Organize a culinary scene by relocating items, including chocolate pudding, mugs, a frypan, and a wine bottle between a wooden cabinet, coffee table, and microwave.",open the wooden cabinet top region,[HOLD],211,0
coffee_table/case282,212,coffee_table/case282,0,open the wooden cabinet top region,0,"Organize a culinary scene by relocating items, including chocolate pudding, mugs, a frypan, and a wine bottle between a wooden cabinet, coffee table, and microwave.",open the wooden cabinet top region,[HOLD],212,0
coffee_table/case282,213,coffee_table/case282,0,open the wooden cabinet top region,0,"Organize a culinary scene by relocating items, including chocolate pudding, mugs, a frypan, and a wine bottle between a wooden cabinet, coffee table, and microwave.",open the wooden cabinet top region,[HOLD],213,0
coffee_table/case282,214,coffee_table/case282,0,open the wooden cabinet top region,0,"Organize a culinary scene by relocating items, including chocolate pudding, mugs, a frypan, and a wine bottle between a wooden cabinet, coffee table, and microwave.",open the wooden cabinet top region,[HOLD],214,0
coffee_table/case282,215,coffee_table/case282,0,open the wooden cabinet top region,0,"Organize a culinary scene by relocating items, including chocolate pudding, mugs, a frypan, and a wine bottle between a wooden cabinet, coffee table, and microwave.",open the wooden cabinet top region,[HOLD],215,0
coffee_table/case282,216,coffee_table/case282,0,open the wooden cabinet top region,0,"Organize a culinary scene by relocating items, including chocolate pudding, mugs, a frypan, and a wine bottle between a wooden cabinet, coffee table, and microwave.",open the wooden cabinet top region,[HOLD],216,0
coffee_table/case282,217,coffee_table/case282,0,open the wooden cabinet top region,0,"Organize a culinary scene by relocating items, including chocolate pudding, mugs, a frypan, and a wine bottle between a wooden cabinet, coffee table, and microwave.",open the wooden cabinet top region,[HOLD],217,0
coffee_table/case282,218,coffee_table/case282,0,open the wooden cabinet top region,0,"Organize a culinary scene by relocating items, including chocolate pudding, mugs, a frypan, and a wine bottle between a wooden cabinet, coffee table, and microwave.",open the wooden cabinet top region,[HOLD],218,0
coffee_table/case282,219,coffee_table/case282,0,open the wooden cabinet top region,0,"Organize a culinary scene by relocating items, including chocolate pudding, mugs, a frypan, and a wine bottle between a wooden cabinet, coffee table, and microwave.",open the wooden cabinet top region,[HOLD],219,0
coffee_table/case282,220,coffee_table/case282,0,open the wooden cabinet top region,0,"Organize a culinary scene by relocating items, including chocolate pudding, mugs, a frypan, and a wine bottle between a wooden cabinet, coffee table, and microwave.",open the wooden cabinet top region,[HOLD],220,0
coffee_table/case282,221,coffee_table/case282,0,open the wooden cabinet top region,0,"Organize a culinary scene by relocating items, including chocolate pudding, mugs, a frypan, and a wine bottle between a wooden cabinet, coffee table, and microwave.",open the wooden cabinet top region,[HOLD],221,0
coffee_table/case282,222,coffee_table/case282,0,open the wooden cabinet top region,0,"Organize a culinary scene by relocating items, including chocolate pudding, mugs, a frypan, and a wine bottle between a wooden cabinet, coffee table, and microwave.",open the wooden cabinet top region,[HOLD],222,0
coffee_table/case282,223,coffee_table/case282,0,open the wooden cabinet top region,0,"Organize a culinary scene by relocating items, including chocolate pudding, mugs, a frypan, and a wine bottle between a wooden cabinet, coffee table, and microwave.",open the wooden cabinet top region,[HOLD],223,0
coffee_table/case282,224,coffee_table/case282,0,open the wooden cabinet top region,0,"Organize a culinary scene by relocating items, including chocolate pudding, mugs, a frypan, and a wine bottle between a wooden cabinet, coffee table, and microwave.",open the wooden cabinet top region,[HOLD],224,0
coffee_table/case282,225,coffee_table/case282,0,open the wooden cabinet top region,0,"Organize a culinary scene by relocating items, including chocolate pudding, mugs, a frypan, and a wine bottle between a wooden cabinet, coffee table, and microwave.",open the wooden cabinet top region,[HOLD],225,0
coffee_table/case282,226,coffee_table/case282,0,open the wooden cabinet top region,0,"Organize a culinary scene by relocating items, including chocolate pudding, mugs, a frypan, and a wine bottle between a wooden cabinet, coffee table, and microwave.",open the wooden cabinet top region,[HOLD],226,0
coffee_table/case282,227,coffee_table/case282,0,open the wooden cabinet top region,0,"Organize a culinary scene by relocating items, including chocolate pudding, mugs, a frypan, and a wine bottle between a wooden cabinet, coffee table, and microwave.",open the wooden cabinet top region,[HOLD],227,0
coffee_table/case282,228,coffee_table/case282,0,open the wooden cabinet top region,0,"Organize a culinary scene by relocating items, including chocolate pudding, mugs, a frypan, and a wine bottle between a wooden cabinet, coffee table, and microwave.",open the wooden cabinet top region,[HOLD],228,0
coffee_table/case282,229,coffee_table/case282,0,open the wooden cabinet top region,0,"Organize a culinary scene by relocating items, including chocolate pudding, mugs, a frypan, and a wine bottle between a wooden cabinet, coffee table, and microwave.",open the wooden cabinet top region,[HOLD],229,0
coffee_table/case282,230,coffee_table/case282,0,open the wooden cabinet top region,0,"Organize a culinary scene by relocating items, including chocolate pudding, mugs, a frypan, and a wine bottle between a wooden cabinet, coffee table, and microwave.",open the wooden cabinet top region,[HOLD],230,0
coffee_table/case282,231,coffee_table/case282,0,open the wooden cabinet top region,0,"Organize a culinary scene by relocating items, including chocolate pudding, mugs, a frypan, and a wine bottle between a wooden cabinet, coffee table, and microwave.",open the wooden cabinet top region,[HOLD],231,0
coffee_table/case282,232,coffee_table/case282,0,open the wooden cabinet top region,0,"Organize a culinary scene by relocating items, including chocolate pudding, mugs, a frypan, and a wine bottle between a wooden cabinet, coffee table, and microwave.",open the wooden cabinet top region,[HOLD],232,0
coffee_table/case282,233,coffee_table/case282,0,open the wooden cabinet top region,0,"Organize a culinary scene by relocating items, including chocolate pudding, mugs, a frypan, and a wine bottle between a wooden cabinet, coffee table, and microwave.",open the wooden cabinet top region,[HOLD],233,0
coffee_table/case282,234,coffee_table/case282,0,open the wooden cabinet top region,0,"Organize a culinary scene by relocating items, including chocolate pudding, mugs, a frypan, and a wine bottle between a wooden cabinet, coffee table, and microwave.",open the wooden cabinet top region,[HOLD],234,0
coffee_table/case282,235,coffee_table/case282,0,open the wooden cabinet top region,0,"Organize a culinary scene by relocating items, including chocolate pudding, mugs, a frypan, and a wine bottle between a wooden cabinet, coffee table, and microwave.",open the wooden cabinet top region,[HOLD],235,0
coffee_table/case282,236,coffee_table/case282,0,open the wooden cabinet top region,0,"Organize a culinary scene by relocating items, including chocolate pudding, mugs, a frypan, and a wine bottle between a wooden cabinet, coffee table, and microwave.",open the wooden cabinet top region,[HOLD],236,0
coffee_table/case282,237,coffee_table/case282,0,open the wooden cabinet top region,0,"Organize a culinary scene by relocating items, including chocolate pudding, mugs, a frypan, and a wine bottle between a wooden cabinet, coffee table, and microwave.",open the wooden cabinet top region,[HOLD],237,0
coffee_table/case282,238,coffee_table/case282,0,open the wooden cabinet top region,0,"Organize a culinary scene by relocating items, including chocolate pudding, mugs, a frypan, and a wine bottle between a wooden cabinet, coffee table, and microwave.",open the wooden cabinet top region,[HOLD],238,0
coffee_table/case282,239,coffee_table/case282,0,open the wooden cabinet top region,0,"Organize a culinary scene by relocating items, including chocolate pudding, mugs, a frypan, and a wine bottle between a wooden cabinet, coffee table, and microwave.",open the wooden cabinet top region,[HOLD],239,0
coffee_table/case282,240,coffee_table/case282,0,open the wooden cabinet top region,0,"Organize a culinary scene by relocating items, including chocolate pudding, mugs, a frypan, and a wine bottle between a wooden cabinet, coffee table, and microwave.",open the wooden cabinet top region,[HOLD],240,0
coffee_table/case282,241,coffee_table/case282,0,open the wooden cabinet top region,0,"Organize a culinary scene by relocating items, including chocolate pudding, mugs, a frypan, and a wine bottle between a wooden cabinet, coffee table, and microwave.",open the wooden cabinet top region,[HOLD],241,0
coffee_table/case282,242,coffee_table/case282,0,open the wooden cabinet top region,0,"Organize a culinary scene by relocating items, including chocolate pudding, mugs, a frypan, and a wine bottle between a wooden cabinet, coffee table, and microwave.",open the wooden cabinet top region,[HOLD],242,0
coffee_table/case282,243,coffee_table/case282,0,open the wooden cabinet top region,0,"Organize a culinary scene by relocating items, including chocolate pudding, mugs, a frypan, and a wine bottle between a wooden cabinet, coffee table, and microwave.",open the wooden cabinet top region,[HOLD],243,0
coffee_table/case282,244,coffee_table/case282,0,open the wooden cabinet top region,0,"Organize a culinary scene by relocating items, including chocolate pudding, mugs, a frypan, and a wine bottle between a wooden cabinet, coffee table, and microwave.",open the wooden cabinet top region,[HOLD],244,0
coffee_table/case282,245,coffee_table/case282,0,open the wooden cabinet top region,0,"Organize a culinary scene by relocating items, including chocolate pudding, mugs, a frypan, and a wine bottle between a wooden cabinet, coffee table, and microwave.",open the wooden cabinet top region,[HOLD],245,0
coffee_table/case282,246,coffee_table/case282,0,open the wooden cabinet top region,0,"Organize a culinary scene by relocating items, including chocolate pudding, mugs, a frypan, and a wine bottle between a wooden cabinet, coffee table, and microwave.",open the wooden cabinet top region,[HOLD],246,0
coffee_table/case282,247,coffee_table/case282,0,open the wooden cabinet top region,0,"Organize a culinary scene by relocating items, including chocolate pudding, mugs, a frypan, and a wine bottle between a wooden cabinet, coffee table, and microwave.",open the wooden cabinet top region,[HOLD],247,0
coffee_table/case282,248,coffee_table/case282,0,open the wooden cabinet top region,0,"Organize a culinary scene by relocating items, including chocolate pudding, mugs, a frypan, and a wine bottle between a wooden cabinet, coffee table, and microwave.",open the wooden cabinet top region,[HOLD],248,0
coffee_table/case282,249,coffee_table/case282,0,open the wooden cabinet top region,0,"Organize a culinary scene by relocating items, including chocolate pudding, mugs, a frypan, and a wine bottle between a wooden cabinet, coffee table, and microwave.",open the wooden cabinet top region,[HOLD],249,0
coffee_table/case282,250,coffee_table/case282,0,open the wooden cabinet top region,0,"Organize a culinary scene by relocating items, including chocolate pudding, mugs, a frypan, and a wine bottle between a wooden cabinet, coffee table, and microwave.",open the wooden cabinet top region,[HOLD],250,0
coffee_table/case282,251,coffee_table/case282,0,open the wooden cabinet top region,0,"Organize a culinary scene by relocating items, including chocolate pudding, mugs, a frypan, and a wine bottle between a wooden cabinet, coffee table, and microwave.",open the wooden cabinet top region,[HOLD],251,0
coffee_table/case282,252,coffee_table/case282,0,open the wooden cabinet top region,0,"Organize a culinary scene by relocating items, including chocolate pudding, mugs, a frypan, and a wine bottle between a wooden cabinet, coffee table, and microwave.",open the wooden cabinet top region,[HOLD],252,0
coffee_table/case282,253,coffee_table/case282,0,open the wooden cabinet top region,0,"Organize a culinary scene by relocating items, including chocolate pudding, mugs, a frypan, and a wine bottle between a wooden cabinet, coffee table, and microwave.",open the wooden cabinet top region,[HOLD],253,0
coffee_table/case282,254,coffee_table/case282,0,open the wooden cabinet top region,0,"Organize a culinary scene by relocating items, including chocolate pudding, mugs, a frypan, and a wine bottle between a wooden cabinet, coffee table, and microwave.",open the wooden cabinet top region,[HOLD],254,0
coffee_table/case282,255,coffee_table/case282,0,open the wooden cabinet top region,0,"Organize a culinary scene by relocating items, including chocolate pudding, mugs, a frypan, and a wine bottle between a wooden cabinet, coffee table, and microwave.",open the wooden cabinet top region,[HOLD],255,0
coffee_table/case282,256,coffee_table/case282,0,open the wooden cabinet top region,0,"Organize a culinary scene by relocating items, including chocolate pudding, mugs, a frypan, and a wine bottle between a wooden cabinet, coffee table, and microwave.",open the wooden cabinet top region,[HOLD],256,0
coffee_table/case282,257,coffee_table/case282,0,open the wooden cabinet top region,0,"Organize a culinary scene by relocating items, including chocolate pudding, mugs, a frypan, and a wine bottle between a wooden cabinet, coffee table, and microwave.",open the wooden cabinet top region,[HOLD],257,0
coffee_table/case282,258,coffee_table/case282,0,open the wooden cabinet top region,0,"Organize a culinary scene by relocating items, including chocolate pudding, mugs, a frypan, and a wine bottle between a wooden cabinet, coffee table, and microwave.",open the wooden cabinet top region,[HOLD],258,0
coffee_table/case282,259,coffee_table/case282,0,open the wooden cabinet top region,0,"Organize a culinary scene by relocating items, including chocolate pudding, mugs, a frypan, and a wine bottle between a wooden cabinet, coffee table, and microwave.",open the wooden cabinet top region,[HOLD],259,0
coffee_table/case282,260,coffee_table/case282,0,open the wooden cabinet top region,0,"Organize a culinary scene by relocating items, including chocolate pudding, mugs, a frypan, and a wine bottle between a wooden cabinet, coffee table, and microwave.",open the wooden cabinet top region,[HOLD],260,0
coffee_table/case282,261,coffee_table/case282,0,open the wooden cabinet top region,0,"Organize a culinary scene by relocating items, including chocolate pudding, mugs, a frypan, and a wine bottle between a wooden cabinet, coffee table, and microwave.",open the wooden cabinet top region,[HOLD],261,0
coffee_table/case282,262,coffee_table/case282,0,open the wooden cabinet top region,0,"Organize a culinary scene by relocating items, including chocolate pudding, mugs, a frypan, and a wine bottle between a wooden cabinet, coffee table, and microwave.",open the wooden cabinet top region,[HOLD],262,0
coffee_table/case282,263,coffee_table/case282,0,open the wooden cabinet top region,0,"Organize a culinary scene by relocating items, including chocolate pudding, mugs, a frypan, and a wine bottle between a wooden cabinet, coffee table, and microwave.",open the wooden cabinet top region,[HOLD],263,0
coffee_table/case282,264,coffee_table/case282,0,open the wooden cabinet top region,0,"Organize a culinary scene by relocating items, including chocolate pudding, mugs, a frypan, and a wine bottle between a wooden cabinet, coffee table, and microwave.",open the wooden cabinet top region,[HOLD],264,0
coffee_table/case282,265,coffee_table/case282,0,open the wooden cabinet top region,0,"Organize a culinary scene by relocating items, including chocolate pudding, mugs, a frypan, and a wine bottle between a wooden cabinet, coffee table, and microwave.",open the wooden cabinet top region,[HOLD],265,0
coffee_table/case282,266,coffee_table/case282,0,open the wooden cabinet top region,0,"Organize a culinary scene by relocating items, including chocolate pudding, mugs, a frypan, and a wine bottle between a wooden cabinet, coffee table, and microwave.",open the wooden cabinet top region,[HOLD],266,0
coffee_table/case282,267,coffee_table/case282,0,open the wooden cabinet top region,0,"Organize a culinary scene by relocating items, including chocolate pudding, mugs, a frypan, and a wine bottle between a wooden cabinet, coffee table, and microwave.",open the wooden cabinet top region,[HOLD],267,0
coffee_table/case282,268,coffee_table/case282,0,open the wooden cabinet top region,0,"Organize a culinary scene by relocating items, including chocolate pudding, mugs, a frypan, and a wine bottle between a wooden cabinet, coffee table, and microwave.",open the wooden cabinet top region,[HOLD],268,0
coffee_table/case282,269,coffee_table/case282,0,open the wooden cabinet top region,0,"Organize a culinary scene by relocating items, including chocolate pudding, mugs, a frypan, and a wine bottle between a wooden cabinet, coffee table, and microwave.",open the wooden cabinet top region,[HOLD],269,0
coffee_table/case282,270,coffee_table/case282,0,open the wooden cabinet top region,0,"Organize a culinary scene by relocating items, including chocolate pudding, mugs, a frypan, and a wine bottle between a wooden cabinet, coffee table, and microwave.",open the wooden cabinet top region,[HOLD],270,0
coffee_table/case282,271,coffee_table/case282,0,open the wooden cabinet top region,0,"Organize a culinary scene by relocating items, including chocolate pudding, mugs, a frypan, and a wine bottle between a wooden cabinet, coffee table, and microwave.",open the wooden cabinet top region,[HOLD],271,0
coffee_table/case282,272,coffee_table/case282,0,open the wooden cabinet top region,0,"Organize a culinary scene by relocating items, including chocolate pudding, mugs, a frypan, and a wine bottle between a wooden cabinet, coffee table, and microwave.",open the wooden cabinet top region,[HOLD],272,0
coffee_table/case282,273,coffee_table/case282,0,open the wooden cabinet top region,0,"Organize a culinary scene by relocating items, including chocolate pudding, mugs, a frypan, and a wine bottle between a wooden cabinet, coffee table, and microwave.",open the wooden cabinet top region,[HOLD],273,0
coffee_table/case282,274,coffee_table/case282,0,open the wooden cabinet top region,0,"Organize a culinary scene by relocating items, including chocolate pudding, mugs, a frypan, and a wine bottle between a wooden cabinet, coffee table, and microwave.",open the wooden cabinet top region,[HOLD],274,0
coffee_table/case282,275,coffee_table/case282,0,open the wooden cabinet top region,0,"Organize a culinary scene by relocating items, including chocolate pudding, mugs, a frypan, and a wine bottle between a wooden cabinet, coffee table, and microwave.",open the wooden cabinet top region,[HOLD],275,0
coffee_table/case282,276,coffee_table/case282,0,open the wooden cabinet top region,0,"Organize a culinary scene by relocating items, including chocolate pudding, mugs, a frypan, and a wine bottle between a wooden cabinet, coffee table, and microwave.",open the wooden cabinet top region,[HOLD],276,0
coffee_table/case282,277,coffee_table/case282,0,open the wooden cabinet top region,0,"Organize a culinary scene by relocating items, including chocolate pudding, mugs, a frypan, and a wine bottle between a wooden cabinet, coffee table, and microwave.",open the wooden cabinet top region,[HOLD],277,0
coffee_table/case282,278,coffee_table/case282,0,open the wooden cabinet top region,0,"Organize a culinary scene by relocating items, including chocolate pudding, mugs, a frypan, and a wine bottle between a wooden cabinet, coffee table, and microwave.",open the wooden cabinet top region,[HOLD],278,0
coffee_table/case282,279,coffee_table/case282,0,open the wooden cabinet top region,0,"Organize a culinary scene by relocating items, including chocolate pudding, mugs, a frypan, and a wine bottle between a wooden cabinet, coffee table, and microwave.",open the wooden cabinet top region,[HOLD],279,0
coffee_table/case282,280,coffee_table/case282,0,open the wooden cabinet top region,0,"Organize a culinary scene by relocating items, including chocolate pudding, mugs, a frypan, and a wine bottle between a wooden cabinet, coffee table, and microwave.",open the wooden cabinet top region,[HOLD],280,0
coffee_table/case282,281,coffee_table/case282,0,open the wooden cabinet top region,0,"Organize a culinary scene by relocating items, including chocolate pudding, mugs, a frypan, and a wine bottle between a wooden cabinet, coffee table, and microwave.",open the wooden cabinet top region,[HOLD],281,0
coffee_table/case282,282,coffee_table/case282,0,open the wooden cabinet top region,0,"Organize a culinary scene by relocating items, including chocolate pudding, mugs, a frypan, and a wine bottle between a wooden cabinet, coffee table, and microwave.",open the wooden cabinet top region,[HOLD],282,0
coffee_table/case282,283,coffee_table/case282,0,open the wooden cabinet top region,0,"Organize a culinary scene by relocating items, including chocolate pudding, mugs, a frypan, and a wine bottle between a wooden cabinet, coffee table, and microwave.",open the wooden cabinet top region,[HOLD],283,0
coffee_table/case282,284,coffee_table/case282,0,open the wooden cabinet top region,0,"Organize a culinary scene by relocating items, including chocolate pudding, mugs, a frypan, and a wine bottle between a wooden cabinet, coffee table, and microwave.",open the wooden cabinet top region,[HOLD],284,0
coffee_table/case282,285,coffee_table/case282,0,open the wooden cabinet top region,0,"Organize a culinary scene by relocating items, including chocolate pudding, mugs, a frypan, and a wine bottle between a wooden cabinet, coffee table, and microwave.",open the wooden cabinet top region,[HOLD],285,0
coffee_table/case282,286,coffee_table/case282,0,open the wooden cabinet top region,0,"Organize a culinary scene by relocating items, including chocolate pudding, mugs, a frypan, and a wine bottle between a wooden cabinet, coffee table, and microwave.",open the wooden cabinet top region,[HOLD],286,0
coffee_table/case282,287,coffee_table/case282,0,open the wooden cabinet top region,0,"Organize a culinary scene by relocating items, including chocolate pudding, mugs, a frypan, and a wine bottle between a wooden cabinet, coffee table, and microwave.",open the wooden cabinet top region,[HOLD],287,0
coffee_table/case282,288,coffee_table/case282,0,open the wooden cabinet top region,0,"Organize a culinary scene by relocating items, including chocolate pudding, mugs, a frypan, and a wine bottle between a wooden cabinet, coffee table, and microwave.",open the wooden cabinet top region,[HOLD],288,0
coffee_table/case282,289,coffee_table/case282,0,open the wooden cabinet top region,0,"Organize a culinary scene by relocating items, including chocolate pudding, mugs, a frypan, and a wine bottle between a wooden cabinet, coffee table, and microwave.",open the wooden cabinet top region,[HOLD],289,0
coffee_table/case282,290,coffee_table/case282,0,open the wooden cabinet top region,0,"Organize a culinary scene by relocating items, including chocolate pudding, mugs, a frypan, and a wine bottle between a wooden cabinet, coffee table, and microwave.",open the wooden cabinet top region,[HOLD],290,0
coffee_table/case282,291,coffee_table/case282,0,open the wooden cabinet top region,0,"Organize a culinary scene by relocating items, including chocolate pudding, mugs, a frypan, and a wine bottle between a wooden cabinet, coffee table, and microwave.",open the wooden cabinet top region,[HOLD],291,0
coffee_table/case282,292,coffee_table/case282,0,open the wooden cabinet top region,0,"Organize a culinary scene by relocating items, including chocolate pudding, mugs, a frypan, and a wine bottle between a wooden cabinet, coffee table, and microwave.",open the wooden cabinet top region,[HOLD],292,0
coffee_table/case282,293,coffee_table/case282,0,open the wooden cabinet top region,0,"Organize a culinary scene by relocating items, including chocolate pudding, mugs, a frypan, and a wine bottle between a wooden cabinet, coffee table, and microwave.",open the wooden cabinet top region,[HOLD],293,0
coffee_table/case282,294,coffee_table/case282,0,open the wooden cabinet top region,0,"Organize a culinary scene by relocating items, including chocolate pudding, mugs, a frypan, and a wine bottle between a wooden cabinet, coffee table, and microwave.",open the wooden cabinet top region,[HOLD],294,0
coffee_table/case282,295,coffee_table/case282,0,open the wooden cabinet top region,0,"Organize a culinary scene by relocating items, including chocolate pudding, mugs, a frypan, and a wine bottle between a wooden cabinet, coffee table, and microwave.",open the wooden cabinet top region,[HOLD],295,0
coffee_table/case282,296,coffee_table/case282,0,open the wooden cabinet top region,0,"Organize a culinary scene by relocating items, including chocolate pudding, mugs, a frypan, and a wine bottle between a wooden cabinet, coffee table, and microwave.",open the wooden cabinet top region,[HOLD],296,0
coffee_table/case282,297,coffee_table/case282,0,open the wooden cabinet top region,0,"Organize a culinary scene by relocating items, including chocolate pudding, mugs, a frypan, and a wine bottle between a wooden cabinet, coffee table, and microwave.",open the wooden cabinet top region,[HOLD],297,0
coffee_table/case282,298,coffee_table/case282,0,open the wooden cabinet top region,0,"Organize a culinary scene by relocating items, including chocolate pudding, mugs, a frypan, and a wine bottle between a wooden cabinet, coffee table, and microwave.",open the wooden cabinet top region,[HOLD],298,0
coffee_table/case282,299,coffee_table/case282,0,open the wooden cabinet top region,0,"Organize a culinary scene by relocating items, including chocolate pudding, mugs, a frypan, and a wine bottle between a wooden cabinet, coffee table, and microwave.",open the wooden cabinet top region,[HOLD],299,0
coffee_table/case282,300,coffee_table/case282,0,open the wooden cabinet top region,0,"Organize a culinary scene by relocating items, including chocolate pudding, mugs, a frypan, and a wine bottle between a wooden cabinet, coffee table, and microwave.",open the wooden cabinet top region,[HOLD],300,0
coffee_table/case282,301,coffee_table/case282,0,open the wooden cabinet top region,0,"Organize a culinary scene by relocating items, including chocolate pudding, mugs, a frypan, and a wine bottle between a wooden cabinet, coffee table, and microwave.",open the wooden cabinet top region,[HOLD],301,0
coffee_table/case282,302,coffee_table/case282,0,open the wooden cabinet top region,0,"Organize a culinary scene by relocating items, including chocolate pudding, mugs, a frypan, and a wine bottle between a wooden cabinet, coffee table, and microwave.",open the wooden cabinet top region,[HOLD],302,0
coffee_table/case282,303,coffee_table/case282,0,open the wooden cabinet top region,0,"Organize a culinary scene by relocating items, including chocolate pudding, mugs, a frypan, and a wine bottle between a wooden cabinet, coffee table, and microwave.",open the wooden cabinet top region,[HOLD],303,0
coffee_table/case282,304,coffee_table/case282,0,open the wooden cabinet top region,0,"Organize a culinary scene by relocating items, including chocolate pudding, mugs, a frypan, and a wine bottle between a wooden cabinet, coffee table, and microwave.",open the wooden cabinet top region,[HOLD],304,0
coffee_table/case282,305,coffee_table/case282,0,open the wooden cabinet top region,0,"Organize a culinary scene by relocating items, including chocolate pudding, mugs, a frypan, and a wine bottle between a wooden cabinet, coffee table, and microwave.",open the wooden cabinet top region,[HOLD],305,0
coffee_table/case282,306,coffee_table/case282,0,open the wooden cabinet top region,0,"Organize a culinary scene by relocating items, including chocolate pudding, mugs, a frypan, and a wine bottle between a wooden cabinet, coffee table, and microwave.",open the wooden cabinet top region,[HOLD],306,0
coffee_table/case282,307,coffee_table/case282,0,open the wooden cabinet top region,0,"Organize a culinary scene by relocating items, including chocolate pudding, mugs, a frypan, and a wine bottle between a wooden cabinet, coffee table, and microwave.",open the wooden cabinet top region,[HOLD],307,0
coffee_table/case282,308,coffee_table/case282,0,open the wooden cabinet top region,0,"Organize a culinary scene by relocating items, including chocolate pudding, mugs, a frypan, and a wine bottle between a wooden cabinet, coffee table, and microwave.",open the wooden cabinet top region,[HOLD],308,0
coffee_table/case282,309,coffee_table/case282,0,open the wooden cabinet top region,0,"Organize a culinary scene by relocating items, including chocolate pudding, mugs, a frypan, and a wine bottle between a wooden cabinet, coffee table, and microwave.",open the wooden cabinet top region,[HOLD],309,0
coffee_table/case282,310,coffee_table/case282,0,open the wooden cabinet top region,0,"Organize a culinary scene by relocating items, including chocolate pudding, mugs, a frypan, and a wine bottle between a wooden cabinet, coffee table, and microwave.",open the wooden cabinet top region,[HOLD],310,0
coffee_table/case282,311,coffee_table/case282,0,open the wooden cabinet top region,0,"Organize a culinary scene by relocating items, including chocolate pudding, mugs, a frypan, and a wine bottle between a wooden cabinet, coffee table, and microwave.",open the wooden cabinet top region,[HOLD],311,0
coffee_table/case282,312,coffee_table/case282,0,open the wooden cabinet top region,0,"Organize a culinary scene by relocating items, including chocolate pudding, mugs, a frypan, and a wine bottle between a wooden cabinet, coffee table, and microwave.",open the wooden cabinet top region,[HOLD],312,0
coffee_table/case282,313,coffee_table/case282,0,open the wooden cabinet top region,0,"Organize a culinary scene by relocating items, including chocolate pudding, mugs, a frypan, and a wine bottle between a wooden cabinet, coffee table, and microwave.",open the wooden cabinet top region,[HOLD],313,0
coffee_table/case282,314,coffee_table/case282,0,open the wooden cabinet top region,0,"Organize a culinary scene by relocating items, including chocolate pudding, mugs, a frypan, and a wine bottle between a wooden cabinet, coffee table, and microwave.",open the wooden cabinet top region,[HOLD],314,0
coffee_table/case282,315,coffee_table/case282,0,open the wooden cabinet top region,0,"Organize a culinary scene by relocating items, including chocolate pudding, mugs, a frypan, and a wine bottle between a wooden cabinet, coffee table, and microwave.",open the wooden cabinet top region,[HOLD],315,0
coffee_table/case282,316,coffee_table/case282,0,open the wooden cabinet top region,0,"Organize a culinary scene by relocating items, including chocolate pudding, mugs, a frypan, and a wine bottle between a wooden cabinet, coffee table, and microwave.",open the wooden cabinet top region,[HOLD],316,0
coffee_table/case282,317,coffee_table/case282,0,open the wooden cabinet top region,0,"Organize a culinary scene by relocating items, including chocolate pudding, mugs, a frypan, and a wine bottle between a wooden cabinet, coffee table, and microwave.",open the wooden cabinet top region,[HOLD],317,0
coffee_table/case282,318,coffee_table/case282,0,open the wooden cabinet top region,0,"Organize a culinary scene by relocating items, including chocolate pudding, mugs, a frypan, and a wine bottle between a wooden cabinet, coffee table, and microwave.",open the wooden cabinet top region,[HOLD],318,0
coffee_table/case282,319,coffee_table/case282,0,open the wooden cabinet top region,0,"Organize a culinary scene by relocating items, including chocolate pudding, mugs, a frypan, and a wine bottle between a wooden cabinet, coffee table, and microwave.",open the wooden cabinet top region,[HOLD],319,0
coffee_table/case282,320,coffee_table/case282,0,open the wooden cabinet top region,0,"Organize a culinary scene by relocating items, including chocolate pudding, mugs, a frypan, and a wine bottle between a wooden cabinet, coffee table, and microwave.",open the wooden cabinet top region,[HOLD],320,0
coffee_table/case282,321,coffee_table/case282,0,open the wooden cabinet top region,0,"Organize a culinary scene by relocating items, including chocolate pudding, mugs, a frypan, and a wine bottle between a wooden cabinet, coffee table, and microwave.",open the wooden cabinet top region,[HOLD],321,0
coffee_table/case282,322,coffee_table/case282,0,open the wooden cabinet top region,0,"Organize a culinary scene by relocating items, including chocolate pudding, mugs, a frypan, and a wine bottle between a wooden cabinet, coffee table, and microwave.",open the wooden cabinet top region,[HOLD],322,0
coffee_table/case282,323,coffee_table/case282,0,open the wooden cabinet top region,0,"Organize a culinary scene by relocating items, including chocolate pudding, mugs, a frypan, and a wine bottle between a wooden cabinet, coffee table, and microwave.",open the wooden cabinet top region,[HOLD],323,0
coffee_table/case282,324,coffee_table/case282,0,open the wooden cabinet top region,0,"Organize a culinary scene by relocating items, including chocolate pudding, mugs, a frypan, and a wine bottle between a wooden cabinet, coffee table, and microwave.",open the wooden cabinet top region,[HOLD],324,0
coffee_table/case282,325,coffee_table/case282,0,open the wooden cabinet top region,0,"Organize a culinary scene by relocating items, including chocolate pudding, mugs, a frypan, and a wine bottle between a wooden cabinet, coffee table, and microwave.",open the wooden cabinet top region,[HOLD],325,0
coffee_table/case282,326,coffee_table/case282,0,open the wooden cabinet top region,0,"Organize a culinary scene by relocating items, including chocolate pudding, mugs, a frypan, and a wine bottle between a wooden cabinet, coffee table, and microwave.",open the wooden cabinet top region,[HOLD],326,0
coffee_table/case282,327,coffee_table/case282,0,open the wooden cabinet top region,0,"Organize a culinary scene by relocating items, including chocolate pudding, mugs, a frypan, and a wine bottle between a wooden cabinet, coffee table, and microwave.",open the wooden cabinet top region,[HOLD],327,0
coffee_table/case282,328,coffee_table/case282,0,open the wooden cabinet top region,0,"Organize a culinary scene by relocating items, including chocolate pudding, mugs, a frypan, and a wine bottle between a wooden cabinet, coffee table, and microwave.",open the wooden cabinet top region,[HOLD],328,0
coffee_table/case282,329,coffee_table/case282,0,open the wooden cabinet top region,0,"Organize a culinary scene by relocating items, including chocolate pudding, mugs, a frypan, and a wine bottle between a wooden cabinet, coffee table, and microwave.",open the wooden cabinet top region,[HOLD],329,0
coffee_table/case282,330,coffee_table/case282,0,open the wooden cabinet top region,0,"Organize a culinary scene by relocating items, including chocolate pudding, mugs, a frypan, and a wine bottle between a wooden cabinet, coffee table, and microwave.",open the wooden cabinet top region,[HOLD],330,0
coffee_table/case282,331,coffee_table/case282,0,open the wooden cabinet top region,0,"Organize a culinary scene by relocating items, including chocolate pudding, mugs, a frypan, and a wine bottle between a wooden cabinet, coffee table, and microwave.",open the wooden cabinet top region,[HOLD],331,0
coffee_table/case282,332,coffee_table/case282,0,open the wooden cabinet top region,0,"Organize a culinary scene by relocating items, including chocolate pudding, mugs, a frypan, and a wine bottle between a wooden cabinet, coffee table, and microwave.",open the wooden cabinet top region,[HOLD],332,0
coffee_table/case282,333,coffee_table/case282,0,open the wooden cabinet top region,0,"Organize a culinary scene by relocating items, including chocolate pudding, mugs, a frypan, and a wine bottle between a wooden cabinet, coffee table, and microwave.",open the wooden cabinet top region,[HOLD],333,0
coffee_table/case282,334,coffee_table/case282,0,open the wooden cabinet top region,0,"Organize a culinary scene by relocating items, including chocolate pudding, mugs, a frypan, and a wine bottle between a wooden cabinet, coffee table, and microwave.",open the wooden cabinet top region,[HOLD],334,0
coffee_table/case282,335,coffee_table/case282,0,open the wooden cabinet top region,0,"Organize a culinary scene by relocating items, including chocolate pudding, mugs, a frypan, and a wine bottle between a wooden cabinet, coffee table, and microwave.",open the wooden cabinet top region,[HOLD],335,0
coffee_table/case282,336,coffee_table/case282,0,open the wooden cabinet top region,0,"Organize a culinary scene by relocating items, including chocolate pudding, mugs, a frypan, and a wine bottle between a wooden cabinet, coffee table, and microwave.",open the wooden cabinet top region,[HOLD],336,0
coffee_table/case282,337,coffee_table/case282,0,open the wooden cabinet top region,0,"Organize a culinary scene by relocating items, including chocolate pudding, mugs, a frypan, and a wine bottle between a wooden cabinet, coffee table, and microwave.",open the wooden cabinet top region,[HOLD],337,0
coffee_table/case282,338,coffee_table/case282,0,open the wooden cabinet top region,0,"Organize a culinary scene by relocating items, including chocolate pudding, mugs, a frypan, and a wine bottle between a wooden cabinet, coffee table, and microwave.",open the wooden cabinet top region,[HOLD],338,0
coffee_table/case282,339,coffee_table/case282,0,open the wooden cabinet top region,0,"Organize a culinary scene by relocating items, including chocolate pudding, mugs, a frypan, and a wine bottle between a wooden cabinet, coffee table, and microwave.",open the wooden cabinet top region,[HOLD],339,0
coffee_table/case282,340,coffee_table/case282,0,open the wooden cabinet top region,0,"Organize a culinary scene by relocating items, including chocolate pudding, mugs, a frypan, and a wine bottle between a wooden cabinet, coffee table, and microwave.",open the wooden cabinet top region,[HOLD],340,0
coffee_table/case282,341,coffee_table/case282,0,open the wooden cabinet top region,0,"Organize a culinary scene by relocating items, including chocolate pudding, mugs, a frypan, and a wine bottle between a wooden cabinet, coffee table, and microwave.",open the wooden cabinet top region,[HOLD],341,0
coffee_table/case282,342,coffee_table/case282,0,open the wooden cabinet top region,0,"Organize a culinary scene by relocating items, including chocolate pudding, mugs, a frypan, and a wine bottle between a wooden cabinet, coffee table, and microwave.",open the wooden cabinet top region,[HOLD],342,0
coffee_table/case282,343,coffee_table/case282,0,open the wooden cabinet top region,0,"Organize a culinary scene by relocating items, including chocolate pudding, mugs, a frypan, and a wine bottle between a wooden cabinet, coffee table, and microwave.",open the wooden cabinet top region,[HOLD],343,0
coffee_table/case282,344,coffee_table/case282,0,open the wooden cabinet top region,0,"Organize a culinary scene by relocating items, including chocolate pudding, mugs, a frypan, and a wine bottle between a wooden cabinet, coffee table, and microwave.",open the wooden cabinet top region,[HOLD],344,0
coffee_table/case282,345,coffee_table/case282,0,open the wooden cabinet top region,0,"Organize a culinary scene by relocating items, including chocolate pudding, mugs, a frypan, and a wine bottle between a wooden cabinet, coffee table, and microwave.",open the wooden cabinet top region,[HOLD],345,0
coffee_table/case282,346,coffee_table/case282,0,open the wooden cabinet top region,0,"Organize a culinary scene by relocating items, including chocolate pudding, mugs, a frypan, and a wine bottle between a wooden cabinet, coffee table, and microwave.",open the wooden cabinet top region,[HOLD],346,0
coffee_table/case282,347,coffee_table/case282,0,open the wooden cabinet top region,0,"Organize a culinary scene by relocating items, including chocolate pudding, mugs, a frypan, and a wine bottle between a wooden cabinet, coffee table, and microwave.",open the wooden cabinet top region,[HOLD],347,0
coffee_table/case282,348,coffee_table/case282,0,open the wooden cabinet top region,0,"Organize a culinary scene by relocating items, including chocolate pudding, mugs, a frypan, and a wine bottle between a wooden cabinet, coffee table, and microwave.",open the wooden cabinet top region,[HOLD],348,0
coffee_table/case282,349,coffee_table/case282,0,open the wooden cabinet top region,0,"Organize a culinary scene by relocating items, including chocolate pudding, mugs, a frypan, and a wine bottle between a wooden cabinet, coffee table, and microwave.",open the wooden cabinet top region,[HOLD],349,0
coffee_table/case282,350,coffee_table/case282,0,open the wooden cabinet top region,0,"Organize a culinary scene by relocating items, including chocolate pudding, mugs, a frypan, and a wine bottle between a wooden cabinet, coffee table, and microwave.",open the wooden cabinet top region,[HOLD],350,0
coffee_table/case282,351,coffee_table/case282,0,open the wooden cabinet top region,0,"Organize a culinary scene by relocating items, including chocolate pudding, mugs, a frypan, and a wine bottle between a wooden cabinet, coffee table, and microwave.",open the wooden cabinet top region,[HOLD],351,0
coffee_table/case282,352,coffee_table/case282,0,open the wooden cabinet top region,0,"Organize a culinary scene by relocating items, including chocolate pudding, mugs, a frypan, and a wine bottle between a wooden cabinet, coffee table, and microwave.",open the wooden cabinet top region,[HOLD],352,0
coffee_table/case282,353,coffee_table/case282,0,open the wooden cabinet top region,0,"Organize a culinary scene by relocating items, including chocolate pudding, mugs, a frypan, and a wine bottle between a wooden cabinet, coffee table, and microwave.",open the wooden cabinet top region,[HOLD],353,0
coffee_table/case282,354,coffee_table/case282,0,open the wooden cabinet top region,0,"Organize a culinary scene by relocating items, including chocolate pudding, mugs, a frypan, and a wine bottle between a wooden cabinet, coffee table, and microwave.",open the wooden cabinet top region,[HOLD],354,0
coffee_table/case282,355,coffee_table/case282,0,open the wooden cabinet top region,0,"Organize a culinary scene by relocating items, including chocolate pudding, mugs, a frypan, and a wine bottle between a wooden cabinet, coffee table, and microwave.",open the wooden cabinet top region,[HOLD],355,0
coffee_table/case282,356,coffee_table/case282,0,open the wooden cabinet top region,0,"Organize a culinary scene by relocating items, including chocolate pudding, mugs, a frypan, and a wine bottle between a wooden cabinet, coffee table, and microwave.",open the wooden cabinet top region,[HOLD],356,0
coffee_table/case282,357,coffee_table/case282,0,open the wooden cabinet top region,0,"Organize a culinary scene by relocating items, including chocolate pudding, mugs, a frypan, and a wine bottle between a wooden cabinet, coffee table, and microwave.",open the wooden cabinet top region,[HOLD],357,0
coffee_table/case282,358,coffee_table/case282,0,open the wooden cabinet top region,0,"Organize a culinary scene by relocating items, including chocolate pudding, mugs, a frypan, and a wine bottle between a wooden cabinet, coffee table, and microwave.",open the wooden cabinet top region,[HOLD],358,0
coffee_table/case282,359,coffee_table/case282,0,open the wooden cabinet top region,0,"Organize a culinary scene by relocating items, including chocolate pudding, mugs, a frypan, and a wine bottle between a wooden cabinet, coffee table, and microwave.",open the wooden cabinet top region,[HOLD],359,0
coffee_table/case282,360,coffee_table/case282,0,open the wooden cabinet top region,0,"Organize a culinary scene by relocating items, including chocolate pudding, mugs, a frypan, and a wine bottle between a wooden cabinet, coffee table, and microwave.",open the wooden cabinet top region,[HOLD],360,0
coffee_table/case282,361,coffee_table/case282,0,open the wooden cabinet top region,0,"Organize a culinary scene by relocating items, including chocolate pudding, mugs, a frypan, and a wine bottle between a wooden cabinet, coffee table, and microwave.",open the wooden cabinet top region,[HOLD],361,0
coffee_table/case282,362,coffee_table/case282,0,open the wooden cabinet top region,0,"Organize a culinary scene by relocating items, including chocolate pudding, mugs, a frypan, and a wine bottle between a wooden cabinet, coffee table, and microwave.",open the wooden cabinet top region,[HOLD],362,0
coffee_table/case282,363,coffee_table/case282,0,open the wooden cabinet top region,0,"Organize a culinary scene by relocating items, including chocolate pudding, mugs, a frypan, and a wine bottle between a wooden cabinet, coffee table, and microwave.",open the wooden cabinet top region,[HOLD],363,0
coffee_table/case282,364,coffee_table/case282,0,open the wooden cabinet top region,0,"Organize a culinary scene by relocating items, including chocolate pudding, mugs, a frypan, and a wine bottle between a wooden cabinet, coffee table, and microwave.",open the wooden cabinet top region,[HOLD],364,0
coffee_table/case282,365,coffee_table/case282,0,open the wooden cabinet top region,0,"Organize a culinary scene by relocating items, including chocolate pudding, mugs, a frypan, and a wine bottle between a wooden cabinet, coffee table, and microwave.",open the wooden cabinet top region,[HOLD],365,0
coffee_table/case282,366,coffee_table/case282,0,open the wooden cabinet top region,0,"Organize a culinary scene by relocating items, including chocolate pudding, mugs, a frypan, and a wine bottle between a wooden cabinet, coffee table, and microwave.",open the wooden cabinet top region,[HOLD],366,0
coffee_table/case282,367,coffee_table/case282,0,open the wooden cabinet top region,0,"Organize a culinary scene by relocating items, including chocolate pudding, mugs, a frypan, and a wine bottle between a wooden cabinet, coffee table, and microwave.",open the wooden cabinet top region,[HOLD],367,0
coffee_table/case282,368,coffee_table/case282,0,open the wooden cabinet top region,0,"Organize a culinary scene by relocating items, including chocolate pudding, mugs, a frypan, and a wine bottle between a wooden cabinet, coffee table, and microwave.",open the wooden cabinet top region,[HOLD],368,0
coffee_table/case282,369,coffee_table/case282,0,open the wooden cabinet top region,0,"Organize a culinary scene by relocating items, including chocolate pudding, mugs, a frypan, and a wine bottle between a wooden cabinet, coffee table, and microwave.",open the wooden cabinet top region,[HOLD],369,0
coffee_table/case282,370,coffee_table/case282,0,open the wooden cabinet top region,0,"Organize a culinary scene by relocating items, including chocolate pudding, mugs, a frypan, and a wine bottle between a wooden cabinet, coffee table, and microwave.",open the wooden cabinet top region,[HOLD],370,0
coffee_table/case282,371,coffee_table/case282,0,open the wooden cabinet top region,0,"Organize a culinary scene by relocating items, including chocolate pudding, mugs, a frypan, and a wine bottle between a wooden cabinet, coffee table, and microwave.",open the wooden cabinet top region,[HOLD],371,0
coffee_table/case282,372,coffee_table/case282,0,open the wooden cabinet top region,0,"Organize a culinary scene by relocating items, including chocolate pudding, mugs, a frypan, and a wine bottle between a wooden cabinet, coffee table, and microwave.",open the wooden cabinet top region,[HOLD],372,0
coffee_table/case282,373,coffee_table/case282,0,open the wooden cabinet top region,0,"Organize a culinary scene by relocating items, including chocolate pudding, mugs, a frypan, and a wine bottle between a wooden cabinet, coffee table, and microwave.",open the wooden cabinet top region,[HOLD],373,0
coffee_table/case282,374,coffee_table/case282,1,pick up the chocolate pudding from wooden cabinet top side,1,"Organize a culinary scene by relocating items, including chocolate pudding, mugs, a frypan, and a wine bottle between a wooden cabinet, coffee table, and microwave.",pick up the chocolate pudding from wooden cabinet top side,pick up the chocolate pudding from wooden cabinet top side,0,1
coffee_table/case282,375,coffee_table/case282,1,pick up the chocolate pudding from wooden cabinet top side,0,"Organize a culinary scene by relocating items, including chocolate pudding, mugs, a frypan, and a wine bottle between a wooden cabinet, coffee table, and microwave.",pick up the chocolate pudding from wooden cabinet top side,[HOLD],1,1
coffee_table/case282,376,coffee_table/case282,1,pick up the chocolate pudding from wooden cabinet top side,0,"Organize a culinary scene by relocating items, including chocolate pudding, mugs, a frypan, and a wine bottle between a wooden cabinet, coffee table, and microwave.",pick up the chocolate pudding from wooden cabinet top side,[HOLD],2,1
coffee_table/case282,377,coffee_table/case282,1,pick up the chocolate pudding from wooden cabinet top side,0,"Organize a culinary scene by relocating items, including chocolate pudding, mugs, a frypan, and a wine bottle between a wooden cabinet, coffee table, and microwave.",pick up the chocolate pudding from wooden cabinet top side,[HOLD],3,1
coffee_table/case282,378,coffee_table/case282,1,pick up the chocolate pudding from wooden cabinet top side,0,"Organize a culinary scene by relocating items, including chocolate pudding, mugs, a frypan, and a wine bottle between a wooden cabinet, coffee table, and microwave.",pick up the chocolate pudding from wooden cabinet top side,[HOLD],4,1
coffee_table/case282,379,coffee_table/case282,1,pick up the chocolate pudding from wooden cabinet top side,0,"Organize a culinary scene by relocating items, including chocolate pudding, mugs, a frypan, and a wine bottle between a wooden cabinet, coffee table, and microwave.",pick up the chocolate pudding from wooden cabinet top side,[HOLD],5,1
coffee_table/case282,380,coffee_table/case282,1,pick up the chocolate pudding from wooden cabinet top side,0,"Organize a culinary scene by relocating items, including chocolate pudding, mugs, a frypan, and a wine bottle between a wooden cabinet, coffee table, and microwave.",pick up the chocolate pudding from wooden cabinet top side,[HOLD],6,1
coffee_table/case282,381,coffee_table/case282,1,pick up the chocolate pudding from wooden cabinet top side,0,"Organize a culinary scene by relocating items, including chocolate pudding, mugs, a frypan, and a wine bottle between a wooden cabinet, coffee table, and microwave.",pick up the chocolate pudding from wooden cabinet top side,[HOLD],7,1
coffee_table/case282,382,coffee_table/case282,1,pick up the chocolate pudding from wooden cabinet top side,0,"Organize a culinary scene by relocating items, including chocolate pudding, mugs, a frypan, and a wine bottle between a wooden cabinet, coffee table, and microwave.",pick up the chocolate pudding from wooden cabinet top side,[HOLD],8,1
coffee_table/case282,383,coffee_table/case282,1,pick up the chocolate pudding from wooden cabinet top side,0,"Organize a culinary scene by relocating items, including chocolate pudding, mugs, a frypan, and a wine bottle between a wooden cabinet, coffee table, and microwave.",pick up the chocolate pudding from wooden cabinet top side,[HOLD],9,1
coffee_table/case282,384,coffee_table/case282,1,pick up the chocolate pudding from wooden cabinet top side,0,"Organize a culinary scene by relocating items, including chocolate pudding, mugs, a frypan, and a wine bottle between a wooden cabinet, coffee table, and microwave.",pick up the chocolate pudding from wooden cabinet top side,[HOLD],10,1
coffee_table/case282,385,coffee_table/case282,1,pick up the chocolate pudding from wooden cabinet top side,0,"Organize a culinary scene by relocating items, including chocolate pudding, mugs, a frypan, and a wine bottle between a wooden cabinet, coffee table, and microwave.",pick up the chocolate pudding from wooden cabinet top side,[HOLD],11,1
coffee_table/case282,386,coffee_table/case282,1,pick up the chocolate pudding from wooden cabinet top side,0,"Organize a culinary scene by relocating items, including chocolate pudding, mugs, a frypan, and a wine bottle between a wooden cabinet, coffee table, and microwave.",pick up the chocolate pudding from wooden cabinet top side,[HOLD],12,1
coffee_table/case282,387,coffee_table/case282,1,pick up the chocolate pudding from wooden cabinet top side,0,"Organize a culinary scene by relocating items, including chocolate pudding, mugs, a frypan, and a wine bottle between a wooden cabinet, coffee table, and microwave.",pick up the chocolate pudding from wooden cabinet top side,[HOLD],13,1
coffee_table/case282,388,coffee_table/case282,1,pick up the chocolate pudding from wooden cabinet top side,0,"Organize a culinary scene by relocating items, including chocolate pudding, mugs, a frypan, and a wine bottle between a wooden cabinet, coffee table, and microwave.",pick up the chocolate pudding from wooden cabinet top side,[HOLD],14,1
coffee_table/case282,389,coffee_table/case282,1,pick up the chocolate pudding from wooden cabinet top side,0,"Organize a culinary scene by relocating items, including chocolate pudding, mugs, a frypan, and a wine bottle between a wooden cabinet, coffee table, and microwave.",pick up the chocolate pudding from wooden cabinet top side,[HOLD],15,1
coffee_table/case282,390,coffee_table/case282,1,pick up the chocolate pudding from wooden cabinet top side,0,"Organize a culinary scene by relocating items, including chocolate pudding, mugs, a frypan, and a wine bottle between a wooden cabinet, coffee table, and microwave.",pick up the chocolate pudding from wooden cabinet top side,[HOLD],16,1
coffee_table/case282,391,coffee_table/case282,1,pick up the chocolate pudding from wooden cabinet top side,0,"Organize a culinary scene by relocating items, including chocolate pudding, mugs, a frypan, and a wine bottle between a wooden cabinet, coffee table, and microwave.",pick up the chocolate pudding from wooden cabinet top side,[HOLD],17,1
coffee_table/case282,392,coffee_table/case282,1,pick up the chocolate pudding from wooden cabinet top side,0,"Organize a culinary scene by relocating items, including chocolate pudding, mugs, a frypan, and a wine bottle between a wooden cabinet, coffee table, and microwave.",pick up the chocolate pudding from wooden cabinet top side,[HOLD],18,1
coffee_table/case282,393,coffee_table/case282,1,pick up the chocolate pudding from wooden cabinet top side,0,"Organize a culinary scene by relocating items, including chocolate pudding, mugs, a frypan, and a wine bottle between a wooden cabinet, coffee table, and microwave.",pick up the chocolate pudding from wooden cabinet top side,[HOLD],19,1
coffee_table/case282,394,coffee_table/case282,1,pick up the chocolate pudding from wooden cabinet top side,0,"Organize a culinary scene by relocating items, including chocolate pudding, mugs, a frypan, and a wine bottle between a wooden cabinet, coffee table, and microwave.",pick up the chocolate pudding from wooden cabinet top side,[HOLD],20,1
coffee_table/case282,395,coffee_table/case282,1,pick up the chocolate pudding from wooden cabinet top side,0,"Organize a culinary scene by relocating items, including chocolate pudding, mugs, a frypan, and a wine bottle between a wooden cabinet, coffee table, and microwave.",pick up the chocolate pudding from wooden cabinet top side,[HOLD],21,1
coffee_table/case282,396,coffee_table/case282,1,pick up the chocolate pudding from wooden cabinet top side,0,"Organize a culinary scene by relocating items, including chocolate pudding, mugs, a frypan, and a wine bottle between a wooden cabinet, coffee table, and microwave.",pick up the chocolate pudding from wooden cabinet top side,[HOLD],22,1
coffee_table/case282,397,coffee_table/case282,1,pick up the chocolate pudding from wooden cabinet top side,0,"Organize a culinary scene by relocating items, including chocolate pudding, mugs, a frypan, and a wine bottle between a wooden cabinet, coffee table, and microwave.",pick up the chocolate pudding from wooden cabinet top side,[HOLD],23,1
coffee_table/case282,398,coffee_table/case282,1,pick up the chocolate pudding from wooden cabinet top side,0,"Organize a culinary scene by relocating items, including chocolate pudding, mugs, a frypan, and a wine bottle between a wooden cabinet, coffee table, and microwave.",pick up the chocolate pudding from wooden cabinet top side,[HOLD],24,1
coffee_table/case282,399,coffee_table/case282,1,pick up the chocolate pudding from wooden cabinet top side,0,"Organize a culinary scene by relocating items, including chocolate pudding, mugs, a frypan, and a wine bottle between a wooden cabinet, coffee table, and microwave.",pick up the chocolate pudding from wooden cabinet top side,[HOLD],25,1
coffee_table/case282,400,coffee_table/case282,1,pick up the chocolate pudding from wooden cabinet top side,0,"Organize a culinary scene by relocating items, including chocolate pudding, mugs, a frypan, and a wine bottle between a wooden cabinet, coffee table, and microwave.",pick up the chocolate pudding from wooden cabinet top side,[HOLD],26,1
coffee_table/case282,401,coffee_table/case282,1,pick up the chocolate pudding from wooden cabinet top side,0,"Organize a culinary scene by relocating items, including chocolate pudding, mugs, a frypan, and a wine bottle between a wooden cabinet, coffee table, and microwave.",pick up the chocolate pudding from wooden cabinet top side,[HOLD],27,1
coffee_table/case282,402,coffee_table/case282,1,pick up the chocolate pudding from wooden cabinet top side,0,"Organize a culinary scene by relocating items, including chocolate pudding, mugs, a frypan, and a wine bottle between a wooden cabinet, coffee table, and microwave.",pick up the chocolate pudding from wooden cabinet top side,[HOLD],28,1
coffee_table/case282,403,coffee_table/case282,1,pick up the chocolate pudding from wooden cabinet top side,0,"Organize a culinary scene by relocating items, including chocolate pudding, mugs, a frypan, and a wine bottle between a wooden cabinet, coffee table, and microwave.",pick up the chocolate pudding from wooden cabinet top side,[HOLD],29,1
coffee_table/case282,404,coffee_table/case282,1,pick up the chocolate pudding from wooden cabinet top side,0,"Organize a culinary scene by relocating items, including chocolate pudding, mugs, a frypan, and a wine bottle between a wooden cabinet, coffee table, and microwave.",pick up the chocolate pudding from wooden cabinet top side,[HOLD],30,1
coffee_table/case282,405,coffee_table/case282,1,pick up the chocolate pudding from wooden cabinet top side,0,"Organize a culinary scene by relocating items, including chocolate pudding, mugs, a frypan, and a wine bottle between a wooden cabinet, coffee table, and microwave.",pick up the chocolate pudding from wooden cabinet top side,[HOLD],31,1
coffee_table/case282,406,coffee_table/case282,1,pick up the chocolate pudding from wooden cabinet top side,0,"Organize a culinary scene by relocating items, including chocolate pudding, mugs, a frypan, and a wine bottle between a wooden cabinet, coffee table, and microwave.",pick up the chocolate pudding from wooden cabinet top side,[HOLD],32,1
coffee_table/case282,407,coffee_table/case282,1,pick up the chocolate pudding from wooden cabinet top side,0,"Organize a culinary scene by relocating items, including chocolate pudding, mugs, a frypan, and a wine bottle between a wooden cabinet, coffee table, and microwave.",pick up the chocolate pudding from wooden cabinet top side,[HOLD],33,1
coffee_table/case282,408,coffee_table/case282,1,pick up the chocolate pudding from wooden cabinet top side,0,"Organize a culinary scene by relocating items, including chocolate pudding, mugs, a frypan, and a wine bottle between a wooden cabinet, coffee table, and microwave.",pick up the chocolate pudding from wooden cabinet top side,[HOLD],34,1
coffee_table/case282,409,coffee_table/case282,1,pick up the chocolate pudding from wooden cabinet top side,0,"Organize a culinary scene by relocating items, including chocolate pudding, mugs, a frypan, and a wine bottle between a wooden cabinet, coffee table, and microwave.",pick up the chocolate pudding from wooden cabinet top side,[HOLD],35,1
coffee_table/case282,410,coffee_table/case282,1,pick up the chocolate pudding from wooden cabinet top side,0,"Organize a culinary scene by relocating items, including chocolate pudding, mugs, a frypan, and a wine bottle between a wooden cabinet, coffee table, and microwave.",pick up the chocolate pudding from wooden cabinet top side,[HOLD],36,1
coffee_table/case282,411,coffee_table/case282,1,pick up the chocolate pudding from wooden cabinet top side,0,"Organize a culinary scene by relocating items, including chocolate pudding, mugs, a frypan, and a wine bottle between a wooden cabinet, coffee table, and microwave.",pick up the chocolate pudding from wooden cabinet top side,[HOLD],37,1
coffee_table/case282,412,coffee_table/case282,1,pick up the chocolate pudding from wooden cabinet top side,0,"Organize a culinary scene by relocating items, including chocolate pudding, mugs, a frypan, and a wine bottle between a wooden cabinet, coffee table, and microwave.",pick up the chocolate pudding from wooden cabinet top side,[HOLD],38,1
coffee_table/case282,413,coffee_table/case282,1,pick up the chocolate pudding from wooden cabinet top side,0,"Organize a culinary scene by relocating items, including chocolate pudding, mugs, a frypan, and a wine bottle between a wooden cabinet, coffee table, and microwave.",pick up the chocolate pudding from wooden cabinet top side,[HOLD],39,1
coffee_table/case282,414,coffee_table/case282,1,pick up the chocolate pudding from wooden cabinet top side,0,"Organize a culinary scene by relocating items, including chocolate pudding, mugs, a frypan, and a wine bottle between a wooden cabinet, coffee table, and microwave.",pick up the chocolate pudding from wooden cabinet top side,[HOLD],40,1
coffee_table/case282,415,coffee_table/case282,1,pick up the chocolate pudding from wooden cabinet top side,0,"Organize a culinary scene by relocating items, including chocolate pudding, mugs, a frypan, and a wine bottle between a wooden cabinet, coffee table, and microwave.",pick up the chocolate pudding from wooden cabinet top side,[HOLD],41,1
coffee_table/case282,416,coffee_table/case282,1,pick up the chocolate pudding from wooden cabinet top side,0,"Organize a culinary scene by relocating items, including chocolate pudding, mugs, a frypan, and a wine bottle between a wooden cabinet, coffee table, and microwave.",pick up the chocolate pudding from wooden cabinet top side,[HOLD],42,1
coffee_table/case282,417,coffee_table/case282,1,pick up the chocolate pudding from wooden cabinet top side,0,"Organize a culinary scene by relocating items, including chocolate pudding, mugs, a frypan, and a wine bottle between a wooden cabinet, coffee table, and microwave.",pick up the chocolate pudding from wooden cabinet top side,[HOLD],43,1
coffee_table/case282,418,coffee_table/case282,1,pick up the chocolate pudding from wooden cabinet top side,0,"Organize a culinary scene by relocating items, including chocolate pudding, mugs, a frypan, and a wine bottle between a wooden cabinet, coffee table, and microwave.",pick up the chocolate pudding from wooden cabinet top side,[HOLD],44,1
coffee_table/case282,419,coffee_table/case282,1,pick up the chocolate pudding from wooden cabinet top side,0,"Organize a culinary scene by relocating items, including chocolate pudding, mugs, a frypan, and a wine bottle between a wooden cabinet, coffee table, and microwave.",pick up the chocolate pudding from wooden cabinet top side,[HOLD],45,1
coffee_table/case282,420,coffee_table/case282,1,pick up the chocolate pudding from wooden cabinet top side,0,"Organize a culinary scene by relocating items, including chocolate pudding, mugs, a frypan, and a wine bottle between a wooden cabinet, coffee table, and microwave.",pick up the chocolate pudding from wooden cabinet top side,[HOLD],46,1
coffee_table/case282,421,coffee_table/case282,1,pick up the chocolate pudding from wooden cabinet top side,0,"Organize a culinary scene by relocating items, including chocolate pudding, mugs, a frypan, and a wine bottle between a wooden cabinet, coffee table, and microwave.",pick up the chocolate pudding from wooden cabinet top side,[HOLD],47,1
coffee_table/case282,422,coffee_table/case282,1,pick up the chocolate pudding from wooden cabinet top side,0,"Organize a culinary scene by relocating items, including chocolate pudding, mugs, a frypan, and a wine bottle between a wooden cabinet, coffee table, and microwave.",pick up the chocolate pudding from wooden cabinet top side,[HOLD],48,1
coffee_table/case282,423,coffee_table/case282,1,pick up the chocolate pudding from wooden cabinet top side,0,"Organize a culinary scene by relocating items, including chocolate pudding, mugs, a frypan, and a wine bottle between a wooden cabinet, coffee table, and microwave.",pick up the chocolate pudding from wooden cabinet top side,[HOLD],49,1
coffee_table/case282,424,coffee_table/case282,1,pick up the chocolate pudding from wooden cabinet top side,0,"Organize a culinary scene by relocating items, including chocolate pudding, mugs, a frypan, and a wine bottle between a wooden cabinet, coffee table, and microwave.",pick up the chocolate pudding from wooden cabinet top side,[HOLD],50,1
coffee_table/case282,425,coffee_table/case282,1,pick up the chocolate pudding from wooden cabinet top side,0,"Organize a culinary scene by relocating items, including chocolate pudding, mugs, a frypan, and a wine bottle between a wooden cabinet, coffee table, and microwave.",pick up the chocolate pudding from wooden cabinet top side,[HOLD],51,1
coffee_table/case282,426,coffee_table/case282,1,pick up the chocolate pudding from wooden cabinet top side,0,"Organize a culinary scene by relocating items, including chocolate pudding, mugs, a frypan, and a wine bottle between a wooden cabinet, coffee table, and microwave.",pick up the chocolate pudding from wooden cabinet top side,[HOLD],52,1
coffee_table/case282,427,coffee_table/case282,1,pick up the chocolate pudding from wooden cabinet top side,0,"Organize a culinary scene by relocating items, including chocolate pudding, mugs, a frypan, and a wine bottle between a wooden cabinet, coffee table, and microwave.",pick up the chocolate pudding from wooden cabinet top side,[HOLD],53,1
coffee_table/case282,428,coffee_table/case282,1,pick up the chocolate pudding from wooden cabinet top side,0,"Organize a culinary scene by relocating items, including chocolate pudding, mugs, a frypan, and a wine bottle between a wooden cabinet, coffee table, and microwave.",pick up the chocolate pudding from wooden cabinet top side,[HOLD],54,1
coffee_table/case282,429,coffee_table/case282,1,pick up the chocolate pudding from wooden cabinet top side,0,"Organize a culinary scene by relocating items, including chocolate pudding, mugs, a frypan, and a wine bottle between a wooden cabinet, coffee table, and microwave.",pick up the chocolate pudding from wooden cabinet top side,[HOLD],55,1
coffee_table/case282,430,coffee_table/case282,1,pick up the chocolate pudding from wooden cabinet top side,0,"Organize a culinary scene by relocating items, including chocolate pudding, mugs, a frypan, and a wine bottle between a wooden cabinet, coffee table, and microwave.",pick up the chocolate pudding from wooden cabinet top side,[HOLD],56,1
coffee_table/case282,431,coffee_table/case282,1,pick up the chocolate pudding from wooden cabinet top side,0,"Organize a culinary scene by relocating items, including chocolate pudding, mugs, a frypan, and a wine bottle between a wooden cabinet, coffee table, and microwave.",pick up the chocolate pudding from wooden cabinet top side,[HOLD],57,1
coffee_table/case282,432,coffee_table/case282,1,pick up the chocolate pudding from wooden cabinet top side,0,"Organize a culinary scene by relocating items, including chocolate pudding, mugs, a frypan, and a wine bottle between a wooden cabinet, coffee table, and microwave.",pick up the chocolate pudding from wooden cabinet top side,[HOLD],58,1
coffee_table/case282,433,coffee_table/case282,1,pick up the chocolate pudding from wooden cabinet top side,0,"Organize a culinary scene by relocating items, including chocolate pudding, mugs, a frypan, and a wine bottle between a wooden cabinet, coffee table, and microwave.",pick up the chocolate pudding from wooden cabinet top side,[HOLD],59,1
coffee_table/case282,434,coffee_table/case282,1,pick up the chocolate pudding from wooden cabinet top side,0,"Organize a culinary scene by relocating items, including chocolate pudding, mugs, a frypan, and a wine bottle between a wooden cabinet, coffee table, and microwave.",pick up the chocolate pudding from wooden cabinet top side,[HOLD],60,1
coffee_table/case282,435,coffee_table/case282,1,pick up the chocolate pudding from wooden cabinet top side,0,"Organize a culinary scene by relocating items, including chocolate pudding, mugs, a frypan, and a wine bottle between a wooden cabinet, coffee table, and microwave.",pick up the chocolate pudding from wooden cabinet top side,[HOLD],61,1
coffee_table/case282,436,coffee_table/case282,1,pick up the chocolate pudding from wooden cabinet top side,0,"Organize a culinary scene by relocating items, including chocolate pudding, mugs, a frypan, and a wine bottle between a wooden cabinet, coffee table, and microwave.",pick up the chocolate pudding from wooden cabinet top side,[HOLD],62,1
coffee_table/case282,437,coffee_table/case282,1,pick up the chocolate pudding from wooden cabinet top side,0,"Organize a culinary scene by relocating items, including chocolate pudding, mugs, a frypan, and a wine bottle between a wooden cabinet, coffee table, and microwave.",pick up the chocolate pudding from wooden cabinet top side,[HOLD],63,1
coffee_table/case282,438,coffee_table/case282,1,pick up the chocolate pudding from wooden cabinet top side,0,"Organize a culinary scene by relocating items, including chocolate pudding, mugs, a frypan, and a wine bottle between a wooden cabinet, coffee table, and microwave.",pick up the chocolate pudding from wooden cabinet top side,[HOLD],64,1
coffee_table/case282,439,coffee_table/case282,1,pick up the chocolate pudding from wooden cabinet top side,0,"Organize a culinary scene by relocating items, including chocolate pudding, mugs, a frypan, and a wine bottle between a wooden cabinet, coffee table, and microwave.",pick up the chocolate pudding from wooden cabinet top side,[HOLD],65,1
coffee_table/case282,440,coffee_table/case282,1,pick up the chocolate pudding from wooden cabinet top side,0,"Organize a culinary scene by relocating items, including chocolate pudding, mugs, a frypan, and a wine bottle between a wooden cabinet, coffee table, and microwave.",pick up the chocolate pudding from wooden cabinet top side,[HOLD],66,1
coffee_table/case282,441,coffee_table/case282,1,pick up the chocolate pudding from wooden cabinet top side,0,"Organize a culinary scene by relocating items, including chocolate pudding, mugs, a frypan, and a wine bottle between a wooden cabinet, coffee table, and microwave.",pick up the chocolate pudding from wooden cabinet top side,[HOLD],67,1
coffee_table/case282,442,coffee_table/case282,1,pick up the chocolate pudding from wooden cabinet top side,0,"Organize a culinary scene by relocating items, including chocolate pudding, mugs, a frypan, and a wine bottle between a wooden cabinet, coffee table, and microwave.",pick up the chocolate pudding from wooden cabinet top side,[HOLD],68,1
coffee_table/case282,443,coffee_table/case282,1,pick up the chocolate pudding from wooden cabinet top side,0,"Organize a culinary scene by relocating items, including chocolate pudding, mugs, a frypan, and a wine bottle between a wooden cabinet, coffee table, and microwave.",pick up the chocolate pudding from wooden cabinet top side,[HOLD],69,1
coffee_table/case282,444,coffee_table/case282,1,pick up the chocolate pudding from wooden cabinet top side,0,"Organize a culinary scene by relocating items, including chocolate pudding, mugs, a frypan, and a wine bottle between a wooden cabinet, coffee table, and microwave.",pick up the chocolate pudding from wooden cabinet top side,[HOLD],70,1
coffee_table/case282,445,coffee_table/case282,1,pick up the chocolate pudding from wooden cabinet top side,0,"Organize a culinary scene by relocating items, including chocolate pudding, mugs, a frypan, and a wine bottle between a wooden cabinet, coffee table, and microwave.",pick up the chocolate pudding from wooden cabinet top side,[HOLD],71,1
coffee_table/case282,446,coffee_table/case282,1,pick up the chocolate pudding from wooden cabinet top side,0,"Organize a culinary scene by relocating items, including chocolate pudding, mugs, a frypan, and a wine bottle between a wooden cabinet, coffee table, and microwave.",pick up the chocolate pudding from wooden cabinet top side,[HOLD],72,1
coffee_table/case282,447,coffee_table/case282,1,pick up the chocolate pudding from wooden cabinet top side,0,"Organize a culinary scene by relocating items, including chocolate pudding, mugs, a frypan, and a wine bottle between a wooden cabinet, coffee table, and microwave.",pick up the chocolate pudding from wooden cabinet top side,[HOLD],73,1
coffee_table/case282,448,coffee_table/case282,1,pick up the chocolate pudding from wooden cabinet top side,0,"Organize a culinary scene by relocating items, including chocolate pudding, mugs, a frypan, and a wine bottle between a wooden cabinet, coffee table, and microwave.",pick up the chocolate pudding from wooden cabinet top side,[HOLD],74,1
coffee_table/case282,449,coffee_table/case282,1,pick up the chocolate pudding from wooden cabinet top side,0,"Organize a culinary scene by relocating items, including chocolate pudding, mugs, a frypan, and a wine bottle between a wooden cabinet, coffee table, and microwave.",pick up the chocolate pudding from wooden cabinet top side,[HOLD],75,1
coffee_table/case282,450,coffee_table/case282,1,pick up the chocolate pudding from wooden cabinet top side,0,"Organize a culinary scene by relocating items, including chocolate pudding, mugs, a frypan, and a wine bottle between a wooden cabinet, coffee table, and microwave.",pick up the chocolate pudding from wooden cabinet top side,[HOLD],76,1
coffee_table/case282,451,coffee_table/case282,1,pick up the chocolate pudding from wooden cabinet top side,0,"Organize a culinary scene by relocating items, including chocolate pudding, mugs, a frypan, and a wine bottle between a wooden cabinet, coffee table, and microwave.",pick up the chocolate pudding from wooden cabinet top side,[HOLD],77,1
coffee_table/case282,452,coffee_table/case282,1,pick up the chocolate pudding from wooden cabinet top side,0,"Organize a culinary scene by relocating items, including chocolate pudding, mugs, a frypan, and a wine bottle between a wooden cabinet, coffee table, and microwave.",pick up the chocolate pudding from wooden cabinet top side,[HOLD],78,1
coffee_table/case282,453,coffee_table/case282,1,pick up the chocolate pudding from wooden cabinet top side,0,"Organize a culinary scene by relocating items, including chocolate pudding, mugs, a frypan, and a wine bottle between a wooden cabinet, coffee table, and microwave.",pick up the chocolate pudding from wooden cabinet top side,[HOLD],79,1
coffee_table/case282,454,coffee_table/case282,1,pick up the chocolate pudding from wooden cabinet top side,0,"Organize a culinary scene by relocating items, including chocolate pudding, mugs, a frypan, and a wine bottle between a wooden cabinet, coffee table, and microwave.",pick up the chocolate pudding from wooden cabinet top side,[HOLD],80,1
coffee_table/case282,455,coffee_table/case282,1,pick up the chocolate pudding from wooden cabinet top side,0,"Organize a culinary scene by relocating items, including chocolate pudding, mugs, a frypan, and a wine bottle between a wooden cabinet, coffee table, and microwave.",pick up the chocolate pudding from wooden cabinet top side,[HOLD],81,1
coffee_table/case282,456,coffee_table/case282,1,pick up the chocolate pudding from wooden cabinet top side,0,"Organize a culinary scene by relocating items, including chocolate pudding, mugs, a frypan, and a wine bottle between a wooden cabinet, coffee table, and microwave.",pick up the chocolate pudding from wooden cabinet top side,[HOLD],82,1
coffee_table/case282,457,coffee_table/case282,1,pick up the chocolate pudding from wooden cabinet top side,0,"Organize a culinary scene by relocating items, including chocolate pudding, mugs, a frypan, and a wine bottle between a wooden cabinet, coffee table, and microwave.",pick up the chocolate pudding from wooden cabinet top side,[HOLD],83,1
coffee_table/case282,458,coffee_table/case282,1,pick up the chocolate pudding from wooden cabinet top side,0,"Organize a culinary scene by relocating items, including chocolate pudding, mugs, a frypan, and a wine bottle between a wooden cabinet, coffee table, and microwave.",pick up the chocolate pudding from wooden cabinet top side,[HOLD],84,1
coffee_table/case282,459,coffee_table/case282,1,pick up the chocolate pudding from wooden cabinet top side,0,"Organize a culinary scene by relocating items, including chocolate pudding, mugs, a frypan, and a wine bottle between a wooden cabinet, coffee table, and microwave.",pick up the chocolate pudding from wooden cabinet top side,[HOLD],85,1
coffee_table/case282,460,coffee_table/case282,1,pick up the chocolate pudding from wooden cabinet top side,0,"Organize a culinary scene by relocating items, including chocolate pudding, mugs, a frypan, and a wine bottle between a wooden cabinet, coffee table, and microwave.",pick up the chocolate pudding from wooden cabinet top side,[HOLD],86,1
coffee_table/case282,461,coffee_table/case282,1,pick up the chocolate pudding from wooden cabinet top side,0,"Organize a culinary scene by relocating items, including chocolate pudding, mugs, a frypan, and a wine bottle between a wooden cabinet, coffee table, and microwave.",pick up the chocolate pudding from wooden cabinet top side,[HOLD],87,1
coffee_table/case282,462,coffee_table/case282,1,pick up the chocolate pudding from wooden cabinet top side,0,"Organize a culinary scene by relocating items, including chocolate pudding, mugs, a frypan, and a wine bottle between a wooden cabinet, coffee table, and microwave.",pick up the chocolate pudding from wooden cabinet top side,[HOLD],88,1
coffee_table/case282,463,coffee_table/case282,1,pick up the chocolate pudding from wooden cabinet top side,0,"Organize a culinary scene by relocating items, including chocolate pudding, mugs, a frypan, and a wine bottle between a wooden cabinet, coffee table, and microwave.",pick up the chocolate pudding from wooden cabinet top side,[HOLD],89,1
coffee_table/case282,464,coffee_table/case282,1,pick up the chocolate pudding from wooden cabinet top side,0,"Organize a culinary scene by relocating items, including chocolate pudding, mugs, a frypan, and a wine bottle between a wooden cabinet, coffee table, and microwave.",pick up the chocolate pudding from wooden cabinet top side,[HOLD],90,1
coffee_table/case282,465,coffee_table/case282,1,pick up the chocolate pudding from wooden cabinet top side,0,"Organize a culinary scene by relocating items, including chocolate pudding, mugs, a frypan, and a wine bottle between a wooden cabinet, coffee table, and microwave.",pick up the chocolate pudding from wooden cabinet top side,[HOLD],91,1
coffee_table/case282,466,coffee_table/case282,1,pick up the chocolate pudding from wooden cabinet top side,0,"Organize a culinary scene by relocating items, including chocolate pudding, mugs, a frypan, and a wine bottle between a wooden cabinet, coffee table, and microwave.",pick up the chocolate pudding from wooden cabinet top side,[HOLD],92,1
coffee_table/case282,467,coffee_table/case282,1,pick up the chocolate pudding from wooden cabinet top side,0,"Organize a culinary scene by relocating items, including chocolate pudding, mugs, a frypan, and a wine bottle between a wooden cabinet, coffee table, and microwave.",pick up the chocolate pudding from wooden cabinet top side,[HOLD],93,1
coffee_table/case282,468,coffee_table/case282,1,pick up the chocolate pudding from wooden cabinet top side,0,"Organize a culinary scene by relocating items, including chocolate pudding, mugs, a frypan, and a wine bottle between a wooden cabinet, coffee table, and microwave.",pick up the chocolate pudding from wooden cabinet top side,[HOLD],94,1
coffee_table/case282,469,coffee_table/case282,1,pick up the chocolate pudding from wooden cabinet top side,0,"Organize a culinary scene by relocating items, including chocolate pudding, mugs, a frypan, and a wine bottle between a wooden cabinet, coffee table, and microwave.",pick up the chocolate pudding from wooden cabinet top side,[HOLD],95,1
coffee_table/case282,470,coffee_table/case282,1,pick up the chocolate pudding from wooden cabinet top side,0,"Organize a culinary scene by relocating items, including chocolate pudding, mugs, a frypan, and a wine bottle between a wooden cabinet, coffee table, and microwave.",pick up the chocolate pudding from wooden cabinet top side,[HOLD],96,1
coffee_table/case282,471,coffee_table/case282,1,pick up the chocolate pudding from wooden cabinet top side,0,"Organize a culinary scene by relocating items, including chocolate pudding, mugs, a frypan, and a wine bottle between a wooden cabinet, coffee table, and microwave.",pick up the chocolate pudding from wooden cabinet top side,[HOLD],97,1
coffee_table/case282,472,coffee_table/case282,1,pick up the chocolate pudding from wooden cabinet top side,0,"Organize a culinary scene by relocating items, including chocolate pudding, mugs, a frypan, and a wine bottle between a wooden cabinet, coffee table, and microwave.",pick up the chocolate pudding from wooden cabinet top side,[HOLD],98,1
coffee_table/case282,473,coffee_table/case282,1,pick up the chocolate pudding from wooden cabinet top side,0,"Organize a culinary scene by relocating items, including chocolate pudding, mugs, a frypan, and a wine bottle between a wooden cabinet, coffee table, and microwave.",pick up the chocolate pudding from wooden cabinet top side,[HOLD],99,1
coffee_table/case282,474,coffee_table/case282,1,pick up the chocolate pudding from wooden cabinet top side,0,"Organize a culinary scene by relocating items, including chocolate pudding, mugs, a frypan, and a wine bottle between a wooden cabinet, coffee table, and microwave.",pick up the chocolate pudding from wooden cabinet top side,[HOLD],100,1
coffee_table/case282,475,coffee_table/case282,1,pick up the chocolate pudding from wooden cabinet top side,0,"Organize a culinary scene by relocating items, including chocolate pudding, mugs, a frypan, and a wine bottle between a wooden cabinet, coffee table, and microwave.",pick up the chocolate pudding from wooden cabinet top side,[HOLD],101,1
coffee_table/case282,476,coffee_table/case282,1,pick up the chocolate pudding from wooden cabinet top side,0,"Organize a culinary scene by relocating items, including chocolate pudding, mugs, a frypan, and a wine bottle between a wooden cabinet, coffee table, and microwave.",pick up the chocolate pudding from wooden cabinet top side,[HOLD],102,1
coffee_table/case282,477,coffee_table/case282,1,pick up the chocolate pudding from wooden cabinet top side,0,"Organize a culinary scene by relocating items, including chocolate pudding, mugs, a frypan, and a wine bottle between a wooden cabinet, coffee table, and microwave.",pick up the chocolate pudding from wooden cabinet top side,[HOLD],103,1
coffee_table/case282,478,coffee_table/case282,1,pick up the chocolate pudding from wooden cabinet top side,0,"Organize a culinary scene by relocating items, including chocolate pudding, mugs, a frypan, and a wine bottle between a wooden cabinet, coffee table, and microwave.",pick up the chocolate pudding from wooden cabinet top side,[HOLD],104,1
coffee_table/case282,479,coffee_table/case282,1,pick up the chocolate pudding from wooden cabinet top side,0,"Organize a culinary scene by relocating items, including chocolate pudding, mugs, a frypan, and a wine bottle between a wooden cabinet, coffee table, and microwave.",pick up the chocolate pudding from wooden cabinet top side,[HOLD],105,1
coffee_table/case282,480,coffee_table/case282,1,pick up the chocolate pudding from wooden cabinet top side,0,"Organize a culinary scene by relocating items, including chocolate pudding, mugs, a frypan, and a wine bottle between a wooden cabinet, coffee table, and microwave.",pick up the chocolate pudding from wooden cabinet top side,[HOLD],106,1
coffee_table/case282,481,coffee_table/case282,1,pick up the chocolate pudding from wooden cabinet top side,0,"Organize a culinary scene by relocating items, including chocolate pudding, mugs, a frypan, and a wine bottle between a wooden cabinet, coffee table, and microwave.",pick up the chocolate pudding from wooden cabinet top side,[HOLD],107,1
coffee_table/case282,482,coffee_table/case282,1,pick up the chocolate pudding from wooden cabinet top side,0,"Organize a culinary scene by relocating items, including chocolate pudding, mugs, a frypan, and a wine bottle between a wooden cabinet, coffee table, and microwave.",pick up the chocolate pudding from wooden cabinet top side,[HOLD],108,1
coffee_table/case282,483,coffee_table/case282,1,pick up the chocolate pudding from wooden cabinet top side,0,"Organize a culinary scene by relocating items, including chocolate pudding, mugs, a frypan, and a wine bottle between a wooden cabinet, coffee table, and microwave.",pick up the chocolate pudding from wooden cabinet top side,[HOLD],109,1
coffee_table/case282,484,coffee_table/case282,1,pick up the chocolate pudding from wooden cabinet top side,0,"Organize a culinary scene by relocating items, including chocolate pudding, mugs, a frypan, and a wine bottle between a wooden cabinet, coffee table, and microwave.",pick up the chocolate pudding from wooden cabinet top side,[HOLD],110,1
coffee_table/case282,485,coffee_table/case282,1,pick up the chocolate pudding from wooden cabinet top side,0,"Organize a culinary scene by relocating items, including chocolate pudding, mugs, a frypan, and a wine bottle between a wooden cabinet, coffee table, and microwave.",pick up the chocolate pudding from wooden cabinet top side,[HOLD],111,1
coffee_table/case282,486,coffee_table/case282,1,pick up the chocolate pudding from wooden cabinet top side,0,"Organize a culinary scene by relocating items, including chocolate pudding, mugs, a frypan, and a wine bottle between a wooden cabinet, coffee table, and microwave.",pick up the chocolate pudding from wooden cabinet top side,[HOLD],112,1
coffee_table/case282,487,coffee_table/case282,1,pick up the chocolate pudding from wooden cabinet top side,0,"Organize a culinary scene by relocating items, including chocolate pudding, mugs, a frypan, and a wine bottle between a wooden cabinet, coffee table, and microwave.",pick up the chocolate pudding from wooden cabinet top side,[HOLD],113,1
coffee_table/case282,488,coffee_table/case282,1,pick up the chocolate pudding from wooden cabinet top side,0,"Organize a culinary scene by relocating items, including chocolate pudding, mugs, a frypan, and a wine bottle between a wooden cabinet, coffee table, and microwave.",pick up the chocolate pudding from wooden cabinet top side,[HOLD],114,1
coffee_table/case282,489,coffee_table/case282,1,pick up the chocolate pudding from wooden cabinet top side,0,"Organize a culinary scene by relocating items, including chocolate pudding, mugs, a frypan, and a wine bottle between a wooden cabinet, coffee table, and microwave.",pick up the chocolate pudding from wooden cabinet top side,[HOLD],115,1
coffee_table/case282,490,coffee_table/case282,1,pick up the chocolate pudding from wooden cabinet top side,0,"Organize a culinary scene by relocating items, including chocolate pudding, mugs, a frypan, and a wine bottle between a wooden cabinet, coffee table, and microwave.",pick up the chocolate pudding from wooden cabinet top side,[HOLD],116,1
coffee_table/case282,491,coffee_table/case282,1,pick up the chocolate pudding from wooden cabinet top side,0,"Organize a culinary scene by relocating items, including chocolate pudding, mugs, a frypan, and a wine bottle between a wooden cabinet, coffee table, and microwave.",pick up the chocolate pudding from wooden cabinet top side,[HOLD],117,1
coffee_table/case282,492,coffee_table/case282,1,pick up the chocolate pudding from wooden cabinet top side,0,"Organize a culinary scene by relocating items, including chocolate pudding, mugs, a frypan, and a wine bottle between a wooden cabinet, coffee table, and microwave.",pick up the chocolate pudding from wooden cabinet top side,[HOLD],118,1
coffee_table/case282,493,coffee_table/case282,1,pick up the chocolate pudding from wooden cabinet top side,0,"Organize a culinary scene by relocating items, including chocolate pudding, mugs, a frypan, and a wine bottle between a wooden cabinet, coffee table, and microwave.",pick up the chocolate pudding from wooden cabinet top side,[HOLD],119,1
coffee_table/case282,494,coffee_table/case282,1,pick up the chocolate pudding from wooden cabinet top side,0,"Organize a culinary scene by relocating items, including chocolate pudding, mugs, a frypan, and a wine bottle between a wooden cabinet, coffee table, and microwave.",pick up the chocolate pudding from wooden cabinet top side,[HOLD],120,1
coffee_table/case282,495,coffee_table/case282,1,pick up the chocolate pudding from wooden cabinet top side,0,"Organize a culinary scene by relocating items, including chocolate pudding, mugs, a frypan, and a wine bottle between a wooden cabinet, coffee table, and microwave.",pick up the chocolate pudding from wooden cabinet top side,[HOLD],121,1
coffee_table/case282,496,coffee_table/case282,1,pick up the chocolate pudding from wooden cabinet top side,0,"Organize a culinary scene by relocating items, including chocolate pudding, mugs, a frypan, and a wine bottle between a wooden cabinet, coffee table, and microwave.",pick up the chocolate pudding from wooden cabinet top side,[HOLD],122,1
coffee_table/case282,497,coffee_table/case282,1,pick up the chocolate pudding from wooden cabinet top side,0,"Organize a culinary scene by relocating items, including chocolate pudding, mugs, a frypan, and a wine bottle between a wooden cabinet, coffee table, and microwave.",pick up the chocolate pudding from wooden cabinet top side,[HOLD],123,1
coffee_table/case282,498,coffee_table/case282,1,pick up the chocolate pudding from wooden cabinet top side,0,"Organize a culinary scene by relocating items, including chocolate pudding, mugs, a frypan, and a wine bottle between a wooden cabinet, coffee table, and microwave.",pick up the chocolate pudding from wooden cabinet top side,[HOLD],124,1
coffee_table/case282,499,coffee_table/case282,1,pick up the chocolate pudding from wooden cabinet top side,0,"Organize a culinary scene by relocating items, including chocolate pudding, mugs, a frypan, and a wine bottle between a wooden cabinet, coffee table, and microwave.",pick up the chocolate pudding from wooden cabinet top side,[HOLD],125,1
coffee_table/case282,500,coffee_table/case282,1,pick up the chocolate pudding from wooden cabinet top side,0,"Organize a culinary scene by relocating items, including chocolate pudding, mugs, a frypan, and a wine bottle between a wooden cabinet, coffee table, and microwave.",pick up the chocolate pudding from wooden cabinet top side,[HOLD],126,1
coffee_table/case282,501,coffee_table/case282,1,pick up the chocolate pudding from wooden cabinet top side,0,"Organize a culinary scene by relocating items, including chocolate pudding, mugs, a frypan, and a wine bottle between a wooden cabinet, coffee table, and microwave.",pick up the chocolate pudding from wooden cabinet top side,[HOLD],127,1
coffee_table/case282,502,coffee_table/case282,1,pick up the chocolate pudding from wooden cabinet top side,0,"Organize a culinary scene by relocating items, including chocolate pudding, mugs, a frypan, and a wine bottle between a wooden cabinet, coffee table, and microwave.",pick up the chocolate pudding from wooden cabinet top side,[HOLD],128,1
coffee_table/case282,503,coffee_table/case282,1,pick up the chocolate pudding from wooden cabinet top side,0,"Organize a culinary scene by relocating items, including chocolate pudding, mugs, a frypan, and a wine bottle between a wooden cabinet, coffee table, and microwave.",pick up the chocolate pudding from wooden cabinet top side,[HOLD],129,1
coffee_table/case282,504,coffee_table/case282,1,pick up the chocolate pudding from wooden cabinet top side,0,"Organize a culinary scene by relocating items, including chocolate pudding, mugs, a frypan, and a wine bottle between a wooden cabinet, coffee table, and microwave.",pick up the chocolate pudding from wooden cabinet top side,[HOLD],130,1
coffee_table/case282,505,coffee_table/case282,1,pick up the chocolate pudding from wooden cabinet top side,0,"Organize a culinary scene by relocating items, including chocolate pudding, mugs, a frypan, and a wine bottle between a wooden cabinet, coffee table, and microwave.",pick up the chocolate pudding from wooden cabinet top side,[HOLD],131,1
coffee_table/case282,506,coffee_table/case282,1,pick up the chocolate pudding from wooden cabinet top side,0,"Organize a culinary scene by relocating items, including chocolate pudding, mugs, a frypan, and a wine bottle between a wooden cabinet, coffee table, and microwave.",pick up the chocolate pudding from wooden cabinet top side,[HOLD],132,1
coffee_table/case282,507,coffee_table/case282,1,pick up the chocolate pudding from wooden cabinet top side,0,"Organize a culinary scene by relocating items, including chocolate pudding, mugs, a frypan, and a wine bottle between a wooden cabinet, coffee table, and microwave.",pick up the chocolate pudding from wooden cabinet top side,[HOLD],133,1
coffee_table/case282,508,coffee_table/case282,1,pick up the chocolate pudding from wooden cabinet top side,0,"Organize a culinary scene by relocating items, including chocolate pudding, mugs, a frypan, and a wine bottle between a wooden cabinet, coffee table, and microwave.",pick up the chocolate pudding from wooden cabinet top side,[HOLD],134,1
coffee_table/case282,509,coffee_table/case282,1,pick up the chocolate pudding from wooden cabinet top side,0,"Organize a culinary scene by relocating items, including chocolate pudding, mugs, a frypan, and a wine bottle between a wooden cabinet, coffee table, and microwave.",pick up the chocolate pudding from wooden cabinet top side,[HOLD],135,1
coffee_table/case282,510,coffee_table/case282,1,pick up the chocolate pudding from wooden cabinet top side,0,"Organize a culinary scene by relocating items, including chocolate pudding, mugs, a frypan, and a wine bottle between a wooden cabinet, coffee table, and microwave.",pick up the chocolate pudding from wooden cabinet top side,[HOLD],136,1
coffee_table/case282,511,coffee_table/case282,1,pick up the chocolate pudding from wooden cabinet top side,0,"Organize a culinary scene by relocating items, including chocolate pudding, mugs, a frypan, and a wine bottle between a wooden cabinet, coffee table, and microwave.",pick up the chocolate pudding from wooden cabinet top side,[HOLD],137,1
coffee_table/case282,512,coffee_table/case282,1,pick up the chocolate pudding from wooden cabinet top side,0,"Organize a culinary scene by relocating items, including chocolate pudding, mugs, a frypan, and a wine bottle between a wooden cabinet, coffee table, and microwave.",pick up the chocolate pudding from wooden cabinet top side,[HOLD],138,1
coffee_table/case282,513,coffee_table/case282,1,pick up the chocolate pudding from wooden cabinet top side,0,"Organize a culinary scene by relocating items, including chocolate pudding, mugs, a frypan, and a wine bottle between a wooden cabinet, coffee table, and microwave.",pick up the chocolate pudding from wooden cabinet top side,[HOLD],139,1
coffee_table/case282,514,coffee_table/case282,1,pick up the chocolate pudding from wooden cabinet top side,0,"Organize a culinary scene by relocating items, including chocolate pudding, mugs, a frypan, and a wine bottle between a wooden cabinet, coffee table, and microwave.",pick up the chocolate pudding from wooden cabinet top side,[HOLD],140,1
coffee_table/case282,515,coffee_table/case282,1,pick up the chocolate pudding from wooden cabinet top side,0,"Organize a culinary scene by relocating items, including chocolate pudding, mugs, a frypan, and a wine bottle between a wooden cabinet, coffee table, and microwave.",pick up the chocolate pudding from wooden cabinet top side,[HOLD],141,1
coffee_table/case282,516,coffee_table/case282,1,pick up the chocolate pudding from wooden cabinet top side,0,"Organize a culinary scene by relocating items, including chocolate pudding, mugs, a frypan, and a wine bottle between a wooden cabinet, coffee table, and microwave.",pick up the chocolate pudding from wooden cabinet top side,[HOLD],142,1
coffee_table/case282,517,coffee_table/case282,1,pick up the chocolate pudding from wooden cabinet top side,0,"Organize a culinary scene by relocating items, including chocolate pudding, mugs, a frypan, and a wine bottle between a wooden cabinet, coffee table, and microwave.",pick up the chocolate pudding from wooden cabinet top side,[HOLD],143,1
coffee_table/case282,518,coffee_table/case282,1,pick up the chocolate pudding from wooden cabinet top side,0,"Organize a culinary scene by relocating items, including chocolate pudding, mugs, a frypan, and a wine bottle between a wooden cabinet, coffee table, and microwave.",pick up the chocolate pudding from wooden cabinet top side,[HOLD],144,1
coffee_table/case282,519,coffee_table/case282,1,pick up the chocolate pudding from wooden cabinet top side,0,"Organize a culinary scene by relocating items, including chocolate pudding, mugs, a frypan, and a wine bottle between a wooden cabinet, coffee table, and microwave.",pick up the chocolate pudding from wooden cabinet top side,[HOLD],145,1
coffee_table/case282,520,coffee_table/case282,1,pick up the chocolate pudding from wooden cabinet top side,0,"Organize a culinary scene by relocating items, including chocolate pudding, mugs, a frypan, and a wine bottle between a wooden cabinet, coffee table, and microwave.",pick up the chocolate pudding from wooden cabinet top side,[HOLD],146,1
coffee_table/case282,521,coffee_table/case282,1,pick up the chocolate pudding from wooden cabinet top side,0,"Organize a culinary scene by relocating items, including chocolate pudding, mugs, a frypan, and a wine bottle between a wooden cabinet, coffee table, and microwave.",pick up the chocolate pudding from wooden cabinet top side,[HOLD],147,1
coffee_table/case282,522,coffee_table/case282,1,pick up the chocolate pudding from wooden cabinet top side,0,"Organize a culinary scene by relocating items, including chocolate pudding, mugs, a frypan, and a wine bottle between a wooden cabinet, coffee table, and microwave.",pick up the chocolate pudding from wooden cabinet top side,[HOLD],148,1
coffee_table/case282,523,coffee_table/case282,1,pick up the chocolate pudding from wooden cabinet top side,0,"Organize a culinary scene by relocating items, including chocolate pudding, mugs, a frypan, and a wine bottle between a wooden cabinet, coffee table, and microwave.",pick up the chocolate pudding from wooden cabinet top side,[HOLD],149,1
coffee_table/case282,524,coffee_table/case282,1,pick up the chocolate pudding from wooden cabinet top side,0,"Organize a culinary scene by relocating items, including chocolate pudding, mugs, a frypan, and a wine bottle between a wooden cabinet, coffee table, and microwave.",pick up the chocolate pudding from wooden cabinet top side,[HOLD],150,1
coffee_table/case282,525,coffee_table/case282,1,pick up the chocolate pudding from wooden cabinet top side,0,"Organize a culinary scene by relocating items, including chocolate pudding, mugs, a frypan, and a wine bottle between a wooden cabinet, coffee table, and microwave.",pick up the chocolate pudding from wooden cabinet top side,[HOLD],151,1
coffee_table/case282,526,coffee_table/case282,1,pick up the chocolate pudding from wooden cabinet top side,0,"Organize a culinary scene by relocating items, including chocolate pudding, mugs, a frypan, and a wine bottle between a wooden cabinet, coffee table, and microwave.",pick up the chocolate pudding from wooden cabinet top side,[HOLD],152,1
coffee_table/case282,527,coffee_table/case282,1,pick up the chocolate pudding from wooden cabinet top side,0,"Organize a culinary scene by relocating items, including chocolate pudding, mugs, a frypan, and a wine bottle between a wooden cabinet, coffee table, and microwave.",pick up the chocolate pudding from wooden cabinet top side,[HOLD],153,1
coffee_table/case282,528,coffee_table/case282,1,pick up the chocolate pudding from wooden cabinet top side,0,"Organize a culinary scene by relocating items, including chocolate pudding, mugs, a frypan, and a wine bottle between a wooden cabinet, coffee table, and microwave.",pick up the chocolate pudding from wooden cabinet top side,[HOLD],154,1
coffee_table/case282,529,coffee_table/case282,1,pick up the chocolate pudding from wooden cabinet top side,0,"Organize a culinary scene by relocating items, including chocolate pudding, mugs, a frypan, and a wine bottle between a wooden cabinet, coffee table, and microwave.",pick up the chocolate pudding from wooden cabinet top side,[HOLD],155,1
coffee_table/case282,530,coffee_table/case282,1,pick up the chocolate pudding from wooden cabinet top side,0,"Organize a culinary scene by relocating items, including chocolate pudding, mugs, a frypan, and a wine bottle between a wooden cabinet, coffee table, and microwave.",pick up the chocolate pudding from wooden cabinet top side,[HOLD],156,1
coffee_table/case282,531,coffee_table/case282,1,pick up the chocolate pudding from wooden cabinet top side,0,"Organize a culinary scene by relocating items, including chocolate pudding, mugs, a frypan, and a wine bottle between a wooden cabinet, coffee table, and microwave.",pick up the chocolate pudding from wooden cabinet top side,[HOLD],157,1
coffee_table/case282,532,coffee_table/case282,1,pick up the chocolate pudding from wooden cabinet top side,0,"Organize a culinary scene by relocating items, including chocolate pudding, mugs, a frypan, and a wine bottle between a wooden cabinet, coffee table, and microwave.",pick up the chocolate pudding from wooden cabinet top side,[HOLD],158,1
coffee_table/case282,533,coffee_table/case282,1,pick up the chocolate pudding from wooden cabinet top side,0,"Organize a culinary scene by relocating items, including chocolate pudding, mugs, a frypan, and a wine bottle between a wooden cabinet, coffee table, and microwave.",pick up the chocolate pudding from wooden cabinet top side,[HOLD],159,1
coffee_table/case282,534,coffee_table/case282,1,pick up the chocolate pudding from wooden cabinet top side,0,"Organize a culinary scene by relocating items, including chocolate pudding, mugs, a frypan, and a wine bottle between a wooden cabinet, coffee table, and microwave.",pick up the chocolate pudding from wooden cabinet top side,[HOLD],160,1
coffee_table/case282,535,coffee_table/case282,1,pick up the chocolate pudding from wooden cabinet top side,0,"Organize a culinary scene by relocating items, including chocolate pudding, mugs, a frypan, and a wine bottle between a wooden cabinet, coffee table, and microwave.",pick up the chocolate pudding from wooden cabinet top side,[HOLD],161,1
coffee_table/case282,536,coffee_table/case282,1,pick up the chocolate pudding from wooden cabinet top side,0,"Organize a culinary scene by relocating items, including chocolate pudding, mugs, a frypan, and a wine bottle between a wooden cabinet, coffee table, and microwave.",pick up the chocolate pudding from wooden cabinet top side,[HOLD],162,1
coffee_table/case282,537,coffee_table/case282,1,pick up the chocolate pudding from wooden cabinet top side,0,"Organize a culinary scene by relocating items, including chocolate pudding, mugs, a frypan, and a wine bottle between a wooden cabinet, coffee table, and microwave.",pick up the chocolate pudding from wooden cabinet top side,[HOLD],163,1
coffee_table/case282,538,coffee_table/case282,1,pick up the chocolate pudding from wooden cabinet top side,0,"Organize a culinary scene by relocating items, including chocolate pudding, mugs, a frypan, and a wine bottle between a wooden cabinet, coffee table, and microwave.",pick up the chocolate pudding from wooden cabinet top side,[HOLD],164,1
coffee_table/case282,539,coffee_table/case282,1,pick up the chocolate pudding from wooden cabinet top side,0,"Organize a culinary scene by relocating items, including chocolate pudding, mugs, a frypan, and a wine bottle between a wooden cabinet, coffee table, and microwave.",pick up the chocolate pudding from wooden cabinet top side,[HOLD],165,1
coffee_table/case282,540,coffee_table/case282,1,pick up the chocolate pudding from wooden cabinet top side,0,"Organize a culinary scene by relocating items, including chocolate pudding, mugs, a frypan, and a wine bottle between a wooden cabinet, coffee table, and microwave.",pick up the chocolate pudding from wooden cabinet top side,[HOLD],166,1
coffee_table/case282,541,coffee_table/case282,1,pick up the chocolate pudding from wooden cabinet top side,0,"Organize a culinary scene by relocating items, including chocolate pudding, mugs, a frypan, and a wine bottle between a wooden cabinet, coffee table, and microwave.",pick up the chocolate pudding from wooden cabinet top side,[HOLD],167,1
coffee_table/case282,542,coffee_table/case282,1,pick up the chocolate pudding from wooden cabinet top side,0,"Organize a culinary scene by relocating items, including chocolate pudding, mugs, a frypan, and a wine bottle between a wooden cabinet, coffee table, and microwave.",pick up the chocolate pudding from wooden cabinet top side,[HOLD],168,1
coffee_table/case282,543,coffee_table/case282,1,pick up the chocolate pudding from wooden cabinet top side,0,"Organize a culinary scene by relocating items, including chocolate pudding, mugs, a frypan, and a wine bottle between a wooden cabinet, coffee table, and microwave.",pick up the chocolate pudding from wooden cabinet top side,[HOLD],169,1
coffee_table/case282,544,coffee_table/case282,1,pick up the chocolate pudding from wooden cabinet top side,0,"Organize a culinary scene by relocating items, including chocolate pudding, mugs, a frypan, and a wine bottle between a wooden cabinet, coffee table, and microwave.",pick up the chocolate pudding from wooden cabinet top side,[HOLD],170,1
coffee_table/case282,545,coffee_table/case282,1,pick up the chocolate pudding from wooden cabinet top side,0,"Organize a culinary scene by relocating items, including chocolate pudding, mugs, a frypan, and a wine bottle between a wooden cabinet, coffee table, and microwave.",pick up the chocolate pudding from wooden cabinet top side,[HOLD],171,1
coffee_table/case282,546,coffee_table/case282,1,pick up the chocolate pudding from wooden cabinet top side,0,"Organize a culinary scene by relocating items, including chocolate pudding, mugs, a frypan, and a wine bottle between a wooden cabinet, coffee table, and microwave.",pick up the chocolate pudding from wooden cabinet top side,[HOLD],172,1
coffee_table/case282,547,coffee_table/case282,1,pick up the chocolate pudding from wooden cabinet top side,0,"Organize a culinary scene by relocating items, including chocolate pudding, mugs, a frypan, and a wine bottle between a wooden cabinet, coffee table, and microwave.",pick up the chocolate pudding from wooden cabinet top side,[HOLD],173,1
coffee_table/case282,548,coffee_table/case282,1,pick up the chocolate pudding from wooden cabinet top side,0,"Organize a culinary scene by relocating items, including chocolate pudding, mugs, a frypan, and a wine bottle between a wooden cabinet, coffee table, and microwave.",pick up the chocolate pudding from wooden cabinet top side,[HOLD],174,1
coffee_table/case282,549,coffee_table/case282,1,pick up the chocolate pudding from wooden cabinet top side,0,"Organize a culinary scene by relocating items, including chocolate pudding, mugs, a frypan, and a wine bottle between a wooden cabinet, coffee table, and microwave.",pick up the chocolate pudding from wooden cabinet top side,[HOLD],175,1
coffee_table/case282,550,coffee_table/case282,1,pick up the chocolate pudding from wooden cabinet top side,0,"Organize a culinary scene by relocating items, including chocolate pudding, mugs, a frypan, and a wine bottle between a wooden cabinet, coffee table, and microwave.",pick up the chocolate pudding from wooden cabinet top side,[HOLD],176,1
coffee_table/case282,551,coffee_table/case282,1,pick up the chocolate pudding from wooden cabinet top side,0,"Organize a culinary scene by relocating items, including chocolate pudding, mugs, a frypan, and a wine bottle between a wooden cabinet, coffee table, and microwave.",pick up the chocolate pudding from wooden cabinet top side,[HOLD],177,1
coffee_table/case282,552,coffee_table/case282,1,pick up the chocolate pudding from wooden cabinet top side,0,"Organize a culinary scene by relocating items, including chocolate pudding, mugs, a frypan, and a wine bottle between a wooden cabinet, coffee table, and microwave.",pick up the chocolate pudding from wooden cabinet top side,[HOLD],178,1
coffee_table/case282,553,coffee_table/case282,1,pick up the chocolate pudding from wooden cabinet top side,0,"Organize a culinary scene by relocating items, including chocolate pudding, mugs, a frypan, and a wine bottle between a wooden cabinet, coffee table, and microwave.",pick up the chocolate pudding from wooden cabinet top side,[HOLD],179,1
coffee_table/case282,554,coffee_table/case282,1,pick up the chocolate pudding from wooden cabinet top side,0,"Organize a culinary scene by relocating items, including chocolate pudding, mugs, a frypan, and a wine bottle between a wooden cabinet, coffee table, and microwave.",pick up the chocolate pudding from wooden cabinet top side,[HOLD],180,1
coffee_table/case282,555,coffee_table/case282,1,pick up the chocolate pudding from wooden cabinet top side,0,"Organize a culinary scene by relocating items, including chocolate pudding, mugs, a frypan, and a wine bottle between a wooden cabinet, coffee table, and microwave.",pick up the chocolate pudding from wooden cabinet top side,[HOLD],181,1
coffee_table/case282,556,coffee_table/case282,1,pick up the chocolate pudding from wooden cabinet top side,0,"Organize a culinary scene by relocating items, including chocolate pudding, mugs, a frypan, and a wine bottle between a wooden cabinet, coffee table, and microwave.",pick up the chocolate pudding from wooden cabinet top side,[HOLD],182,1
coffee_table/case282,557,coffee_table/case282,1,pick up the chocolate pudding from wooden cabinet top side,0,"Organize a culinary scene by relocating items, including chocolate pudding, mugs, a frypan, and a wine bottle between a wooden cabinet, coffee table, and microwave.",pick up the chocolate pudding from wooden cabinet top side,[HOLD],183,1
coffee_table/case282,558,coffee_table/case282,1,pick up the chocolate pudding from wooden cabinet top side,0,"Organize a culinary scene by relocating items, including chocolate pudding, mugs, a frypan, and a wine bottle between a wooden cabinet, coffee table, and microwave.",pick up the chocolate pudding from wooden cabinet top side,[HOLD],184,1
coffee_table/case282,559,coffee_table/case282,1,pick up the chocolate pudding from wooden cabinet top side,0,"Organize a culinary scene by relocating items, including chocolate pudding, mugs, a frypan, and a wine bottle between a wooden cabinet, coffee table, and microwave.",pick up the chocolate pudding from wooden cabinet top side,[HOLD],185,1
coffee_table/case282,560,coffee_table/case282,1,pick up the chocolate pudding from wooden cabinet top side,0,"Organize a culinary scene by relocating items, including chocolate pudding, mugs, a frypan, and a wine bottle between a wooden cabinet, coffee table, and microwave.",pick up the chocolate pudding from wooden cabinet top side,[HOLD],186,1
coffee_table/case282,561,coffee_table/case282,1,pick up the chocolate pudding from wooden cabinet top side,0,"Organize a culinary scene by relocating items, including chocolate pudding, mugs, a frypan, and a wine bottle between a wooden cabinet, coffee table, and microwave.",pick up the chocolate pudding from wooden cabinet top side,[HOLD],187,1
coffee_table/case282,562,coffee_table/case282,1,pick up the chocolate pudding from wooden cabinet top side,0,"Organize a culinary scene by relocating items, including chocolate pudding, mugs, a frypan, and a wine bottle between a wooden cabinet, coffee table, and microwave.",pick up the chocolate pudding from wooden cabinet top side,[HOLD],188,1
coffee_table/case282,563,coffee_table/case282,1,pick up the chocolate pudding from wooden cabinet top side,0,"Organize a culinary scene by relocating items, including chocolate pudding, mugs, a frypan, and a wine bottle between a wooden cabinet, coffee table, and microwave.",pick up the chocolate pudding from wooden cabinet top side,[HOLD],189,1
coffee_table/case282,564,coffee_table/case282,1,pick up the chocolate pudding from wooden cabinet top side,0,"Organize a culinary scene by relocating items, including chocolate pudding, mugs, a frypan, and a wine bottle between a wooden cabinet, coffee table, and microwave.",pick up the chocolate pudding from wooden cabinet top side,[HOLD],190,1
coffee_table/case282,565,coffee_table/case282,1,pick up the chocolate pudding from wooden cabinet top side,0,"Organize a culinary scene by relocating items, including chocolate pudding, mugs, a frypan, and a wine bottle between a wooden cabinet, coffee table, and microwave.",pick up the chocolate pudding from wooden cabinet top side,[HOLD],191,1
coffee_table/case282,566,coffee_table/case282,1,pick up the chocolate pudding from wooden cabinet top side,0,"Organize a culinary scene by relocating items, including chocolate pudding, mugs, a frypan, and a wine bottle between a wooden cabinet, coffee table, and microwave.",pick up the chocolate pudding from wooden cabinet top side,[HOLD],192,1
coffee_table/case282,567,coffee_table/case282,1,pick up the chocolate pudding from wooden cabinet top side,0,"Organize a culinary scene by relocating items, including chocolate pudding, mugs, a frypan, and a wine bottle between a wooden cabinet, coffee table, and microwave.",pick up the chocolate pudding from wooden cabinet top side,[HOLD],193,1
coffee_table/case282,568,coffee_table/case282,1,pick up the chocolate pudding from wooden cabinet top side,0,"Organize a culinary scene by relocating items, including chocolate pudding, mugs, a frypan, and a wine bottle between a wooden cabinet, coffee table, and microwave.",pick up the chocolate pudding from wooden cabinet top side,[HOLD],194,1
coffee_table/case282,569,coffee_table/case282,1,pick up the chocolate pudding from wooden cabinet top side,0,"Organize a culinary scene by relocating items, including chocolate pudding, mugs, a frypan, and a wine bottle between a wooden cabinet, coffee table, and microwave.",pick up the chocolate pudding from wooden cabinet top side,[HOLD],195,1
coffee_table/case282,570,coffee_table/case282,1,pick up the chocolate pudding from wooden cabinet top side,0,"Organize a culinary scene by relocating items, including chocolate pudding, mugs, a frypan, and a wine bottle between a wooden cabinet, coffee table, and microwave.",pick up the chocolate pudding from wooden cabinet top side,[HOLD],196,1
coffee_table/case282,571,coffee_table/case282,1,pick up the chocolate pudding from wooden cabinet top side,0,"Organize a culinary scene by relocating items, including chocolate pudding, mugs, a frypan, and a wine bottle between a wooden cabinet, coffee table, and microwave.",pick up the chocolate pudding from wooden cabinet top side,[HOLD],197,1
coffee_table/case282,572,coffee_table/case282,1,pick up the chocolate pudding from wooden cabinet top side,0,"Organize a culinary scene by relocating items, including chocolate pudding, mugs, a frypan, and a wine bottle between a wooden cabinet, coffee table, and microwave.",pick up the chocolate pudding from wooden cabinet top side,[HOLD],198,1
coffee_table/case282,573,coffee_table/case282,1,pick up the chocolate pudding from wooden cabinet top side,0,"Organize a culinary scene by relocating items, including chocolate pudding, mugs, a frypan, and a wine bottle between a wooden cabinet, coffee table, and microwave.",pick up the chocolate pudding from wooden cabinet top side,[HOLD],199,1
coffee_table/case282,574,coffee_table/case282,1,pick up the chocolate pudding from wooden cabinet top side,0,"Organize a culinary scene by relocating items, including chocolate pudding, mugs, a frypan, and a wine bottle between a wooden cabinet, coffee table, and microwave.",pick up the chocolate pudding from wooden cabinet top side,[HOLD],200,1
coffee_table/case282,575,coffee_table/case282,1,pick up the chocolate pudding from wooden cabinet top side,0,"Organize a culinary scene by relocating items, including chocolate pudding, mugs, a frypan, and a wine bottle between a wooden cabinet, coffee table, and microwave.",pick up the chocolate pudding from wooden cabinet top side,[HOLD],201,1
coffee_table/case282,576,coffee_table/case282,1,pick up the chocolate pudding from wooden cabinet top side,0,"Organize a culinary scene by relocating items, including chocolate pudding, mugs, a frypan, and a wine bottle between a wooden cabinet, coffee table, and microwave.",pick up the chocolate pudding from wooden cabinet top side,[HOLD],202,1
coffee_table/case282,577,coffee_table/case282,1,pick up the chocolate pudding from wooden cabinet top side,0,"Organize a culinary scene by relocating items, including chocolate pudding, mugs, a frypan, and a wine bottle between a wooden cabinet, coffee table, and microwave.",pick up the chocolate pudding from wooden cabinet top side,[HOLD],203,1
coffee_table/case282,578,coffee_table/case282,1,pick up the chocolate pudding from wooden cabinet top side,0,"Organize a culinary scene by relocating items, including chocolate pudding, mugs, a frypan, and a wine bottle between a wooden cabinet, coffee table, and microwave.",pick up the chocolate pudding from wooden cabinet top side,[HOLD],204,1
coffee_table/case282,579,coffee_table/case282,1,pick up the chocolate pudding from wooden cabinet top side,0,"Organize a culinary scene by relocating items, including chocolate pudding, mugs, a frypan, and a wine bottle between a wooden cabinet, coffee table, and microwave.",pick up the chocolate pudding from wooden cabinet top side,[HOLD],205,1
coffee_table/case282,580,coffee_table/case282,1,pick up the chocolate pudding from wooden cabinet top side,0,"Organize a culinary scene by relocating items, including chocolate pudding, mugs, a frypan, and a wine bottle between a wooden cabinet, coffee table, and microwave.",pick up the chocolate pudding from wooden cabinet top side,[HOLD],206,1
coffee_table/case282,581,coffee_table/case282,1,pick up the chocolate pudding from wooden cabinet top side,0,"Organize a culinary scene by relocating items, including chocolate pudding, mugs, a frypan, and a wine bottle between a wooden cabinet, coffee table, and microwave.",pick up the chocolate pudding from wooden cabinet top side,[HOLD],207,1
coffee_table/case282,582,coffee_table/case282,1,pick up the chocolate pudding from wooden cabinet top side,0,"Organize a culinary scene by relocating items, including chocolate pudding, mugs, a frypan, and a wine bottle between a wooden cabinet, coffee table, and microwave.",pick up the chocolate pudding from wooden cabinet top side,[HOLD],208,1
coffee_table/case282,583,coffee_table/case282,1,pick up the chocolate pudding from wooden cabinet top side,0,"Organize a culinary scene by relocating items, including chocolate pudding, mugs, a frypan, and a wine bottle between a wooden cabinet, coffee table, and microwave.",pick up the chocolate pudding from wooden cabinet top side,[HOLD],209,1
coffee_table/case282,584,coffee_table/case282,1,pick up the chocolate pudding from wooden cabinet top side,0,"Organize a culinary scene by relocating items, including chocolate pudding, mugs, a frypan, and a wine bottle between a wooden cabinet, coffee table, and microwave.",pick up the chocolate pudding from wooden cabinet top side,[HOLD],210,1
coffee_table/case282,585,coffee_table/case282,1,pick up the chocolate pudding from wooden cabinet top side,0,"Organize a culinary scene by relocating items, including chocolate pudding, mugs, a frypan, and a wine bottle between a wooden cabinet, coffee table, and microwave.",pick up the chocolate pudding from wooden cabinet top side,[HOLD],211,1
coffee_table/case282,586,coffee_table/case282,1,pick up the chocolate pudding from wooden cabinet top side,0,"Organize a culinary scene by relocating items, including chocolate pudding, mugs, a frypan, and a wine bottle between a wooden cabinet, coffee table, and microwave.",pick up the chocolate pudding from wooden cabinet top side,[HOLD],212,1
coffee_table/case282,587,coffee_table/case282,1,pick up the chocolate pudding from wooden cabinet top side,0,"Organize a culinary scene by relocating items, including chocolate pudding, mugs, a frypan, and a wine bottle between a wooden cabinet, coffee table, and microwave.",pick up the chocolate pudding from wooden cabinet top side,[HOLD],213,1
coffee_table/case282,588,coffee_table/case282,1,pick up the chocolate pudding from wooden cabinet top side,0,"Organize a culinary scene by relocating items, including chocolate pudding, mugs, a frypan, and a wine bottle between a wooden cabinet, coffee table, and microwave.",pick up the chocolate pudding from wooden cabinet top side,[HOLD],214,1
coffee_table/case282,589,coffee_table/case282,1,pick up the chocolate pudding from wooden cabinet top side,0,"Organize a culinary scene by relocating items, including chocolate pudding, mugs, a frypan, and a wine bottle between a wooden cabinet, coffee table, and microwave.",pick up the chocolate pudding from wooden cabinet top side,[HOLD],215,1
coffee_table/case282,590,coffee_table/case282,1,pick up the chocolate pudding from wooden cabinet top side,0,"Organize a culinary scene by relocating items, including chocolate pudding, mugs, a frypan, and a wine bottle between a wooden cabinet, coffee table, and microwave.",pick up the chocolate pudding from wooden cabinet top side,[HOLD],216,1
coffee_table/case282,591,coffee_table/case282,1,pick up the chocolate pudding from wooden cabinet top side,0,"Organize a culinary scene by relocating items, including chocolate pudding, mugs, a frypan, and a wine bottle between a wooden cabinet, coffee table, and microwave.",pick up the chocolate pudding from wooden cabinet top side,[HOLD],217,1
coffee_table/case282,592,coffee_table/case282,1,pick up the chocolate pudding from wooden cabinet top side,0,"Organize a culinary scene by relocating items, including chocolate pudding, mugs, a frypan, and a wine bottle between a wooden cabinet, coffee table, and microwave.",pick up the chocolate pudding from wooden cabinet top side,[HOLD],218,1
coffee_table/case282,593,coffee_table/case282,1,pick up the chocolate pudding from wooden cabinet top side,0,"Organize a culinary scene by relocating items, including chocolate pudding, mugs, a frypan, and a wine bottle between a wooden cabinet, coffee table, and microwave.",pick up the chocolate pudding from wooden cabinet top side,[HOLD],219,1
coffee_table/case282,594,coffee_table/case282,1,pick up the chocolate pudding from wooden cabinet top side,0,"Organize a culinary scene by relocating items, including chocolate pudding, mugs, a frypan, and a wine bottle between a wooden cabinet, coffee table, and microwave.",pick up the chocolate pudding from wooden cabinet top side,[HOLD],220,1
coffee_table/case282,595,coffee_table/case282,1,pick up the chocolate pudding from wooden cabinet top side,0,"Organize a culinary scene by relocating items, including chocolate pudding, mugs, a frypan, and a wine bottle between a wooden cabinet, coffee table, and microwave.",pick up the chocolate pudding from wooden cabinet top side,[HOLD],221,1
coffee_table/case282,596,coffee_table/case282,1,pick up the chocolate pudding from wooden cabinet top side,0,"Organize a culinary scene by relocating items, including chocolate pudding, mugs, a frypan, and a wine bottle between a wooden cabinet, coffee table, and microwave.",pick up the chocolate pudding from wooden cabinet top side,[HOLD],222,1
coffee_table/case282,597,coffee_table/case282,1,pick up the chocolate pudding from wooden cabinet top side,0,"Organize a culinary scene by relocating items, including chocolate pudding, mugs, a frypan, and a wine bottle between a wooden cabinet, coffee table, and microwave.",pick up the chocolate pudding from wooden cabinet top side,[HOLD],223,1
coffee_table/case282,598,coffee_table/case282,1,pick up the chocolate pudding from wooden cabinet top side,0,"Organize a culinary scene by relocating items, including chocolate pudding, mugs, a frypan, and a wine bottle between a wooden cabinet, coffee table, and microwave.",pick up the chocolate pudding from wooden cabinet top side,[HOLD],224,1
coffee_table/case282,599,coffee_table/case282,1,pick up the chocolate pudding from wooden cabinet top side,0,"Organize a culinary scene by relocating items, including chocolate pudding, mugs, a frypan, and a wine bottle between a wooden cabinet, coffee table, and microwave.",pick up the chocolate pudding from wooden cabinet top side,[HOLD],225,1
coffee_table/case282,600,coffee_table/case282,1,pick up the chocolate pudding from wooden cabinet top side,0,"Organize a culinary scene by relocating items, including chocolate pudding, mugs, a frypan, and a wine bottle between a wooden cabinet, coffee table, and microwave.",pick up the chocolate pudding from wooden cabinet top side,[HOLD],226,1
coffee_table/case282,601,coffee_table/case282,1,pick up the chocolate pudding from wooden cabinet top side,0,"Organize a culinary scene by relocating items, including chocolate pudding, mugs, a frypan, and a wine bottle between a wooden cabinet, coffee table, and microwave.",pick up the chocolate pudding from wooden cabinet top side,[HOLD],227,1
coffee_table/case282,602,coffee_table/case282,1,pick up the chocolate pudding from wooden cabinet top side,0,"Organize a culinary scene by relocating items, including chocolate pudding, mugs, a frypan, and a wine bottle between a wooden cabinet, coffee table, and microwave.",pick up the chocolate pudding from wooden cabinet top side,[HOLD],228,1
coffee_table/case282,603,coffee_table/case282,1,pick up the chocolate pudding from wooden cabinet top side,0,"Organize a culinary scene by relocating items, including chocolate pudding, mugs, a frypan, and a wine bottle between a wooden cabinet, coffee table, and microwave.",pick up the chocolate pudding from wooden cabinet top side,[HOLD],229,1
coffee_table/case282,604,coffee_table/case282,1,pick up the chocolate pudding from wooden cabinet top side,0,"Organize a culinary scene by relocating items, including chocolate pudding, mugs, a frypan, and a wine bottle between a wooden cabinet, coffee table, and microwave.",pick up the chocolate pudding from wooden cabinet top side,[HOLD],230,1
coffee_table/case282,605,coffee_table/case282,1,pick up the chocolate pudding from wooden cabinet top side,0,"Organize a culinary scene by relocating items, including chocolate pudding, mugs, a frypan, and a wine bottle between a wooden cabinet, coffee table, and microwave.",pick up the chocolate pudding from wooden cabinet top side,[HOLD],231,1
coffee_table/case282,606,coffee_table/case282,1,pick up the chocolate pudding from wooden cabinet top side,0,"Organize a culinary scene by relocating items, including chocolate pudding, mugs, a frypan, and a wine bottle between a wooden cabinet, coffee table, and microwave.",pick up the chocolate pudding from wooden cabinet top side,[HOLD],232,1
coffee_table/case282,607,coffee_table/case282,1,pick up the chocolate pudding from wooden cabinet top side,0,"Organize a culinary scene by relocating items, including chocolate pudding, mugs, a frypan, and a wine bottle between a wooden cabinet, coffee table, and microwave.",pick up the chocolate pudding from wooden cabinet top side,[HOLD],233,1
coffee_table/case282,608,coffee_table/case282,1,pick up the chocolate pudding from wooden cabinet top side,0,"Organize a culinary scene by relocating items, including chocolate pudding, mugs, a frypan, and a wine bottle between a wooden cabinet, coffee table, and microwave.",pick up the chocolate pudding from wooden cabinet top side,[HOLD],234,1
coffee_table/case282,609,coffee_table/case282,1,pick up the chocolate pudding from wooden cabinet top side,0,"Organize a culinary scene by relocating items, including chocolate pudding, mugs, a frypan, and a wine bottle between a wooden cabinet, coffee table, and microwave.",pick up the chocolate pudding from wooden cabinet top side,[HOLD],235,1
coffee_table/case282,610,coffee_table/case282,1,pick up the chocolate pudding from wooden cabinet top side,0,"Organize a culinary scene by relocating items, including chocolate pudding, mugs, a frypan, and a wine bottle between a wooden cabinet, coffee table, and microwave.",pick up the chocolate pudding from wooden cabinet top side,[HOLD],236,1
coffee_table/case282,611,coffee_table/case282,1,pick up the chocolate pudding from wooden cabinet top side,0,"Organize a culinary scene by relocating items, including chocolate pudding, mugs, a frypan, and a wine bottle between a wooden cabinet, coffee table, and microwave.",pick up the chocolate pudding from wooden cabinet top side,[HOLD],237,1
coffee_table/case282,612,coffee_table/case282,1,pick up the chocolate pudding from wooden cabinet top side,0,"Organize a culinary scene by relocating items, including chocolate pudding, mugs, a frypan, and a wine bottle between a wooden cabinet, coffee table, and microwave.",pick up the chocolate pudding from wooden cabinet top side,[HOLD],238,1
coffee_table/case282,613,coffee_table/case282,1,pick up the chocolate pudding from wooden cabinet top side,0,"Organize a culinary scene by relocating items, including chocolate pudding, mugs, a frypan, and a wine bottle between a wooden cabinet, coffee table, and microwave.",pick up the chocolate pudding from wooden cabinet top side,[HOLD],239,1
coffee_table/case282,614,coffee_table/case282,1,pick up the chocolate pudding from wooden cabinet top side,0,"Organize a culinary scene by relocating items, including chocolate pudding, mugs, a frypan, and a wine bottle between a wooden cabinet, coffee table, and microwave.",pick up the chocolate pudding from wooden cabinet top side,[HOLD],240,1
coffee_table/case282,615,coffee_table/case282,1,pick up the chocolate pudding from wooden cabinet top side,0,"Organize a culinary scene by relocating items, including chocolate pudding, mugs, a frypan, and a wine bottle between a wooden cabinet, coffee table, and microwave.",pick up the chocolate pudding from wooden cabinet top side,[HOLD],241,1
coffee_table/case282,616,coffee_table/case282,1,pick up the chocolate pudding from wooden cabinet top side,0,"Organize a culinary scene by relocating items, including chocolate pudding, mugs, a frypan, and a wine bottle between a wooden cabinet, coffee table, and microwave.",pick up the chocolate pudding from wooden cabinet top side,[HOLD],242,1
coffee_table/case282,617,coffee_table/case282,1,pick up the chocolate pudding from wooden cabinet top side,0,"Organize a culinary scene by relocating items, including chocolate pudding, mugs, a frypan, and a wine bottle between a wooden cabinet, coffee table, and microwave.",pick up the chocolate pudding from wooden cabinet top side,[HOLD],243,1
coffee_table/case282,618,coffee_table/case282,1,pick up the chocolate pudding from wooden cabinet top side,0,"Organize a culinary scene by relocating items, including chocolate pudding, mugs, a frypan, and a wine bottle between a wooden cabinet, coffee table, and microwave.",pick up the chocolate pudding from wooden cabinet top side,[HOLD],244,1
coffee_table/case282,619,coffee_table/case282,1,pick up the chocolate pudding from wooden cabinet top side,0,"Organize a culinary scene by relocating items, including chocolate pudding, mugs, a frypan, and a wine bottle between a wooden cabinet, coffee table, and microwave.",pick up the chocolate pudding from wooden cabinet top side,[HOLD],245,1
coffee_table/case282,620,coffee_table/case282,1,pick up the chocolate pudding from wooden cabinet top side,0,"Organize a culinary scene by relocating items, including chocolate pudding, mugs, a frypan, and a wine bottle between a wooden cabinet, coffee table, and microwave.",pick up the chocolate pudding from wooden cabinet top side,[HOLD],246,1
coffee_table/case282,621,coffee_table/case282,1,pick up the chocolate pudding from wooden cabinet top side,0,"Organize a culinary scene by relocating items, including chocolate pudding, mugs, a frypan, and a wine bottle between a wooden cabinet, coffee table, and microwave.",pick up the chocolate pudding from wooden cabinet top side,[HOLD],247,1
coffee_table/case282,622,coffee_table/case282,1,pick up the chocolate pudding from wooden cabinet top side,0,"Organize a culinary scene by relocating items, including chocolate pudding, mugs, a frypan, and a wine bottle between a wooden cabinet, coffee table, and microwave.",pick up the chocolate pudding from wooden cabinet top side,[HOLD],248,1
coffee_table/case282,623,coffee_table/case282,1,pick up the chocolate pudding from wooden cabinet top side,0,"Organize a culinary scene by relocating items, including chocolate pudding, mugs, a frypan, and a wine bottle between a wooden cabinet, coffee table, and microwave.",pick up the chocolate pudding from wooden cabinet top side,[HOLD],249,1
coffee_table/case282,624,coffee_table/case282,1,pick up the chocolate pudding from wooden cabinet top side,0,"Organize a culinary scene by relocating items, including chocolate pudding, mugs, a frypan, and a wine bottle between a wooden cabinet, coffee table, and microwave.",pick up the chocolate pudding from wooden cabinet top side,[HOLD],250,1
coffee_table/case282,625,coffee_table/case282,1,pick up the chocolate pudding from wooden cabinet top side,0,"Organize a culinary scene by relocating items, including chocolate pudding, mugs, a frypan, and a wine bottle between a wooden cabinet, coffee table, and microwave.",pick up the chocolate pudding from wooden cabinet top side,[HOLD],251,1
coffee_table/case282,626,coffee_table/case282,1,pick up the chocolate pudding from wooden cabinet top side,0,"Organize a culinary scene by relocating items, including chocolate pudding, mugs, a frypan, and a wine bottle between a wooden cabinet, coffee table, and microwave.",pick up the chocolate pudding from wooden cabinet top side,[HOLD],252,1
coffee_table/case282,627,coffee_table/case282,1,pick up the chocolate pudding from wooden cabinet top side,0,"Organize a culinary scene by relocating items, including chocolate pudding, mugs, a frypan, and a wine bottle between a wooden cabinet, coffee table, and microwave.",pick up the chocolate pudding from wooden cabinet top side,[HOLD],253,1
coffee_table/case282,628,coffee_table/case282,1,pick up the chocolate pudding from wooden cabinet top side,0,"Organize a culinary scene by relocating items, including chocolate pudding, mugs, a frypan, and a wine bottle between a wooden cabinet, coffee table, and microwave.",pick up the chocolate pudding from wooden cabinet top side,[HOLD],254,1
coffee_table/case282,629,coffee_table/case282,1,pick up the chocolate pudding from wooden cabinet top side,0,"Organize a culinary scene by relocating items, including chocolate pudding, mugs, a frypan, and a wine bottle between a wooden cabinet, coffee table, and microwave.",pick up the chocolate pudding from wooden cabinet top side,[HOLD],255,1
coffee_table/case282,630,coffee_table/case282,1,pick up the chocolate pudding from wooden cabinet top side,0,"Organize a culinary scene by relocating items, including chocolate pudding, mugs, a frypan, and a wine bottle between a wooden cabinet, coffee table, and microwave.",pick up the chocolate pudding from wooden cabinet top side,[HOLD],256,1
coffee_table/case282,631,coffee_table/case282,1,pick up the chocolate pudding from wooden cabinet top side,0,"Organize a culinary scene by relocating items, including chocolate pudding, mugs, a frypan, and a wine bottle between a wooden cabinet, coffee table, and microwave.",pick up the chocolate pudding from wooden cabinet top side,[HOLD],257,1
coffee_table/case282,632,coffee_table/case282,1,pick up the chocolate pudding from wooden cabinet top side,0,"Organize a culinary scene by relocating items, including chocolate pudding, mugs, a frypan, and a wine bottle between a wooden cabinet, coffee table, and microwave.",pick up the chocolate pudding from wooden cabinet top side,[HOLD],258,1
coffee_table/case282,633,coffee_table/case282,1,pick up the chocolate pudding from wooden cabinet top side,0,"Organize a culinary scene by relocating items, including chocolate pudding, mugs, a frypan, and a wine bottle between a wooden cabinet, coffee table, and microwave.",pick up the chocolate pudding from wooden cabinet top side,[HOLD],259,1
coffee_table/case282,634,coffee_table/case282,1,pick up the chocolate pudding from wooden cabinet top side,0,"Organize a culinary scene by relocating items, including chocolate pudding, mugs, a frypan, and a wine bottle between a wooden cabinet, coffee table, and microwave.",pick up the chocolate pudding from wooden cabinet top side,[HOLD],260,1
coffee_table/case282,635,coffee_table/case282,1,pick up the chocolate pudding from wooden cabinet top side,0,"Organize a culinary scene by relocating items, including chocolate pudding, mugs, a frypan, and a wine bottle between a wooden cabinet, coffee table, and microwave.",pick up the chocolate pudding from wooden cabinet top side,[HOLD],261,1
coffee_table/case282,636,coffee_table/case282,1,pick up the chocolate pudding from wooden cabinet top side,0,"Organize a culinary scene by relocating items, including chocolate pudding, mugs, a frypan, and a wine bottle between a wooden cabinet, coffee table, and microwave.",pick up the chocolate pudding from wooden cabinet top side,[HOLD],262,1
coffee_table/case282,637,coffee_table/case282,1,pick up the chocolate pudding from wooden cabinet top side,0,"Organize a culinary scene by relocating items, including chocolate pudding, mugs, a frypan, and a wine bottle between a wooden cabinet, coffee table, and microwave.",pick up the chocolate pudding from wooden cabinet top side,[HOLD],263,1
coffee_table/case282,638,coffee_table/case282,1,pick up the chocolate pudding from wooden cabinet top side,0,"Organize a culinary scene by relocating items, including chocolate pudding, mugs, a frypan, and a wine bottle between a wooden cabinet, coffee table, and microwave.",pick up the chocolate pudding from wooden cabinet top side,[HOLD],264,1
coffee_table/case282,639,coffee_table/case282,1,pick up the chocolate pudding from wooden cabinet top side,0,"Organize a culinary scene by relocating items, including chocolate pudding, mugs, a frypan, and a wine bottle between a wooden cabinet, coffee table, and microwave.",pick up the chocolate pudding from wooden cabinet top side,[HOLD],265,1
coffee_table/case282,640,coffee_table/case282,1,pick up the chocolate pudding from wooden cabinet top side,0,"Organize a culinary scene by relocating items, including chocolate pudding, mugs, a frypan, and a wine bottle between a wooden cabinet, coffee table, and microwave.",pick up the chocolate pudding from wooden cabinet top side,[HOLD],266,1
coffee_table/case282,641,coffee_table/case282,1,pick up the chocolate pudding from wooden cabinet top side,0,"Organize a culinary scene by relocating items, including chocolate pudding, mugs, a frypan, and a wine bottle between a wooden cabinet, coffee table, and microwave.",pick up the chocolate pudding from wooden cabinet top side,[HOLD],267,1
coffee_table/case282,642,coffee_table/case282,1,pick up the chocolate pudding from wooden cabinet top side,0,"Organize a culinary scene by relocating items, including chocolate pudding, mugs, a frypan, and a wine bottle between a wooden cabinet, coffee table, and microwave.",pick up the chocolate pudding from wooden cabinet top side,[HOLD],268,1
coffee_table/case282,643,coffee_table/case282,1,pick up the chocolate pudding from wooden cabinet top side,0,"Organize a culinary scene by relocating items, including chocolate pudding, mugs, a frypan, and a wine bottle between a wooden cabinet, coffee table, and microwave.",pick up the chocolate pudding from wooden cabinet top side,[HOLD],269,1
coffee_table/case282,644,coffee_table/case282,1,pick up the chocolate pudding from wooden cabinet top side,0,"Organize a culinary scene by relocating items, including chocolate pudding, mugs, a frypan, and a wine bottle between a wooden cabinet, coffee table, and microwave.",pick up the chocolate pudding from wooden cabinet top side,[HOLD],270,1
coffee_table/case282,645,coffee_table/case282,1,pick up the chocolate pudding from wooden cabinet top side,0,"Organize a culinary scene by relocating items, including chocolate pudding, mugs, a frypan, and a wine bottle between a wooden cabinet, coffee table, and microwave.",pick up the chocolate pudding from wooden cabinet top side,[HOLD],271,1
coffee_table/case282,646,coffee_table/case282,1,pick up the chocolate pudding from wooden cabinet top side,0,"Organize a culinary scene by relocating items, including chocolate pudding, mugs, a frypan, and a wine bottle between a wooden cabinet, coffee table, and microwave.",pick up the chocolate pudding from wooden cabinet top side,[HOLD],272,1
coffee_table/case282,647,coffee_table/case282,1,pick up the chocolate pudding from wooden cabinet top side,0,"Organize a culinary scene by relocating items, including chocolate pudding, mugs, a frypan, and a wine bottle between a wooden cabinet, coffee table, and microwave.",pick up the chocolate pudding from wooden cabinet top side,[HOLD],273,1
coffee_table/case282,648,coffee_table/case282,1,pick up the chocolate pudding from wooden cabinet top side,0,"Organize a culinary scene by relocating items, including chocolate pudding, mugs, a frypan, and a wine bottle between a wooden cabinet, coffee table, and microwave.",pick up the chocolate pudding from wooden cabinet top side,[HOLD],274,1
coffee_table/case282,649,coffee_table/case282,1,pick up the chocolate pudding from wooden cabinet top side,0,"Organize a culinary scene by relocating items, including chocolate pudding, mugs, a frypan, and a wine bottle between a wooden cabinet, coffee table, and microwave.",pick up the chocolate pudding from wooden cabinet top side,[HOLD],275,1
coffee_table/case282,650,coffee_table/case282,1,pick up the chocolate pudding from wooden cabinet top side,0,"Organize a culinary scene by relocating items, including chocolate pudding, mugs, a frypan, and a wine bottle between a wooden cabinet, coffee table, and microwave.",pick up the chocolate pudding from wooden cabinet top side,[HOLD],276,1
coffee_table/case282,651,coffee_table/case282,1,pick up the chocolate pudding from wooden cabinet top side,0,"Organize a culinary scene by relocating items, including chocolate pudding, mugs, a frypan, and a wine bottle between a wooden cabinet, coffee table, and microwave.",pick up the chocolate pudding from wooden cabinet top side,[HOLD],277,1
coffee_table/case282,652,coffee_table/case282,1,pick up the chocolate pudding from wooden cabinet top side,0,"Organize a culinary scene by relocating items, including chocolate pudding, mugs, a frypan, and a wine bottle between a wooden cabinet, coffee table, and microwave.",pick up the chocolate pudding from wooden cabinet top side,[HOLD],278,1
coffee_table/case282,653,coffee_table/case282,1,pick up the chocolate pudding from wooden cabinet top side,0,"Organize a culinary scene by relocating items, including chocolate pudding, mugs, a frypan, and a wine bottle between a wooden cabinet, coffee table, and microwave.",pick up the chocolate pudding from wooden cabinet top side,[HOLD],279,1
coffee_table/case282,654,coffee_table/case282,1,pick up the chocolate pudding from wooden cabinet top side,0,"Organize a culinary scene by relocating items, including chocolate pudding, mugs, a frypan, and a wine bottle between a wooden cabinet, coffee table, and microwave.",pick up the chocolate pudding from wooden cabinet top side,[HOLD],280,1
coffee_table/case282,655,coffee_table/case282,1,pick up the chocolate pudding from wooden cabinet top side,0,"Organize a culinary scene by relocating items, including chocolate pudding, mugs, a frypan, and a wine bottle between a wooden cabinet, coffee table, and microwave.",pick up the chocolate pudding from wooden cabinet top side,[HOLD],281,1
coffee_table/case282,656,coffee_table/case282,1,pick up the chocolate pudding from wooden cabinet top side,0,"Organize a culinary scene by relocating items, including chocolate pudding, mugs, a frypan, and a wine bottle between a wooden cabinet, coffee table, and microwave.",pick up the chocolate pudding from wooden cabinet top side,[HOLD],282,1
coffee_table/case282,657,coffee_table/case282,1,pick up the chocolate pudding from wooden cabinet top side,0,"Organize a culinary scene by relocating items, including chocolate pudding, mugs, a frypan, and a wine bottle between a wooden cabinet, coffee table, and microwave.",pick up the chocolate pudding from wooden cabinet top side,[HOLD],283,1
coffee_table/case282,658,coffee_table/case282,1,pick up the chocolate pudding from wooden cabinet top side,0,"Organize a culinary scene by relocating items, including chocolate pudding, mugs, a frypan, and a wine bottle between a wooden cabinet, coffee table, and microwave.",pick up the chocolate pudding from wooden cabinet top side,[HOLD],284,1
coffee_table/case282,659,coffee_table/case282,1,pick up the chocolate pudding from wooden cabinet top side,0,"Organize a culinary scene by relocating items, including chocolate pudding, mugs, a frypan, and a wine bottle between a wooden cabinet, coffee table, and microwave.",pick up the chocolate pudding from wooden cabinet top side,[HOLD],285,1
coffee_table/case282,660,coffee_table/case282,1,pick up the chocolate pudding from wooden cabinet top side,0,"Organize a culinary scene by relocating items, including chocolate pudding, mugs, a frypan, and a wine bottle between a wooden cabinet, coffee table, and microwave.",pick up the chocolate pudding from wooden cabinet top side,[HOLD],286,1
coffee_table/case282,661,coffee_table/case282,1,pick up the chocolate pudding from wooden cabinet top side,0,"Organize a culinary scene by relocating items, including chocolate pudding, mugs, a frypan, and a wine bottle between a wooden cabinet, coffee table, and microwave.",pick up the chocolate pudding from wooden cabinet top side,[HOLD],287,1
coffee_table/case282,662,coffee_table/case282,1,pick up the chocolate pudding from wooden cabinet top side,0,"Organize a culinary scene by relocating items, including chocolate pudding, mugs, a frypan, and a wine bottle between a wooden cabinet, coffee table, and microwave.",pick up the chocolate pudding from wooden cabinet top side,[HOLD],288,1
coffee_table/case282,663,coffee_table/case282,1,pick up the chocolate pudding from wooden cabinet top side,0,"Organize a culinary scene by relocating items, including chocolate pudding, mugs, a frypan, and a wine bottle between a wooden cabinet, coffee table, and microwave.",pick up the chocolate pudding from wooden cabinet top side,[HOLD],289,1
coffee_table/case282,664,coffee_table/case282,1,pick up the chocolate pudding from wooden cabinet top side,0,"Organize a culinary scene by relocating items, including chocolate pudding, mugs, a frypan, and a wine bottle between a wooden cabinet, coffee table, and microwave.",pick up the chocolate pudding from wooden cabinet top side,[HOLD],290,1
coffee_table/case282,665,coffee_table/case282,1,pick up the chocolate pudding from wooden cabinet top side,0,"Organize a culinary scene by relocating items, including chocolate pudding, mugs, a frypan, and a wine bottle between a wooden cabinet, coffee table, and microwave.",pick up the chocolate pudding from wooden cabinet top side,[HOLD],291,1
coffee_table/case282,666,coffee_table/case282,1,pick up the chocolate pudding from wooden cabinet top side,0,"Organize a culinary scene by relocating items, including chocolate pudding, mugs, a frypan, and a wine bottle between a wooden cabinet, coffee table, and microwave.",pick up the chocolate pudding from wooden cabinet top side,[HOLD],292,1
coffee_table/case282,667,coffee_table/case282,1,pick up the chocolate pudding from wooden cabinet top side,0,"Organize a culinary scene by relocating items, including chocolate pudding, mugs, a frypan, and a wine bottle between a wooden cabinet, coffee table, and microwave.",pick up the chocolate pudding from wooden cabinet top side,[HOLD],293,1
coffee_table/case282,668,coffee_table/case282,1,pick up the chocolate pudding from wooden cabinet top side,0,"Organize a culinary scene by relocating items, including chocolate pudding, mugs, a frypan, and a wine bottle between a wooden cabinet, coffee table, and microwave.",pick up the chocolate pudding from wooden cabinet top side,[HOLD],294,1
coffee_table/case282,669,coffee_table/case282,1,pick up the chocolate pudding from wooden cabinet top side,0,"Organize a culinary scene by relocating items, including chocolate pudding, mugs, a frypan, and a wine bottle between a wooden cabinet, coffee table, and microwave.",pick up the chocolate pudding from wooden cabinet top side,[HOLD],295,1
coffee_table/case282,670,coffee_table/case282,1,pick up the chocolate pudding from wooden cabinet top side,0,"Organize a culinary scene by relocating items, including chocolate pudding, mugs, a frypan, and a wine bottle between a wooden cabinet, coffee table, and microwave.",pick up the chocolate pudding from wooden cabinet top side,[HOLD],296,1
coffee_table/case282,671,coffee_table/case282,1,pick up the chocolate pudding from wooden cabinet top side,0,"Organize a culinary scene by relocating items, including chocolate pudding, mugs, a frypan, and a wine bottle between a wooden cabinet, coffee table, and microwave.",pick up the chocolate pudding from wooden cabinet top side,[HOLD],297,1
coffee_table/case282,672,coffee_table/case282,1,pick up the chocolate pudding from wooden cabinet top side,0,"Organize a culinary scene by relocating items, including chocolate pudding, mugs, a frypan, and a wine bottle between a wooden cabinet, coffee table, and microwave.",pick up the chocolate pudding from wooden cabinet top side,[HOLD],298,1
coffee_table/case282,673,coffee_table/case282,1,pick up the chocolate pudding from wooden cabinet top side,0,"Organize a culinary scene by relocating items, including chocolate pudding, mugs, a frypan, and a wine bottle between a wooden cabinet, coffee table, and microwave.",pick up the chocolate pudding from wooden cabinet top side,[HOLD],299,1
coffee_table/case282,674,coffee_table/case282,1,pick up the chocolate pudding from wooden cabinet top side,0,"Organize a culinary scene by relocating items, including chocolate pudding, mugs, a frypan, and a wine bottle between a wooden cabinet, coffee table, and microwave.",pick up the chocolate pudding from wooden cabinet top side,[HOLD],300,1
coffee_table/case282,675,coffee_table/case282,1,pick up the chocolate pudding from wooden cabinet top side,0,"Organize a culinary scene by relocating items, including chocolate pudding, mugs, a frypan, and a wine bottle between a wooden cabinet, coffee table, and microwave.",pick up the chocolate pudding from wooden cabinet top side,[HOLD],301,1
coffee_table/case282,676,coffee_table/case282,1,pick up the chocolate pudding from wooden cabinet top side,0,"Organize a culinary scene by relocating items, including chocolate pudding, mugs, a frypan, and a wine bottle between a wooden cabinet, coffee table, and microwave.",pick up the chocolate pudding from wooden cabinet top side,[HOLD],302,1
coffee_table/case282,677,coffee_table/case282,1,pick up the chocolate pudding from wooden cabinet top side,0,"Organize a culinary scene by relocating items, including chocolate pudding, mugs, a frypan, and a wine bottle between a wooden cabinet, coffee table, and microwave.",pick up the chocolate pudding from wooden cabinet top side,[HOLD],303,1
coffee_table/case282,678,coffee_table/case282,1,pick up the chocolate pudding from wooden cabinet top side,0,"Organize a culinary scene by relocating items, including chocolate pudding, mugs, a frypan, and a wine bottle between a wooden cabinet, coffee table, and microwave.",pick up the chocolate pudding from wooden cabinet top side,[HOLD],304,1
coffee_table/case282,679,coffee_table/case282,1,pick up the chocolate pudding from wooden cabinet top side,0,"Organize a culinary scene by relocating items, including chocolate pudding, mugs, a frypan, and a wine bottle between a wooden cabinet, coffee table, and microwave.",pick up the chocolate pudding from wooden cabinet top side,[HOLD],305,1
coffee_table/case282,680,coffee_table/case282,1,pick up the chocolate pudding from wooden cabinet top side,0,"Organize a culinary scene by relocating items, including chocolate pudding, mugs, a frypan, and a wine bottle between a wooden cabinet, coffee table, and microwave.",pick up the chocolate pudding from wooden cabinet top side,[HOLD],306,1
coffee_table/case282,681,coffee_table/case282,1,pick up the chocolate pudding from wooden cabinet top side,0,"Organize a culinary scene by relocating items, including chocolate pudding, mugs, a frypan, and a wine bottle between a wooden cabinet, coffee table, and microwave.",pick up the chocolate pudding from wooden cabinet top side,[HOLD],307,1
coffee_table/case282,682,coffee_table/case282,1,pick up the chocolate pudding from wooden cabinet top side,0,"Organize a culinary scene by relocating items, including chocolate pudding, mugs, a frypan, and a wine bottle between a wooden cabinet, coffee table, and microwave.",pick up the chocolate pudding from wooden cabinet top side,[HOLD],308,1
coffee_table/case282,683,coffee_table/case282,1,pick up the chocolate pudding from wooden cabinet top side,0,"Organize a culinary scene by relocating items, including chocolate pudding, mugs, a frypan, and a wine bottle between a wooden cabinet, coffee table, and microwave.",pick up the chocolate pudding from wooden cabinet top side,[HOLD],309,1
coffee_table/case282,684,coffee_table/case282,1,pick up the chocolate pudding from wooden cabinet top side,0,"Organize a culinary scene by relocating items, including chocolate pudding, mugs, a frypan, and a wine bottle between a wooden cabinet, coffee table, and microwave.",pick up the chocolate pudding from wooden cabinet top side,[HOLD],310,1
coffee_table/case282,685,coffee_table/case282,1,pick up the chocolate pudding from wooden cabinet top side,0,"Organize a culinary scene by relocating items, including chocolate pudding, mugs, a frypan, and a wine bottle between a wooden cabinet, coffee table, and microwave.",pick up the chocolate pudding from wooden cabinet top side,[HOLD],311,1
coffee_table/case282,686,coffee_table/case282,1,pick up the chocolate pudding from wooden cabinet top side,0,"Organize a culinary scene by relocating items, including chocolate pudding, mugs, a frypan, and a wine bottle between a wooden cabinet, coffee table, and microwave.",pick up the chocolate pudding from wooden cabinet top side,[HOLD],312,1
coffee_table/case282,687,coffee_table/case282,1,pick up the chocolate pudding from wooden cabinet top side,0,"Organize a culinary scene by relocating items, including chocolate pudding, mugs, a frypan, and a wine bottle between a wooden cabinet, coffee table, and microwave.",pick up the chocolate pudding from wooden cabinet top side,[HOLD],313,1
coffee_table/case282,688,coffee_table/case282,1,pick up the chocolate pudding from wooden cabinet top side,0,"Organize a culinary scene by relocating items, including chocolate pudding, mugs, a frypan, and a wine bottle between a wooden cabinet, coffee table, and microwave.",pick up the chocolate pudding from wooden cabinet top side,[HOLD],314,1
coffee_table/case282,689,coffee_table/case282,1,pick up the chocolate pudding from wooden cabinet top side,0,"Organize a culinary scene by relocating items, including chocolate pudding, mugs, a frypan, and a wine bottle between a wooden cabinet, coffee table, and microwave.",pick up the chocolate pudding from wooden cabinet top side,[HOLD],315,1
coffee_table/case282,690,coffee_table/case282,1,pick up the chocolate pudding from wooden cabinet top side,0,"Organize a culinary scene by relocating items, including chocolate pudding, mugs, a frypan, and a wine bottle between a wooden cabinet, coffee table, and microwave.",pick up the chocolate pudding from wooden cabinet top side,[HOLD],316,1
coffee_table/case282,691,coffee_table/case282,1,pick up the chocolate pudding from wooden cabinet top side,0,"Organize a culinary scene by relocating items, including chocolate pudding, mugs, a frypan, and a wine bottle between a wooden cabinet, coffee table, and microwave.",pick up the chocolate pudding from wooden cabinet top side,[HOLD],317,1
coffee_table/case282,692,coffee_table/case282,1,pick up the chocolate pudding from wooden cabinet top side,0,"Organize a culinary scene by relocating items, including chocolate pudding, mugs, a frypan, and a wine bottle between a wooden cabinet, coffee table, and microwave.",pick up the chocolate pudding from wooden cabinet top side,[HOLD],318,1
coffee_table/case282,693,coffee_table/case282,1,pick up the chocolate pudding from wooden cabinet top side,0,"Organize a culinary scene by relocating items, including chocolate pudding, mugs, a frypan, and a wine bottle between a wooden cabinet, coffee table, and microwave.",pick up the chocolate pudding from wooden cabinet top side,[HOLD],319,1
coffee_table/case282,694,coffee_table/case282,1,pick up the chocolate pudding from wooden cabinet top side,0,"Organize a culinary scene by relocating items, including chocolate pudding, mugs, a frypan, and a wine bottle between a wooden cabinet, coffee table, and microwave.",pick up the chocolate pudding from wooden cabinet top side,[HOLD],320,1
coffee_table/case282,695,coffee_table/case282,1,pick up the chocolate pudding from wooden cabinet top side,0,"Organize a culinary scene by relocating items, including chocolate pudding, mugs, a frypan, and a wine bottle between a wooden cabinet, coffee table, and microwave.",pick up the chocolate pudding from wooden cabinet top side,[HOLD],321,1
coffee_table/case282,696,coffee_table/case282,1,pick up the chocolate pudding from wooden cabinet top side,0,"Organize a culinary scene by relocating items, including chocolate pudding, mugs, a frypan, and a wine bottle between a wooden cabinet, coffee table, and microwave.",pick up the chocolate pudding from wooden cabinet top side,[HOLD],322,1
coffee_table/case282,697,coffee_table/case282,1,pick up the chocolate pudding from wooden cabinet top side,0,"Organize a culinary scene by relocating items, including chocolate pudding, mugs, a frypan, and a wine bottle between a wooden cabinet, coffee table, and microwave.",pick up the chocolate pudding from wooden cabinet top side,[HOLD],323,1
coffee_table/case282,698,coffee_table/case282,1,pick up the chocolate pudding from wooden cabinet top side,0,"Organize a culinary scene by relocating items, including chocolate pudding, mugs, a frypan, and a wine bottle between a wooden cabinet, coffee table, and microwave.",pick up the chocolate pudding from wooden cabinet top side,[HOLD],324,1
coffee_table/case282,699,coffee_table/case282,1,pick up the chocolate pudding from wooden cabinet top side,0,"Organize a culinary scene by relocating items, including chocolate pudding, mugs, a frypan, and a wine bottle between a wooden cabinet, coffee table, and microwave.",pick up the chocolate pudding from wooden cabinet top side,[HOLD],325,1
coffee_table/case282,700,coffee_table/case282,1,pick up the chocolate pudding from wooden cabinet top side,0,"Organize a culinary scene by relocating items, including chocolate pudding, mugs, a frypan, and a wine bottle between a wooden cabinet, coffee table, and microwave.",pick up the chocolate pudding from wooden cabinet top side,[HOLD],326,1
coffee_table/case282,701,coffee_table/case282,1,pick up the chocolate pudding from wooden cabinet top side,0,"Organize a culinary scene by relocating items, including chocolate pudding, mugs, a frypan, and a wine bottle between a wooden cabinet, coffee table, and microwave.",pick up the chocolate pudding from wooden cabinet top side,[HOLD],327,1
coffee_table/case282,702,coffee_table/case282,1,pick up the chocolate pudding from wooden cabinet top side,0,"Organize a culinary scene by relocating items, including chocolate pudding, mugs, a frypan, and a wine bottle between a wooden cabinet, coffee table, and microwave.",pick up the chocolate pudding from wooden cabinet top side,[HOLD],328,1
coffee_table/case282,703,coffee_table/case282,1,pick up the chocolate pudding from wooden cabinet top side,0,"Organize a culinary scene by relocating items, including chocolate pudding, mugs, a frypan, and a wine bottle between a wooden cabinet, coffee table, and microwave.",pick up the chocolate pudding from wooden cabinet top side,[HOLD],329,1
coffee_table/case282,704,coffee_table/case282,1,pick up the chocolate pudding from wooden cabinet top side,0,"Organize a culinary scene by relocating items, including chocolate pudding, mugs, a frypan, and a wine bottle between a wooden cabinet, coffee table, and microwave.",pick up the chocolate pudding from wooden cabinet top side,[HOLD],330,1
coffee_table/case282,705,coffee_table/case282,1,pick up the chocolate pudding from wooden cabinet top side,0,"Organize a culinary scene by relocating items, including chocolate pudding, mugs, a frypan, and a wine bottle between a wooden cabinet, coffee table, and microwave.",pick up the chocolate pudding from wooden cabinet top side,[HOLD],331,1
coffee_table/case282,706,coffee_table/case282,1,pick up the chocolate pudding from wooden cabinet top side,0,"Organize a culinary scene by relocating items, including chocolate pudding, mugs, a frypan, and a wine bottle between a wooden cabinet, coffee table, and microwave.",pick up the chocolate pudding from wooden cabinet top side,[HOLD],332,1
coffee_table/case282,707,coffee_table/case282,1,pick up the chocolate pudding from wooden cabinet top side,0,"Organize a culinary scene by relocating items, including chocolate pudding, mugs, a frypan, and a wine bottle between a wooden cabinet, coffee table, and microwave.",pick up the chocolate pudding from wooden cabinet top side,[HOLD],333,1
coffee_table/case282,708,coffee_table/case282,1,pick up the chocolate pudding from wooden cabinet top side,0,"Organize a culinary scene by relocating items, including chocolate pudding, mugs, a frypan, and a wine bottle between a wooden cabinet, coffee table, and microwave.",pick up the chocolate pudding from wooden cabinet top side,[HOLD],334,1
coffee_table/case282,709,coffee_table/case282,1,pick up the chocolate pudding from wooden cabinet top side,0,"Organize a culinary scene by relocating items, including chocolate pudding, mugs, a frypan, and a wine bottle between a wooden cabinet, coffee table, and microwave.",pick up the chocolate pudding from wooden cabinet top side,[HOLD],335,1
coffee_table/case282,710,coffee_table/case282,1,pick up the chocolate pudding from wooden cabinet top side,0,"Organize a culinary scene by relocating items, including chocolate pudding, mugs, a frypan, and a wine bottle between a wooden cabinet, coffee table, and microwave.",pick up the chocolate pudding from wooden cabinet top side,[HOLD],336,1
coffee_table/case282,711,coffee_table/case282,1,pick up the chocolate pudding from wooden cabinet top side,0,"Organize a culinary scene by relocating items, including chocolate pudding, mugs, a frypan, and a wine bottle between a wooden cabinet, coffee table, and microwave.",pick up the chocolate pudding from wooden cabinet top side,[HOLD],337,1
coffee_table/case282,712,coffee_table/case282,1,pick up the chocolate pudding from wooden cabinet top side,0,"Organize a culinary scene by relocating items, including chocolate pudding, mugs, a frypan, and a wine bottle between a wooden cabinet, coffee table, and microwave.",pick up the chocolate pudding from wooden cabinet top side,[HOLD],338,1
coffee_table/case282,713,coffee_table/case282,2,Place down the chocolate pudding on coffee table,1,"Organize a culinary scene by relocating items, including chocolate pudding, mugs, a frypan, and a wine bottle between a wooden cabinet, coffee table, and microwave.",Place down the chocolate pudding on coffee table,Place down the chocolate pudding on coffee table,0,2
coffee_table/case282,714,coffee_table/case282,2,Place down the chocolate pudding on coffee table,0,"Organize a culinary scene by relocating items, including chocolate pudding, mugs, a frypan, and a wine bottle between a wooden cabinet, coffee table, and microwave.",Place down the chocolate pudding on coffee table,[HOLD],1,2
coffee_table/case282,715,coffee_table/case282,2,Place down the chocolate pudding on coffee table,0,"Organize a culinary scene by relocating items, including chocolate pudding, mugs, a frypan, and a wine bottle between a wooden cabinet, coffee table, and microwave.",Place down the chocolate pudding on coffee table,[HOLD],2,2
coffee_table/case282,716,coffee_table/case282,2,Place down the chocolate pudding on coffee table,0,"Organize a culinary scene by relocating items, including chocolate pudding, mugs, a frypan, and a wine bottle between a wooden cabinet, coffee table, and microwave.",Place down the chocolate pudding on coffee table,[HOLD],3,2
coffee_table/case282,717,coffee_table/case282,2,Place down the chocolate pudding on coffee table,0,"Organize a culinary scene by relocating items, including chocolate pudding, mugs, a frypan, and a wine bottle between a wooden cabinet, coffee table, and microwave.",Place down the chocolate pudding on coffee table,[HOLD],4,2
coffee_table/case282,718,coffee_table/case282,2,Place down the chocolate pudding on coffee table,0,"Organize a culinary scene by relocating items, including chocolate pudding, mugs, a frypan, and a wine bottle between a wooden cabinet, coffee table, and microwave.",Place down the chocolate pudding on coffee table,[HOLD],5,2
coffee_table/case282,719,coffee_table/case282,2,Place down the chocolate pudding on coffee table,0,"Organize a culinary scene by relocating items, including chocolate pudding, mugs, a frypan, and a wine bottle between a wooden cabinet, coffee table, and microwave.",Place down the chocolate pudding on coffee table,[HOLD],6,2
coffee_table/case282,720,coffee_table/case282,2,Place down the chocolate pudding on coffee table,0,"Organize a culinary scene by relocating items, including chocolate pudding, mugs, a frypan, and a wine bottle between a wooden cabinet, coffee table, and microwave.",Place down the chocolate pudding on coffee table,[HOLD],7,2
coffee_table/case282,721,coffee_table/case282,2,Place down the chocolate pudding on coffee table,0,"Organize a culinary scene by relocating items, including chocolate pudding, mugs, a frypan, and a wine bottle between a wooden cabinet, coffee table, and microwave.",Place down the chocolate pudding on coffee table,[HOLD],8,2
coffee_table/case282,722,coffee_table/case282,2,Place down the chocolate pudding on coffee table,0,"Organize a culinary scene by relocating items, including chocolate pudding, mugs, a frypan, and a wine bottle between a wooden cabinet, coffee table, and microwave.",Place down the chocolate pudding on coffee table,[HOLD],9,2
coffee_table/case282,723,coffee_table/case282,2,Place down the chocolate pudding on coffee table,0,"Organize a culinary scene by relocating items, including chocolate pudding, mugs, a frypan, and a wine bottle between a wooden cabinet, coffee table, and microwave.",Place down the chocolate pudding on coffee table,[HOLD],10,2
coffee_table/case282,724,coffee_table/case282,2,Place down the chocolate pudding on coffee table,0,"Organize a culinary scene by relocating items, including chocolate pudding, mugs, a frypan, and a wine bottle between a wooden cabinet, coffee table, and microwave.",Place down the chocolate pudding on coffee table,[HOLD],11,2
coffee_table/case282,725,coffee_table/case282,2,Place down the chocolate pudding on coffee table,0,"Organize a culinary scene by relocating items, including chocolate pudding, mugs, a frypan, and a wine bottle between a wooden cabinet, coffee table, and microwave.",Place down the chocolate pudding on coffee table,[HOLD],12,2
coffee_table/case282,726,coffee_table/case282,2,Place down the chocolate pudding on coffee table,0,"Organize a culinary scene by relocating items, including chocolate pudding, mugs, a frypan, and a wine bottle between a wooden cabinet, coffee table, and microwave.",Place down the chocolate pudding on coffee table,[HOLD],13,2
coffee_table/case282,727,coffee_table/case282,2,Place down the chocolate pudding on coffee table,0,"Organize a culinary scene by relocating items, including chocolate pudding, mugs, a frypan, and a wine bottle between a wooden cabinet, coffee table, and microwave.",Place down the chocolate pudding on coffee table,[HOLD],14,2
coffee_table/case282,728,coffee_table/case282,2,Place down the chocolate pudding on coffee table,0,"Organize a culinary scene by relocating items, including chocolate pudding, mugs, a frypan, and a wine bottle between a wooden cabinet, coffee table, and microwave.",Place down the chocolate pudding on coffee table,[HOLD],15,2
coffee_table/case282,729,coffee_table/case282,2,Place down the chocolate pudding on coffee table,0,"Organize a culinary scene by relocating items, including chocolate pudding, mugs, a frypan, and a wine bottle between a wooden cabinet, coffee table, and microwave.",Place down the chocolate pudding on coffee table,[HOLD],16,2
coffee_table/case282,730,coffee_table/case282,2,Place down the chocolate pudding on coffee table,0,"Organize a culinary scene by relocating items, including chocolate pudding, mugs, a frypan, and a wine bottle between a wooden cabinet, coffee table, and microwave.",Place down the chocolate pudding on coffee table,[HOLD],17,2
coffee_table/case282,731,coffee_table/case282,2,Place down the chocolate pudding on coffee table,0,"Organize a culinary scene by relocating items, including chocolate pudding, mugs, a frypan, and a wine bottle between a wooden cabinet, coffee table, and microwave.",Place down the chocolate pudding on coffee table,[HOLD],18,2
coffee_table/case282,732,coffee_table/case282,2,Place down the chocolate pudding on coffee table,0,"Organize a culinary scene by relocating items, including chocolate pudding, mugs, a frypan, and a wine bottle between a wooden cabinet, coffee table, and microwave.",Place down the chocolate pudding on coffee table,[HOLD],19,2
coffee_table/case282,733,coffee_table/case282,2,Place down the chocolate pudding on coffee table,0,"Organize a culinary scene by relocating items, including chocolate pudding, mugs, a frypan, and a wine bottle between a wooden cabinet, coffee table, and microwave.",Place down the chocolate pudding on coffee table,[HOLD],20,2
coffee_table/case282,734,coffee_table/case282,2,Place down the chocolate pudding on coffee table,0,"Organize a culinary scene by relocating items, including chocolate pudding, mugs, a frypan, and a wine bottle between a wooden cabinet, coffee table, and microwave.",Place down the chocolate pudding on coffee table,[HOLD],21,2
coffee_table/case282,735,coffee_table/case282,2,Place down the chocolate pudding on coffee table,0,"Organize a culinary scene by relocating items, including chocolate pudding, mugs, a frypan, and a wine bottle between a wooden cabinet, coffee table, and microwave.",Place down the chocolate pudding on coffee table,[HOLD],22,2
coffee_table/case282,736,coffee_table/case282,2,Place down the chocolate pudding on coffee table,0,"Organize a culinary scene by relocating items, including chocolate pudding, mugs, a frypan, and a wine bottle between a wooden cabinet, coffee table, and microwave.",Place down the chocolate pudding on coffee table,[HOLD],23,2
coffee_table/case282,737,coffee_table/case282,2,Place down the chocolate pudding on coffee table,0,"Organize a culinary scene by relocating items, including chocolate pudding, mugs, a frypan, and a wine bottle between a wooden cabinet, coffee table, and microwave.",Place down the chocolate pudding on coffee table,[HOLD],24,2
coffee_table/case282,738,coffee_table/case282,2,Place down the chocolate pudding on coffee table,0,"Organize a culinary scene by relocating items, including chocolate pudding, mugs, a frypan, and a wine bottle between a wooden cabinet, coffee table, and microwave.",Place down the chocolate pudding on coffee table,[HOLD],25,2
coffee_table/case282,739,coffee_table/case282,2,Place down the chocolate pudding on coffee table,0,"Organize a culinary scene by relocating items, including chocolate pudding, mugs, a frypan, and a wine bottle between a wooden cabinet, coffee table, and microwave.",Place down the chocolate pudding on coffee table,[HOLD],26,2
coffee_table/case282,740,coffee_table/case282,2,Place down the chocolate pudding on coffee table,0,"Organize a culinary scene by relocating items, including chocolate pudding, mugs, a frypan, and a wine bottle between a wooden cabinet, coffee table, and microwave.",Place down the chocolate pudding on coffee table,[HOLD],27,2
coffee_table/case282,741,coffee_table/case282,2,Place down the chocolate pudding on coffee table,0,"Organize a culinary scene by relocating items, including chocolate pudding, mugs, a frypan, and a wine bottle between a wooden cabinet, coffee table, and microwave.",Place down the chocolate pudding on coffee table,[HOLD],28,2
coffee_table/case282,742,coffee_table/case282,2,Place down the chocolate pudding on coffee table,0,"Organize a culinary scene by relocating items, including chocolate pudding, mugs, a frypan, and a wine bottle between a wooden cabinet, coffee table, and microwave.",Place down the chocolate pudding on coffee table,[HOLD],29,2
coffee_table/case282,743,coffee_table/case282,2,Place down the chocolate pudding on coffee table,0,"Organize a culinary scene by relocating items, including chocolate pudding, mugs, a frypan, and a wine bottle between a wooden cabinet, coffee table, and microwave.",Place down the chocolate pudding on coffee table,[HOLD],30,2
coffee_table/case282,744,coffee_table/case282,2,Place down the chocolate pudding on coffee table,0,"Organize a culinary scene by relocating items, including chocolate pudding, mugs, a frypan, and a wine bottle between a wooden cabinet, coffee table, and microwave.",Place down the chocolate pudding on coffee table,[HOLD],31,2
coffee_table/case282,745,coffee_table/case282,2,Place down the chocolate pudding on coffee table,0,"Organize a culinary scene by relocating items, including chocolate pudding, mugs, a frypan, and a wine bottle between a wooden cabinet, coffee table, and microwave.",Place down the chocolate pudding on coffee table,[HOLD],32,2
coffee_table/case282,746,coffee_table/case282,2,Place down the chocolate pudding on coffee table,0,"Organize a culinary scene by relocating items, including chocolate pudding, mugs, a frypan, and a wine bottle between a wooden cabinet, coffee table, and microwave.",Place down the chocolate pudding on coffee table,[HOLD],33,2
coffee_table/case282,747,coffee_table/case282,2,Place down the chocolate pudding on coffee table,0,"Organize a culinary scene by relocating items, including chocolate pudding, mugs, a frypan, and a wine bottle between a wooden cabinet, coffee table, and microwave.",Place down the chocolate pudding on coffee table,[HOLD],34,2
coffee_table/case282,748,coffee_table/case282,2,Place down the chocolate pudding on coffee table,0,"Organize a culinary scene by relocating items, including chocolate pudding, mugs, a frypan, and a wine bottle between a wooden cabinet, coffee table, and microwave.",Place down the chocolate pudding on coffee table,[HOLD],35,2
coffee_table/case282,749,coffee_table/case282,2,Place down the chocolate pudding on coffee table,0,"Organize a culinary scene by relocating items, including chocolate pudding, mugs, a frypan, and a wine bottle between a wooden cabinet, coffee table, and microwave.",Place down the chocolate pudding on coffee table,[HOLD],36,2
coffee_table/case282,750,coffee_table/case282,2,Place down the chocolate pudding on coffee table,0,"Organize a culinary scene by relocating items, including chocolate pudding, mugs, a frypan, and a wine bottle between a wooden cabinet, coffee table, and microwave.",Place down the chocolate pudding on coffee table,[HOLD],37,2
coffee_table/case282,751,coffee_table/case282,2,Place down the chocolate pudding on coffee table,0,"Organize a culinary scene by relocating items, including chocolate pudding, mugs, a frypan, and a wine bottle between a wooden cabinet, coffee table, and microwave.",Place down the chocolate pudding on coffee table,[HOLD],38,2
coffee_table/case282,752,coffee_table/case282,2,Place down the chocolate pudding on coffee table,0,"Organize a culinary scene by relocating items, including chocolate pudding, mugs, a frypan, and a wine bottle between a wooden cabinet, coffee table, and microwave.",Place down the chocolate pudding on coffee table,[HOLD],39,2
coffee_table/case282,753,coffee_table/case282,2,Place down the chocolate pudding on coffee table,0,"Organize a culinary scene by relocating items, including chocolate pudding, mugs, a frypan, and a wine bottle between a wooden cabinet, coffee table, and microwave.",Place down the chocolate pudding on coffee table,[HOLD],40,2
coffee_table/case282,754,coffee_table/case282,2,Place down the chocolate pudding on coffee table,0,"Organize a culinary scene by relocating items, including chocolate pudding, mugs, a frypan, and a wine bottle between a wooden cabinet, coffee table, and microwave.",Place down the chocolate pudding on coffee table,[HOLD],41,2
coffee_table/case282,755,coffee_table/case282,2,Place down the chocolate pudding on coffee table,0,"Organize a culinary scene by relocating items, including chocolate pudding, mugs, a frypan, and a wine bottle between a wooden cabinet, coffee table, and microwave.",Place down the chocolate pudding on coffee table,[HOLD],42,2
coffee_table/case282,756,coffee_table/case282,2,Place down the chocolate pudding on coffee table,0,"Organize a culinary scene by relocating items, including chocolate pudding, mugs, a frypan, and a wine bottle between a wooden cabinet, coffee table, and microwave.",Place down the chocolate pudding on coffee table,[HOLD],43,2
coffee_table/case282,757,coffee_table/case282,2,Place down the chocolate pudding on coffee table,0,"Organize a culinary scene by relocating items, including chocolate pudding, mugs, a frypan, and a wine bottle between a wooden cabinet, coffee table, and microwave.",Place down the chocolate pudding on coffee table,[HOLD],44,2
coffee_table/case282,758,coffee_table/case282,2,Place down the chocolate pudding on coffee table,0,"Organize a culinary scene by relocating items, including chocolate pudding, mugs, a frypan, and a wine bottle between a wooden cabinet, coffee table, and microwave.",Place down the chocolate pudding on coffee table,[HOLD],45,2
coffee_table/case282,759,coffee_table/case282,2,Place down the chocolate pudding on coffee table,0,"Organize a culinary scene by relocating items, including chocolate pudding, mugs, a frypan, and a wine bottle between a wooden cabinet, coffee table, and microwave.",Place down the chocolate pudding on coffee table,[HOLD],46,2
coffee_table/case282,760,coffee_table/case282,2,Place down the chocolate pudding on coffee table,0,"Organize a culinary scene by relocating items, including chocolate pudding, mugs, a frypan, and a wine bottle between a wooden cabinet, coffee table, and microwave.",Place down the chocolate pudding on coffee table,[HOLD],47,2
coffee_table/case282,761,coffee_table/case282,2,Place down the chocolate pudding on coffee table,0,"Organize a culinary scene by relocating items, including chocolate pudding, mugs, a frypan, and a wine bottle between a wooden cabinet, coffee table, and microwave.",Place down the chocolate pudding on coffee table,[HOLD],48,2
coffee_table/case282,762,coffee_table/case282,2,Place down the chocolate pudding on coffee table,0,"Organize a culinary scene by relocating items, including chocolate pudding, mugs, a frypan, and a wine bottle between a wooden cabinet, coffee table, and microwave.",Place down the chocolate pudding on coffee table,[HOLD],49,2
coffee_table/case282,763,coffee_table/case282,2,Place down the chocolate pudding on coffee table,0,"Organize a culinary scene by relocating items, including chocolate pudding, mugs, a frypan, and a wine bottle between a wooden cabinet, coffee table, and microwave.",Place down the chocolate pudding on coffee table,[HOLD],50,2
coffee_table/case282,764,coffee_table/case282,2,Place down the chocolate pudding on coffee table,0,"Organize a culinary scene by relocating items, including chocolate pudding, mugs, a frypan, and a wine bottle between a wooden cabinet, coffee table, and microwave.",Place down the chocolate pudding on coffee table,[HOLD],51,2
coffee_table/case282,765,coffee_table/case282,2,Place down the chocolate pudding on coffee table,0,"Organize a culinary scene by relocating items, including chocolate pudding, mugs, a frypan, and a wine bottle between a wooden cabinet, coffee table, and microwave.",Place down the chocolate pudding on coffee table,[HOLD],52,2
coffee_table/case282,766,coffee_table/case282,2,Place down the chocolate pudding on coffee table,0,"Organize a culinary scene by relocating items, including chocolate pudding, mugs, a frypan, and a wine bottle between a wooden cabinet, coffee table, and microwave.",Place down the chocolate pudding on coffee table,[HOLD],53,2
coffee_table/case282,767,coffee_table/case282,2,Place down the chocolate pudding on coffee table,0,"Organize a culinary scene by relocating items, including chocolate pudding, mugs, a frypan, and a wine bottle between a wooden cabinet, coffee table, and microwave.",Place down the chocolate pudding on coffee table,[HOLD],54,2
coffee_table/case282,768,coffee_table/case282,2,Place down the chocolate pudding on coffee table,0,"Organize a culinary scene by relocating items, including chocolate pudding, mugs, a frypan, and a wine bottle between a wooden cabinet, coffee table, and microwave.",Place down the chocolate pudding on coffee table,[HOLD],55,2
coffee_table/case282,769,coffee_table/case282,2,Place down the chocolate pudding on coffee table,0,"Organize a culinary scene by relocating items, including chocolate pudding, mugs, a frypan, and a wine bottle between a wooden cabinet, coffee table, and microwave.",Place down the chocolate pudding on coffee table,[HOLD],56,2
coffee_table/case282,770,coffee_table/case282,2,Place down the chocolate pudding on coffee table,0,"Organize a culinary scene by relocating items, including chocolate pudding, mugs, a frypan, and a wine bottle between a wooden cabinet, coffee table, and microwave.",Place down the chocolate pudding on coffee table,[HOLD],57,2
coffee_table/case282,771,coffee_table/case282,2,Place down the chocolate pudding on coffee table,0,"Organize a culinary scene by relocating items, including chocolate pudding, mugs, a frypan, and a wine bottle between a wooden cabinet, coffee table, and microwave.",Place down the chocolate pudding on coffee table,[HOLD],58,2
coffee_table/case282,772,coffee_table/case282,2,Place down the chocolate pudding on coffee table,0,"Organize a culinary scene by relocating items, including chocolate pudding, mugs, a frypan, and a wine bottle between a wooden cabinet, coffee table, and microwave.",Place down the chocolate pudding on coffee table,[HOLD],59,2
coffee_table/case282,773,coffee_table/case282,2,Place down the chocolate pudding on coffee table,0,"Organize a culinary scene by relocating items, including chocolate pudding, mugs, a frypan, and a wine bottle between a wooden cabinet, coffee table, and microwave.",Place down the chocolate pudding on coffee table,[HOLD],60,2
coffee_table/case282,774,coffee_table/case282,2,Place down the chocolate pudding on coffee table,0,"Organize a culinary scene by relocating items, including chocolate pudding, mugs, a frypan, and a wine bottle between a wooden cabinet, coffee table, and microwave.",Place down the chocolate pudding on coffee table,[HOLD],61,2
coffee_table/case282,775,coffee_table/case282,2,Place down the chocolate pudding on coffee table,0,"Organize a culinary scene by relocating items, including chocolate pudding, mugs, a frypan, and a wine bottle between a wooden cabinet, coffee table, and microwave.",Place down the chocolate pudding on coffee table,[HOLD],62,2
coffee_table/case282,776,coffee_table/case282,2,Place down the chocolate pudding on coffee table,0,"Organize a culinary scene by relocating items, including chocolate pudding, mugs, a frypan, and a wine bottle between a wooden cabinet, coffee table, and microwave.",Place down the chocolate pudding on coffee table,[HOLD],63,2
coffee_table/case282,777,coffee_table/case282,2,Place down the chocolate pudding on coffee table,0,"Organize a culinary scene by relocating items, including chocolate pudding, mugs, a frypan, and a wine bottle between a wooden cabinet, coffee table, and microwave.",Place down the chocolate pudding on coffee table,[HOLD],64,2
coffee_table/case282,778,coffee_table/case282,2,Place down the chocolate pudding on coffee table,0,"Organize a culinary scene by relocating items, including chocolate pudding, mugs, a frypan, and a wine bottle between a wooden cabinet, coffee table, and microwave.",Place down the chocolate pudding on coffee table,[HOLD],65,2
coffee_table/case282,779,coffee_table/case282,2,Place down the chocolate pudding on coffee table,0,"Organize a culinary scene by relocating items, including chocolate pudding, mugs, a frypan, and a wine bottle between a wooden cabinet, coffee table, and microwave.",Place down the chocolate pudding on coffee table,[HOLD],66,2
coffee_table/case282,780,coffee_table/case282,2,Place down the chocolate pudding on coffee table,0,"Organize a culinary scene by relocating items, including chocolate pudding, mugs, a frypan, and a wine bottle between a wooden cabinet, coffee table, and microwave.",Place down the chocolate pudding on coffee table,[HOLD],67,2
coffee_table/case282,781,coffee_table/case282,2,Place down the chocolate pudding on coffee table,0,"Organize a culinary scene by relocating items, including chocolate pudding, mugs, a frypan, and a wine bottle between a wooden cabinet, coffee table, and microwave.",Place down the chocolate pudding on coffee table,[HOLD],68,2
coffee_table/case282,782,coffee_table/case282,2,Place down the chocolate pudding on coffee table,0,"Organize a culinary scene by relocating items, including chocolate pudding, mugs, a frypan, and a wine bottle between a wooden cabinet, coffee table, and microwave.",Place down the chocolate pudding on coffee table,[HOLD],69,2
coffee_table/case282,783,coffee_table/case282,2,Place down the chocolate pudding on coffee table,0,"Organize a culinary scene by relocating items, including chocolate pudding, mugs, a frypan, and a wine bottle between a wooden cabinet, coffee table, and microwave.",Place down the chocolate pudding on coffee table,[HOLD],70,2
coffee_table/case282,784,coffee_table/case282,2,Place down the chocolate pudding on coffee table,0,"Organize a culinary scene by relocating items, including chocolate pudding, mugs, a frypan, and a wine bottle between a wooden cabinet, coffee table, and microwave.",Place down the chocolate pudding on coffee table,[HOLD],71,2
coffee_table/case282,785,coffee_table/case282,2,Place down the chocolate pudding on coffee table,0,"Organize a culinary scene by relocating items, including chocolate pudding, mugs, a frypan, and a wine bottle between a wooden cabinet, coffee table, and microwave.",Place down the chocolate pudding on coffee table,[HOLD],72,2
coffee_table/case282,786,coffee_table/case282,2,Place down the chocolate pudding on coffee table,0,"Organize a culinary scene by relocating items, including chocolate pudding, mugs, a frypan, and a wine bottle between a wooden cabinet, coffee table, and microwave.",Place down the chocolate pudding on coffee table,[HOLD],73,2
coffee_table/case282,787,coffee_table/case282,2,Place down the chocolate pudding on coffee table,0,"Organize a culinary scene by relocating items, including chocolate pudding, mugs, a frypan, and a wine bottle between a wooden cabinet, coffee table, and microwave.",Place down the chocolate pudding on coffee table,[HOLD],74,2
coffee_table/case282,788,coffee_table/case282,2,Place down the chocolate pudding on coffee table,0,"Organize a culinary scene by relocating items, including chocolate pudding, mugs, a frypan, and a wine bottle between a wooden cabinet, coffee table, and microwave.",Place down the chocolate pudding on coffee table,[HOLD],75,2
coffee_table/case282,789,coffee_table/case282,2,Place down the chocolate pudding on coffee table,0,"Organize a culinary scene by relocating items, including chocolate pudding, mugs, a frypan, and a wine bottle between a wooden cabinet, coffee table, and microwave.",Place down the chocolate pudding on coffee table,[HOLD],76,2
coffee_table/case282,790,coffee_table/case282,2,Place down the chocolate pudding on coffee table,0,"Organize a culinary scene by relocating items, including chocolate pudding, mugs, a frypan, and a wine bottle between a wooden cabinet, coffee table, and microwave.",Place down the chocolate pudding on coffee table,[HOLD],77,2
coffee_table/case282,791,coffee_table/case282,2,Place down the chocolate pudding on coffee table,0,"Organize a culinary scene by relocating items, including chocolate pudding, mugs, a frypan, and a wine bottle between a wooden cabinet, coffee table, and microwave.",Place down the chocolate pudding on coffee table,[HOLD],78,2
coffee_table/case282,792,coffee_table/case282,2,Place down the chocolate pudding on coffee table,0,"Organize a culinary scene by relocating items, including chocolate pudding, mugs, a frypan, and a wine bottle between a wooden cabinet, coffee table, and microwave.",Place down the chocolate pudding on coffee table,[HOLD],79,2
coffee_table/case282,793,coffee_table/case282,2,Place down the chocolate pudding on coffee table,0,"Organize a culinary scene by relocating items, including chocolate pudding, mugs, a frypan, and a wine bottle between a wooden cabinet, coffee table, and microwave.",Place down the chocolate pudding on coffee table,[HOLD],80,2
coffee_table/case282,794,coffee_table/case282,2,Place down the chocolate pudding on coffee table,0,"Organize a culinary scene by relocating items, including chocolate pudding, mugs, a frypan, and a wine bottle between a wooden cabinet, coffee table, and microwave.",Place down the chocolate pudding on coffee table,[HOLD],81,2
coffee_table/case282,795,coffee_table/case282,2,Place down the chocolate pudding on coffee table,0,"Organize a culinary scene by relocating items, including chocolate pudding, mugs, a frypan, and a wine bottle between a wooden cabinet, coffee table, and microwave.",Place down the chocolate pudding on coffee table,[HOLD],82,2
coffee_table/case282,796,coffee_table/case282,2,Place down the chocolate pudding on coffee table,0,"Organize a culinary scene by relocating items, including chocolate pudding, mugs, a frypan, and a wine bottle between a wooden cabinet, coffee table, and microwave.",Place down the chocolate pudding on coffee table,[HOLD],83,2
coffee_table/case282,797,coffee_table/case282,2,Place down the chocolate pudding on coffee table,0,"Organize a culinary scene by relocating items, including chocolate pudding, mugs, a frypan, and a wine bottle between a wooden cabinet, coffee table, and microwave.",Place down the chocolate pudding on coffee table,[HOLD],84,2
coffee_table/case282,798,coffee_table/case282,2,Place down the chocolate pudding on coffee table,0,"Organize a culinary scene by relocating items, including chocolate pudding, mugs, a frypan, and a wine bottle between a wooden cabinet, coffee table, and microwave.",Place down the chocolate pudding on coffee table,[HOLD],85,2
coffee_table/case282,799,coffee_table/case282,2,Place down the chocolate pudding on coffee table,0,"Organize a culinary scene by relocating items, including chocolate pudding, mugs, a frypan, and a wine bottle between a wooden cabinet, coffee table, and microwave.",Place down the chocolate pudding on coffee table,[HOLD],86,2
coffee_table/case282,800,coffee_table/case282,2,Place down the chocolate pudding on coffee table,0,"Organize a culinary scene by relocating items, including chocolate pudding, mugs, a frypan, and a wine bottle between a wooden cabinet, coffee table, and microwave.",Place down the chocolate pudding on coffee table,[HOLD],87,2
coffee_table/case282,801,coffee_table/case282,2,Place down the chocolate pudding on coffee table,0,"Organize a culinary scene by relocating items, including chocolate pudding, mugs, a frypan, and a wine bottle between a wooden cabinet, coffee table, and microwave.",Place down the chocolate pudding on coffee table,[HOLD],88,2
coffee_table/case282,802,coffee_table/case282,2,Place down the chocolate pudding on coffee table,0,"Organize a culinary scene by relocating items, including chocolate pudding, mugs, a frypan, and a wine bottle between a wooden cabinet, coffee table, and microwave.",Place down the chocolate pudding on coffee table,[HOLD],89,2
coffee_table/case282,803,coffee_table/case282,2,Place down the chocolate pudding on coffee table,0,"Organize a culinary scene by relocating items, including chocolate pudding, mugs, a frypan, and a wine bottle between a wooden cabinet, coffee table, and microwave.",Place down the chocolate pudding on coffee table,[HOLD],90,2
coffee_table/case282,804,coffee_table/case282,2,Place down the chocolate pudding on coffee table,0,"Organize a culinary scene by relocating items, including chocolate pudding, mugs, a frypan, and a wine bottle between a wooden cabinet, coffee table, and microwave.",Place down the chocolate pudding on coffee table,[HOLD],91,2
coffee_table/case282,805,coffee_table/case282,2,Place down the chocolate pudding on coffee table,0,"Organize a culinary scene by relocating items, including chocolate pudding, mugs, a frypan, and a wine bottle between a wooden cabinet, coffee table, and microwave.",Place down the chocolate pudding on coffee table,[HOLD],92,2
coffee_table/case282,806,coffee_table/case282,2,Place down the chocolate pudding on coffee table,0,"Organize a culinary scene by relocating items, including chocolate pudding, mugs, a frypan, and a wine bottle between a wooden cabinet, coffee table, and microwave.",Place down the chocolate pudding on coffee table,[HOLD],93,2
coffee_table/case282,807,coffee_table/case282,2,Place down the chocolate pudding on coffee table,0,"Organize a culinary scene by relocating items, including chocolate pudding, mugs, a frypan, and a wine bottle between a wooden cabinet, coffee table, and microwave.",Place down the chocolate pudding on coffee table,[HOLD],94,2
coffee_table/case282,808,coffee_table/case282,2,Place down the chocolate pudding on coffee table,0,"Organize a culinary scene by relocating items, including chocolate pudding, mugs, a frypan, and a wine bottle between a wooden cabinet, coffee table, and microwave.",Place down the chocolate pudding on coffee table,[HOLD],95,2
coffee_table/case282,809,coffee_table/case282,2,Place down the chocolate pudding on coffee table,0,"Organize a culinary scene by relocating items, including chocolate pudding, mugs, a frypan, and a wine bottle between a wooden cabinet, coffee table, and microwave.",Place down the chocolate pudding on coffee table,[HOLD],96,2
coffee_table/case282,810,coffee_table/case282,2,Place down the chocolate pudding on coffee table,0,"Organize a culinary scene by relocating items, including chocolate pudding, mugs, a frypan, and a wine bottle between a wooden cabinet, coffee table, and microwave.",Place down the chocolate pudding on coffee table,[HOLD],97,2
coffee_table/case282,811,coffee_table/case282,2,Place down the chocolate pudding on coffee table,0,"Organize a culinary scene by relocating items, including chocolate pudding, mugs, a frypan, and a wine bottle between a wooden cabinet, coffee table, and microwave.",Place down the chocolate pudding on coffee table,[HOLD],98,2
coffee_table/case282,812,coffee_table/case282,2,Place down the chocolate pudding on coffee table,0,"Organize a culinary scene by relocating items, including chocolate pudding, mugs, a frypan, and a wine bottle between a wooden cabinet, coffee table, and microwave.",Place down the chocolate pudding on coffee table,[HOLD],99,2
coffee_table/case282,813,coffee_table/case282,2,Place down the chocolate pudding on coffee table,0,"Organize a culinary scene by relocating items, including chocolate pudding, mugs, a frypan, and a wine bottle between a wooden cabinet, coffee table, and microwave.",Place down the chocolate pudding on coffee table,[HOLD],100,2
coffee_table/case282,814,coffee_table/case282,2,Place down the chocolate pudding on coffee table,0,"Organize a culinary scene by relocating items, including chocolate pudding, mugs, a frypan, and a wine bottle between a wooden cabinet, coffee table, and microwave.",Place down the chocolate pudding on coffee table,[HOLD],101,2
coffee_table/case282,815,coffee_table/case282,2,Place down the chocolate pudding on coffee table,0,"Organize a culinary scene by relocating items, including chocolate pudding, mugs, a frypan, and a wine bottle between a wooden cabinet, coffee table, and microwave.",Place down the chocolate pudding on coffee table,[HOLD],102,2
coffee_table/case282,816,coffee_table/case282,2,Place down the chocolate pudding on coffee table,0,"Organize a culinary scene by relocating items, including chocolate pudding, mugs, a frypan, and a wine bottle between a wooden cabinet, coffee table, and microwave.",Place down the chocolate pudding on coffee table,[HOLD],103,2
coffee_table/case282,817,coffee_table/case282,2,Place down the chocolate pudding on coffee table,0,"Organize a culinary scene by relocating items, including chocolate pudding, mugs, a frypan, and a wine bottle between a wooden cabinet, coffee table, and microwave.",Place down the chocolate pudding on coffee table,[HOLD],104,2
coffee_table/case282,818,coffee_table/case282,2,Place down the chocolate pudding on coffee table,0,"Organize a culinary scene by relocating items, including chocolate pudding, mugs, a frypan, and a wine bottle between a wooden cabinet, coffee table, and microwave.",Place down the chocolate pudding on coffee table,[HOLD],105,2
coffee_table/case282,819,coffee_table/case282,2,Place down the chocolate pudding on coffee table,0,"Organize a culinary scene by relocating items, including chocolate pudding, mugs, a frypan, and a wine bottle between a wooden cabinet, coffee table, and microwave.",Place down the chocolate pudding on coffee table,[HOLD],106,2
coffee_table/case282,820,coffee_table/case282,2,Place down the chocolate pudding on coffee table,0,"Organize a culinary scene by relocating items, including chocolate pudding, mugs, a frypan, and a wine bottle between a wooden cabinet, coffee table, and microwave.",Place down the chocolate pudding on coffee table,[HOLD],107,2
coffee_table/case282,821,coffee_table/case282,2,Place down the chocolate pudding on coffee table,0,"Organize a culinary scene by relocating items, including chocolate pudding, mugs, a frypan, and a wine bottle between a wooden cabinet, coffee table, and microwave.",Place down the chocolate pudding on coffee table,[HOLD],108,2
coffee_table/case282,822,coffee_table/case282,2,Place down the chocolate pudding on coffee table,0,"Organize a culinary scene by relocating items, including chocolate pudding, mugs, a frypan, and a wine bottle between a wooden cabinet, coffee table, and microwave.",Place down the chocolate pudding on coffee table,[HOLD],109,2
coffee_table/case282,823,coffee_table/case282,2,Place down the chocolate pudding on coffee table,0,"Organize a culinary scene by relocating items, including chocolate pudding, mugs, a frypan, and a wine bottle between a wooden cabinet, coffee table, and microwave.",Place down the chocolate pudding on coffee table,[HOLD],110,2
coffee_table/case282,824,coffee_table/case282,2,Place down the chocolate pudding on coffee table,0,"Organize a culinary scene by relocating items, including chocolate pudding, mugs, a frypan, and a wine bottle between a wooden cabinet, coffee table, and microwave.",Place down the chocolate pudding on coffee table,[HOLD],111,2
coffee_table/case282,825,coffee_table/case282,2,Place down the chocolate pudding on coffee table,0,"Organize a culinary scene by relocating items, including chocolate pudding, mugs, a frypan, and a wine bottle between a wooden cabinet, coffee table, and microwave.",Place down the chocolate pudding on coffee table,[HOLD],112,2
coffee_table/case282,826,coffee_table/case282,2,Place down the chocolate pudding on coffee table,0,"Organize a culinary scene by relocating items, including chocolate pudding, mugs, a frypan, and a wine bottle between a wooden cabinet, coffee table, and microwave.",Place down the chocolate pudding on coffee table,[HOLD],113,2
coffee_table/case282,827,coffee_table/case282,2,Place down the chocolate pudding on coffee table,0,"Organize a culinary scene by relocating items, including chocolate pudding, mugs, a frypan, and a wine bottle between a wooden cabinet, coffee table, and microwave.",Place down the chocolate pudding on coffee table,[HOLD],114,2
coffee_table/case282,828,coffee_table/case282,2,Place down the chocolate pudding on coffee table,0,"Organize a culinary scene by relocating items, including chocolate pudding, mugs, a frypan, and a wine bottle between a wooden cabinet, coffee table, and microwave.",Place down the chocolate pudding on coffee table,[HOLD],115,2
coffee_table/case282,829,coffee_table/case282,2,Place down the chocolate pudding on coffee table,0,"Organize a culinary scene by relocating items, including chocolate pudding, mugs, a frypan, and a wine bottle between a wooden cabinet, coffee table, and microwave.",Place down the chocolate pudding on coffee table,[HOLD],116,2
coffee_table/case282,830,coffee_table/case282,2,Place down the chocolate pudding on coffee table,0,"Organize a culinary scene by relocating items, including chocolate pudding, mugs, a frypan, and a wine bottle between a wooden cabinet, coffee table, and microwave.",Place down the chocolate pudding on coffee table,[HOLD],117,2
coffee_table/case282,831,coffee_table/case282,2,Place down the chocolate pudding on coffee table,0,"Organize a culinary scene by relocating items, including chocolate pudding, mugs, a frypan, and a wine bottle between a wooden cabinet, coffee table, and microwave.",Place down the chocolate pudding on coffee table,[HOLD],118,2
coffee_table/case282,832,coffee_table/case282,2,Place down the chocolate pudding on coffee table,0,"Organize a culinary scene by relocating items, including chocolate pudding, mugs, a frypan, and a wine bottle between a wooden cabinet, coffee table, and microwave.",Place down the chocolate pudding on coffee table,[HOLD],119,2
coffee_table/case282,833,coffee_table/case282,2,Place down the chocolate pudding on coffee table,0,"Organize a culinary scene by relocating items, including chocolate pudding, mugs, a frypan, and a wine bottle between a wooden cabinet, coffee table, and microwave.",Place down the chocolate pudding on coffee table,[HOLD],120,2
coffee_table/case282,834,coffee_table/case282,2,Place down the chocolate pudding on coffee table,0,"Organize a culinary scene by relocating items, including chocolate pudding, mugs, a frypan, and a wine bottle between a wooden cabinet, coffee table, and microwave.",Place down the chocolate pudding on coffee table,[HOLD],121,2
coffee_table/case282,835,coffee_table/case282,2,Place down the chocolate pudding on coffee table,0,"Organize a culinary scene by relocating items, including chocolate pudding, mugs, a frypan, and a wine bottle between a wooden cabinet, coffee table, and microwave.",Place down the chocolate pudding on coffee table,[HOLD],122,2
coffee_table/case282,836,coffee_table/case282,2,Place down the chocolate pudding on coffee table,0,"Organize a culinary scene by relocating items, including chocolate pudding, mugs, a frypan, and a wine bottle between a wooden cabinet, coffee table, and microwave.",Place down the chocolate pudding on coffee table,[HOLD],123,2
coffee_table/case282,837,coffee_table/case282,2,Place down the chocolate pudding on coffee table,0,"Organize a culinary scene by relocating items, including chocolate pudding, mugs, a frypan, and a wine bottle between a wooden cabinet, coffee table, and microwave.",Place down the chocolate pudding on coffee table,[HOLD],124,2
coffee_table/case282,838,coffee_table/case282,2,Place down the chocolate pudding on coffee table,0,"Organize a culinary scene by relocating items, including chocolate pudding, mugs, a frypan, and a wine bottle between a wooden cabinet, coffee table, and microwave.",Place down the chocolate pudding on coffee table,[HOLD],125,2
coffee_table/case282,839,coffee_table/case282,2,Place down the chocolate pudding on coffee table,0,"Organize a culinary scene by relocating items, including chocolate pudding, mugs, a frypan, and a wine bottle between a wooden cabinet, coffee table, and microwave.",Place down the chocolate pudding on coffee table,[HOLD],126,2
coffee_table/case282,840,coffee_table/case282,2,Place down the chocolate pudding on coffee table,0,"Organize a culinary scene by relocating items, including chocolate pudding, mugs, a frypan, and a wine bottle between a wooden cabinet, coffee table, and microwave.",Place down the chocolate pudding on coffee table,[HOLD],127,2
coffee_table/case282,841,coffee_table/case282,2,Place down the chocolate pudding on coffee table,0,"Organize a culinary scene by relocating items, including chocolate pudding, mugs, a frypan, and a wine bottle between a wooden cabinet, coffee table, and microwave.",Place down the chocolate pudding on coffee table,[HOLD],128,2
coffee_table/case282,842,coffee_table/case282,2,Place down the chocolate pudding on coffee table,0,"Organize a culinary scene by relocating items, including chocolate pudding, mugs, a frypan, and a wine bottle between a wooden cabinet, coffee table, and microwave.",Place down the chocolate pudding on coffee table,[HOLD],129,2
coffee_table/case282,843,coffee_table/case282,2,Place down the chocolate pudding on coffee table,0,"Organize a culinary scene by relocating items, including chocolate pudding, mugs, a frypan, and a wine bottle between a wooden cabinet, coffee table, and microwave.",Place down the chocolate pudding on coffee table,[HOLD],130,2
coffee_table/case282,844,coffee_table/case282,2,Place down the chocolate pudding on coffee table,0,"Organize a culinary scene by relocating items, including chocolate pudding, mugs, a frypan, and a wine bottle between a wooden cabinet, coffee table, and microwave.",Place down the chocolate pudding on coffee table,[HOLD],131,2
coffee_table/case282,845,coffee_table/case282,2,Place down the chocolate pudding on coffee table,0,"Organize a culinary scene by relocating items, including chocolate pudding, mugs, a frypan, and a wine bottle between a wooden cabinet, coffee table, and microwave.",Place down the chocolate pudding on coffee table,[HOLD],132,2
coffee_table/case282,846,coffee_table/case282,2,Place down the chocolate pudding on coffee table,0,"Organize a culinary scene by relocating items, including chocolate pudding, mugs, a frypan, and a wine bottle between a wooden cabinet, coffee table, and microwave.",Place down the chocolate pudding on coffee table,[HOLD],133,2
coffee_table/case282,847,coffee_table/case282,2,Place down the chocolate pudding on coffee table,0,"Organize a culinary scene by relocating items, including chocolate pudding, mugs, a frypan, and a wine bottle between a wooden cabinet, coffee table, and microwave.",Place down the chocolate pudding on coffee table,[HOLD],134,2
coffee_table/case282,848,coffee_table/case282,2,Place down the chocolate pudding on coffee table,0,"Organize a culinary scene by relocating items, including chocolate pudding, mugs, a frypan, and a wine bottle between a wooden cabinet, coffee table, and microwave.",Place down the chocolate pudding on coffee table,[HOLD],135,2
coffee_table/case282,849,coffee_table/case282,2,Place down the chocolate pudding on coffee table,0,"Organize a culinary scene by relocating items, including chocolate pudding, mugs, a frypan, and a wine bottle between a wooden cabinet, coffee table, and microwave.",Place down the chocolate pudding on coffee table,[HOLD],136,2
coffee_table/case282,850,coffee_table/case282,2,Place down the chocolate pudding on coffee table,0,"Organize a culinary scene by relocating items, including chocolate pudding, mugs, a frypan, and a wine bottle between a wooden cabinet, coffee table, and microwave.",Place down the chocolate pudding on coffee table,[HOLD],137,2
coffee_table/case282,851,coffee_table/case282,2,Place down the chocolate pudding on coffee table,0,"Organize a culinary scene by relocating items, including chocolate pudding, mugs, a frypan, and a wine bottle between a wooden cabinet, coffee table, and microwave.",Place down the chocolate pudding on coffee table,[HOLD],138,2
coffee_table/case282,852,coffee_table/case282,2,Place down the chocolate pudding on coffee table,0,"Organize a culinary scene by relocating items, including chocolate pudding, mugs, a frypan, and a wine bottle between a wooden cabinet, coffee table, and microwave.",Place down the chocolate pudding on coffee table,[HOLD],139,2
coffee_table/case282,853,coffee_table/case282,2,Place down the chocolate pudding on coffee table,0,"Organize a culinary scene by relocating items, including chocolate pudding, mugs, a frypan, and a wine bottle between a wooden cabinet, coffee table, and microwave.",Place down the chocolate pudding on coffee table,[HOLD],140,2
coffee_table/case282,854,coffee_table/case282,2,Place down the chocolate pudding on coffee table,0,"Organize a culinary scene by relocating items, including chocolate pudding, mugs, a frypan, and a wine bottle between a wooden cabinet, coffee table, and microwave.",Place down the chocolate pudding on coffee table,[HOLD],141,2
coffee_table/case282,855,coffee_table/case282,2,Place down the chocolate pudding on coffee table,0,"Organize a culinary scene by relocating items, including chocolate pudding, mugs, a frypan, and a wine bottle between a wooden cabinet, coffee table, and microwave.",Place down the chocolate pudding on coffee table,[HOLD],142,2
coffee_table/case282,856,coffee_table/case282,2,Place down the chocolate pudding on coffee table,0,"Organize a culinary scene by relocating items, including chocolate pudding, mugs, a frypan, and a wine bottle between a wooden cabinet, coffee table, and microwave.",Place down the chocolate pudding on coffee table,[HOLD],143,2
coffee_table/case282,857,coffee_table/case282,2,Place down the chocolate pudding on coffee table,0,"Organize a culinary scene by relocating items, including chocolate pudding, mugs, a frypan, and a wine bottle between a wooden cabinet, coffee table, and microwave.",Place down the chocolate pudding on coffee table,[HOLD],144,2
coffee_table/case282,858,coffee_table/case282,2,Place down the chocolate pudding on coffee table,0,"Organize a culinary scene by relocating items, including chocolate pudding, mugs, a frypan, and a wine bottle between a wooden cabinet, coffee table, and microwave.",Place down the chocolate pudding on coffee table,[HOLD],145,2
coffee_table/case282,859,coffee_table/case282,2,Place down the chocolate pudding on coffee table,0,"Organize a culinary scene by relocating items, including chocolate pudding, mugs, a frypan, and a wine bottle between a wooden cabinet, coffee table, and microwave.",Place down the chocolate pudding on coffee table,[HOLD],146,2
coffee_table/case282,860,coffee_table/case282,2,Place down the chocolate pudding on coffee table,0,"Organize a culinary scene by relocating items, including chocolate pudding, mugs, a frypan, and a wine bottle between a wooden cabinet, coffee table, and microwave.",Place down the chocolate pudding on coffee table,[HOLD],147,2
coffee_table/case282,861,coffee_table/case282,2,Place down the chocolate pudding on coffee table,0,"Organize a culinary scene by relocating items, including chocolate pudding, mugs, a frypan, and a wine bottle between a wooden cabinet, coffee table, and microwave.",Place down the chocolate pudding on coffee table,[HOLD],148,2
coffee_table/case282,862,coffee_table/case282,2,Place down the chocolate pudding on coffee table,0,"Organize a culinary scene by relocating items, including chocolate pudding, mugs, a frypan, and a wine bottle between a wooden cabinet, coffee table, and microwave.",Place down the chocolate pudding on coffee table,[HOLD],149,2
coffee_table/case282,863,coffee_table/case282,2,Place down the chocolate pudding on coffee table,0,"Organize a culinary scene by relocating items, including chocolate pudding, mugs, a frypan, and a wine bottle between a wooden cabinet, coffee table, and microwave.",Place down the chocolate pudding on coffee table,[HOLD],150,2
coffee_table/case282,864,coffee_table/case282,2,Place down the chocolate pudding on coffee table,0,"Organize a culinary scene by relocating items, including chocolate pudding, mugs, a frypan, and a wine bottle between a wooden cabinet, coffee table, and microwave.",Place down the chocolate pudding on coffee table,[HOLD],151,2
coffee_table/case282,865,coffee_table/case282,2,Place down the chocolate pudding on coffee table,0,"Organize a culinary scene by relocating items, including chocolate pudding, mugs, a frypan, and a wine bottle between a wooden cabinet, coffee table, and microwave.",Place down the chocolate pudding on coffee table,[HOLD],152,2
coffee_table/case282,866,coffee_table/case282,2,Place down the chocolate pudding on coffee table,0,"Organize a culinary scene by relocating items, including chocolate pudding, mugs, a frypan, and a wine bottle between a wooden cabinet, coffee table, and microwave.",Place down the chocolate pudding on coffee table,[HOLD],153,2
coffee_table/case282,867,coffee_table/case282,2,Place down the chocolate pudding on coffee table,0,"Organize a culinary scene by relocating items, including chocolate pudding, mugs, a frypan, and a wine bottle between a wooden cabinet, coffee table, and microwave.",Place down the chocolate pudding on coffee table,[HOLD],154,2
coffee_table/case282,868,coffee_table/case282,2,Place down the chocolate pudding on coffee table,0,"Organize a culinary scene by relocating items, including chocolate pudding, mugs, a frypan, and a wine bottle between a wooden cabinet, coffee table, and microwave.",Place down the chocolate pudding on coffee table,[HOLD],155,2
coffee_table/case282,869,coffee_table/case282,2,Place down the chocolate pudding on coffee table,0,"Organize a culinary scene by relocating items, including chocolate pudding, mugs, a frypan, and a wine bottle between a wooden cabinet, coffee table, and microwave.",Place down the chocolate pudding on coffee table,[HOLD],156,2
coffee_table/case282,870,coffee_table/case282,2,Place down the chocolate pudding on coffee table,0,"Organize a culinary scene by relocating items, including chocolate pudding, mugs, a frypan, and a wine bottle between a wooden cabinet, coffee table, and microwave.",Place down the chocolate pudding on coffee table,[HOLD],157,2
coffee_table/case282,871,coffee_table/case282,2,Place down the chocolate pudding on coffee table,0,"Organize a culinary scene by relocating items, including chocolate pudding, mugs, a frypan, and a wine bottle between a wooden cabinet, coffee table, and microwave.",Place down the chocolate pudding on coffee table,[HOLD],158,2
coffee_table/case282,872,coffee_table/case282,2,Place down the chocolate pudding on coffee table,0,"Organize a culinary scene by relocating items, including chocolate pudding, mugs, a frypan, and a wine bottle between a wooden cabinet, coffee table, and microwave.",Place down the chocolate pudding on coffee table,[HOLD],159,2
coffee_table/case282,873,coffee_table/case282,2,Place down the chocolate pudding on coffee table,0,"Organize a culinary scene by relocating items, including chocolate pudding, mugs, a frypan, and a wine bottle between a wooden cabinet, coffee table, and microwave.",Place down the chocolate pudding on coffee table,[HOLD],160,2
coffee_table/case282,874,coffee_table/case282,2,Place down the chocolate pudding on coffee table,0,"Organize a culinary scene by relocating items, including chocolate pudding, mugs, a frypan, and a wine bottle between a wooden cabinet, coffee table, and microwave.",Place down the chocolate pudding on coffee table,[HOLD],161,2
coffee_table/case282,875,coffee_table/case282,2,Place down the chocolate pudding on coffee table,0,"Organize a culinary scene by relocating items, including chocolate pudding, mugs, a frypan, and a wine bottle between a wooden cabinet, coffee table, and microwave.",Place down the chocolate pudding on coffee table,[HOLD],162,2
coffee_table/case282,876,coffee_table/case282,2,Place down the chocolate pudding on coffee table,0,"Organize a culinary scene by relocating items, including chocolate pudding, mugs, a frypan, and a wine bottle between a wooden cabinet, coffee table, and microwave.",Place down the chocolate pudding on coffee table,[HOLD],163,2
coffee_table/case282,877,coffee_table/case282,2,Place down the chocolate pudding on coffee table,0,"Organize a culinary scene by relocating items, including chocolate pudding, mugs, a frypan, and a wine bottle between a wooden cabinet, coffee table, and microwave.",Place down the chocolate pudding on coffee table,[HOLD],164,2
coffee_table/case282,878,coffee_table/case282,2,Place down the chocolate pudding on coffee table,0,"Organize a culinary scene by relocating items, including chocolate pudding, mugs, a frypan, and a wine bottle between a wooden cabinet, coffee table, and microwave.",Place down the chocolate pudding on coffee table,[HOLD],165,2
coffee_table/case282,879,coffee_table/case282,2,Place down the chocolate pudding on coffee table,0,"Organize a culinary scene by relocating items, including chocolate pudding, mugs, a frypan, and a wine bottle between a wooden cabinet, coffee table, and microwave.",Place down the chocolate pudding on coffee table,[HOLD],166,2
coffee_table/case282,880,coffee_table/case282,2,Place down the chocolate pudding on coffee table,0,"Organize a culinary scene by relocating items, including chocolate pudding, mugs, a frypan, and a wine bottle between a wooden cabinet, coffee table, and microwave.",Place down the chocolate pudding on coffee table,[HOLD],167,2
coffee_table/case282,881,coffee_table/case282,2,Place down the chocolate pudding on coffee table,0,"Organize a culinary scene by relocating items, including chocolate pudding, mugs, a frypan, and a wine bottle between a wooden cabinet, coffee table, and microwave.",Place down the chocolate pudding on coffee table,[HOLD],168,2
coffee_table/case282,882,coffee_table/case282,2,Place down the chocolate pudding on coffee table,0,"Organize a culinary scene by relocating items, including chocolate pudding, mugs, a frypan, and a wine bottle between a wooden cabinet, coffee table, and microwave.",Place down the chocolate pudding on coffee table,[HOLD],169,2
coffee_table/case282,883,coffee_table/case282,2,Place down the chocolate pudding on coffee table,0,"Organize a culinary scene by relocating items, including chocolate pudding, mugs, a frypan, and a wine bottle between a wooden cabinet, coffee table, and microwave.",Place down the chocolate pudding on coffee table,[HOLD],170,2
coffee_table/case282,884,coffee_table/case282,2,Place down the chocolate pudding on coffee table,0,"Organize a culinary scene by relocating items, including chocolate pudding, mugs, a frypan, and a wine bottle between a wooden cabinet, coffee table, and microwave.",Place down the chocolate pudding on coffee table,[HOLD],171,2
coffee_table/case282,885,coffee_table/case282,2,Place down the chocolate pudding on coffee table,0,"Organize a culinary scene by relocating items, including chocolate pudding, mugs, a frypan, and a wine bottle between a wooden cabinet, coffee table, and microwave.",Place down the chocolate pudding on coffee table,[HOLD],172,2
coffee_table/case282,886,coffee_table/case282,2,Place down the chocolate pudding on coffee table,0,"Organize a culinary scene by relocating items, including chocolate pudding, mugs, a frypan, and a wine bottle between a wooden cabinet, coffee table, and microwave.",Place down the chocolate pudding on coffee table,[HOLD],173,2
coffee_table/case282,887,coffee_table/case282,2,Place down the chocolate pudding on coffee table,0,"Organize a culinary scene by relocating items, including chocolate pudding, mugs, a frypan, and a wine bottle between a wooden cabinet, coffee table, and microwave.",Place down the chocolate pudding on coffee table,[HOLD],174,2
coffee_table/case282,888,coffee_table/case282,2,Place down the chocolate pudding on coffee table,0,"Organize a culinary scene by relocating items, including chocolate pudding, mugs, a frypan, and a wine bottle between a wooden cabinet, coffee table, and microwave.",Place down the chocolate pudding on coffee table,[HOLD],175,2
coffee_table/case282,889,coffee_table/case282,2,Place down the chocolate pudding on coffee table,0,"Organize a culinary scene by relocating items, including chocolate pudding, mugs, a frypan, and a wine bottle between a wooden cabinet, coffee table, and microwave.",Place down the chocolate pudding on coffee table,[HOLD],176,2
coffee_table/case282,890,coffee_table/case282,2,Place down the chocolate pudding on coffee table,0,"Organize a culinary scene by relocating items, including chocolate pudding, mugs, a frypan, and a wine bottle between a wooden cabinet, coffee table, and microwave.",Place down the chocolate pudding on coffee table,[HOLD],177,2
coffee_table/case282,891,coffee_table/case282,2,Place down the chocolate pudding on coffee table,0,"Organize a culinary scene by relocating items, including chocolate pudding, mugs, a frypan, and a wine bottle between a wooden cabinet, coffee table, and microwave.",Place down the chocolate pudding on coffee table,[HOLD],178,2
coffee_table/case282,892,coffee_table/case282,2,Place down the chocolate pudding on coffee table,0,"Organize a culinary scene by relocating items, including chocolate pudding, mugs, a frypan, and a wine bottle between a wooden cabinet, coffee table, and microwave.",Place down the chocolate pudding on coffee table,[HOLD],179,2
coffee_table/case282,893,coffee_table/case282,2,Place down the chocolate pudding on coffee table,0,"Organize a culinary scene by relocating items, including chocolate pudding, mugs, a frypan, and a wine bottle between a wooden cabinet, coffee table, and microwave.",Place down the chocolate pudding on coffee table,[HOLD],180,2
coffee_table/case282,894,coffee_table/case282,2,Place down the chocolate pudding on coffee table,0,"Organize a culinary scene by relocating items, including chocolate pudding, mugs, a frypan, and a wine bottle between a wooden cabinet, coffee table, and microwave.",Place down the chocolate pudding on coffee table,[HOLD],181,2
coffee_table/case282,895,coffee_table/case282,2,Place down the chocolate pudding on coffee table,0,"Organize a culinary scene by relocating items, including chocolate pudding, mugs, a frypan, and a wine bottle between a wooden cabinet, coffee table, and microwave.",Place down the chocolate pudding on coffee table,[HOLD],182,2
coffee_table/case282,896,coffee_table/case282,2,Place down the chocolate pudding on coffee table,0,"Organize a culinary scene by relocating items, including chocolate pudding, mugs, a frypan, and a wine bottle between a wooden cabinet, coffee table, and microwave.",Place down the chocolate pudding on coffee table,[HOLD],183,2
coffee_table/case282,897,coffee_table/case282,2,Place down the chocolate pudding on coffee table,0,"Organize a culinary scene by relocating items, including chocolate pudding, mugs, a frypan, and a wine bottle between a wooden cabinet, coffee table, and microwave.",Place down the chocolate pudding on coffee table,[HOLD],184,2
coffee_table/case282,898,coffee_table/case282,2,Place down the chocolate pudding on coffee table,0,"Organize a culinary scene by relocating items, including chocolate pudding, mugs, a frypan, and a wine bottle between a wooden cabinet, coffee table, and microwave.",Place down the chocolate pudding on coffee table,[HOLD],185,2
coffee_table/case282,899,coffee_table/case282,2,Place down the chocolate pudding on coffee table,0,"Organize a culinary scene by relocating items, including chocolate pudding, mugs, a frypan, and a wine bottle between a wooden cabinet, coffee table, and microwave.",Place down the chocolate pudding on coffee table,[HOLD],186,2
coffee_table/case282,900,coffee_table/case282,2,Place down the chocolate pudding on coffee table,0,"Organize a culinary scene by relocating items, including chocolate pudding, mugs, a frypan, and a wine bottle between a wooden cabinet, coffee table, and microwave.",Place down the chocolate pudding on coffee table,[HOLD],187,2
coffee_table/case282,901,coffee_table/case282,2,Place down the chocolate pudding on coffee table,0,"Organize a culinary scene by relocating items, including chocolate pudding, mugs, a frypan, and a wine bottle between a wooden cabinet, coffee table, and microwave.",Place down the chocolate pudding on coffee table,[HOLD],188,2
coffee_table/case282,902,coffee_table/case282,2,Place down the chocolate pudding on coffee table,0,"Organize a culinary scene by relocating items, including chocolate pudding, mugs, a frypan, and a wine bottle between a wooden cabinet, coffee table, and microwave.",Place down the chocolate pudding on coffee table,[HOLD],189,2
coffee_table/case282,903,coffee_table/case282,2,Place down the chocolate pudding on coffee table,0,"Organize a culinary scene by relocating items, including chocolate pudding, mugs, a frypan, and a wine bottle between a wooden cabinet, coffee table, and microwave.",Place down the chocolate pudding on coffee table,[HOLD],190,2
coffee_table/case282,904,coffee_table/case282,2,Place down the chocolate pudding on coffee table,0,"Organize a culinary scene by relocating items, including chocolate pudding, mugs, a frypan, and a wine bottle between a wooden cabinet, coffee table, and microwave.",Place down the chocolate pudding on coffee table,[HOLD],191,2
coffee_table/case282,905,coffee_table/case282,2,Place down the chocolate pudding on coffee table,0,"Organize a culinary scene by relocating items, including chocolate pudding, mugs, a frypan, and a wine bottle between a wooden cabinet, coffee table, and microwave.",Place down the chocolate pudding on coffee table,[HOLD],192,2
coffee_table/case282,906,coffee_table/case282,2,Place down the chocolate pudding on coffee table,0,"Organize a culinary scene by relocating items, including chocolate pudding, mugs, a frypan, and a wine bottle between a wooden cabinet, coffee table, and microwave.",Place down the chocolate pudding on coffee table,[HOLD],193,2
coffee_table/case282,907,coffee_table/case282,2,Place down the chocolate pudding on coffee table,0,"Organize a culinary scene by relocating items, including chocolate pudding, mugs, a frypan, and a wine bottle between a wooden cabinet, coffee table, and microwave.",Place down the chocolate pudding on coffee table,[HOLD],194,2
coffee_table/case282,908,coffee_table/case282,2,Place down the chocolate pudding on coffee table,0,"Organize a culinary scene by relocating items, including chocolate pudding, mugs, a frypan, and a wine bottle between a wooden cabinet, coffee table, and microwave.",Place down the chocolate pudding on coffee table,[HOLD],195,2
coffee_table/case282,909,coffee_table/case282,2,Place down the chocolate pudding on coffee table,0,"Organize a culinary scene by relocating items, including chocolate pudding, mugs, a frypan, and a wine bottle between a wooden cabinet, coffee table, and microwave.",Place down the chocolate pudding on coffee table,[HOLD],196,2
coffee_table/case282,910,coffee_table/case282,2,Place down the chocolate pudding on coffee table,0,"Organize a culinary scene by relocating items, including chocolate pudding, mugs, a frypan, and a wine bottle between a wooden cabinet, coffee table, and microwave.",Place down the chocolate pudding on coffee table,[HOLD],197,2
coffee_table/case282,911,coffee_table/case282,2,Place down the chocolate pudding on coffee table,0,"Organize a culinary scene by relocating items, including chocolate pudding, mugs, a frypan, and a wine bottle between a wooden cabinet, coffee table, and microwave.",Place down the chocolate pudding on coffee table,[HOLD],198,2
coffee_table/case282,912,coffee_table/case282,2,Place down the chocolate pudding on coffee table,0,"Organize a culinary scene by relocating items, including chocolate pudding, mugs, a frypan, and a wine bottle between a wooden cabinet, coffee table, and microwave.",Place down the chocolate pudding on coffee table,[HOLD],199,2
coffee_table/case282,913,coffee_table/case282,2,Place down the chocolate pudding on coffee table,0,"Organize a culinary scene by relocating items, including chocolate pudding, mugs, a frypan, and a wine bottle between a wooden cabinet, coffee table, and microwave.",Place down the chocolate pudding on coffee table,[HOLD],200,2
coffee_table/case282,914,coffee_table/case282,2,Place down the chocolate pudding on coffee table,0,"Organize a culinary scene by relocating items, including chocolate pudding, mugs, a frypan, and a wine bottle between a wooden cabinet, coffee table, and microwave.",Place down the chocolate pudding on coffee table,[HOLD],201,2
coffee_table/case282,915,coffee_table/case282,2,Place down the chocolate pudding on coffee table,0,"Organize a culinary scene by relocating items, including chocolate pudding, mugs, a frypan, and a wine bottle between a wooden cabinet, coffee table, and microwave.",Place down the chocolate pudding on coffee table,[HOLD],202,2
coffee_table/case282,916,coffee_table/case282,2,Place down the chocolate pudding on coffee table,0,"Organize a culinary scene by relocating items, including chocolate pudding, mugs, a frypan, and a wine bottle between a wooden cabinet, coffee table, and microwave.",Place down the chocolate pudding on coffee table,[HOLD],203,2
coffee_table/case282,917,coffee_table/case282,2,Place down the chocolate pudding on coffee table,0,"Organize a culinary scene by relocating items, including chocolate pudding, mugs, a frypan, and a wine bottle between a wooden cabinet, coffee table, and microwave.",Place down the chocolate pudding on coffee table,[HOLD],204,2
coffee_table/case282,918,coffee_table/case282,2,Place down the chocolate pudding on coffee table,0,"Organize a culinary scene by relocating items, including chocolate pudding, mugs, a frypan, and a wine bottle between a wooden cabinet, coffee table, and microwave.",Place down the chocolate pudding on coffee table,[HOLD],205,2
coffee_table/case282,919,coffee_table/case282,2,Place down the chocolate pudding on coffee table,0,"Organize a culinary scene by relocating items, including chocolate pudding, mugs, a frypan, and a wine bottle between a wooden cabinet, coffee table, and microwave.",Place down the chocolate pudding on coffee table,[HOLD],206,2
coffee_table/case282,920,coffee_table/case282,2,Place down the chocolate pudding on coffee table,0,"Organize a culinary scene by relocating items, including chocolate pudding, mugs, a frypan, and a wine bottle between a wooden cabinet, coffee table, and microwave.",Place down the chocolate pudding on coffee table,[HOLD],207,2
coffee_table/case282,921,coffee_table/case282,2,Place down the chocolate pudding on coffee table,0,"Organize a culinary scene by relocating items, including chocolate pudding, mugs, a frypan, and a wine bottle between a wooden cabinet, coffee table, and microwave.",Place down the chocolate pudding on coffee table,[HOLD],208,2
coffee_table/case282,922,coffee_table/case282,2,Place down the chocolate pudding on coffee table,0,"Organize a culinary scene by relocating items, including chocolate pudding, mugs, a frypan, and a wine bottle between a wooden cabinet, coffee table, and microwave.",Place down the chocolate pudding on coffee table,[HOLD],209,2
coffee_table/case282,923,coffee_table/case282,2,Place down the chocolate pudding on coffee table,0,"Organize a culinary scene by relocating items, including chocolate pudding, mugs, a frypan, and a wine bottle between a wooden cabinet, coffee table, and microwave.",Place down the chocolate pudding on coffee table,[HOLD],210,2
coffee_table/case282,924,coffee_table/case282,2,Place down the chocolate pudding on coffee table,0,"Organize a culinary scene by relocating items, including chocolate pudding, mugs, a frypan, and a wine bottle between a wooden cabinet, coffee table, and microwave.",Place down the chocolate pudding on coffee table,[HOLD],211,2
coffee_table/case282,925,coffee_table/case282,2,Place down the chocolate pudding on coffee table,0,"Organize a culinary scene by relocating items, including chocolate pudding, mugs, a frypan, and a wine bottle between a wooden cabinet, coffee table, and microwave.",Place down the chocolate pudding on coffee table,[HOLD],212,2
coffee_table/case282,926,coffee_table/case282,2,Place down the chocolate pudding on coffee table,0,"Organize a culinary scene by relocating items, including chocolate pudding, mugs, a frypan, and a wine bottle between a wooden cabinet, coffee table, and microwave.",Place down the chocolate pudding on coffee table,[HOLD],213,2
coffee_table/case282,927,coffee_table/case282,2,Place down the chocolate pudding on coffee table,0,"Organize a culinary scene by relocating items, including chocolate pudding, mugs, a frypan, and a wine bottle between a wooden cabinet, coffee table, and microwave.",Place down the chocolate pudding on coffee table,[HOLD],214,2
coffee_table/case282,928,coffee_table/case282,2,Place down the chocolate pudding on coffee table,0,"Organize a culinary scene by relocating items, including chocolate pudding, mugs, a frypan, and a wine bottle between a wooden cabinet, coffee table, and microwave.",Place down the chocolate pudding on coffee table,[HOLD],215,2
coffee_table/case282,929,coffee_table/case282,2,Place down the chocolate pudding on coffee table,0,"Organize a culinary scene by relocating items, including chocolate pudding, mugs, a frypan, and a wine bottle between a wooden cabinet, coffee table, and microwave.",Place down the chocolate pudding on coffee table,[HOLD],216,2
coffee_table/case282,930,coffee_table/case282,2,Place down the chocolate pudding on coffee table,0,"Organize a culinary scene by relocating items, including chocolate pudding, mugs, a frypan, and a wine bottle between a wooden cabinet, coffee table, and microwave.",Place down the chocolate pudding on coffee table,[HOLD],217,2
coffee_table/case282,931,coffee_table/case282,2,Place down the chocolate pudding on coffee table,0,"Organize a culinary scene by relocating items, including chocolate pudding, mugs, a frypan, and a wine bottle between a wooden cabinet, coffee table, and microwave.",Place down the chocolate pudding on coffee table,[HOLD],218,2
coffee_table/case282,932,coffee_table/case282,2,Place down the chocolate pudding on coffee table,0,"Organize a culinary scene by relocating items, including chocolate pudding, mugs, a frypan, and a wine bottle between a wooden cabinet, coffee table, and microwave.",Place down the chocolate pudding on coffee table,[HOLD],219,2
coffee_table/case282,933,coffee_table/case282,2,Place down the chocolate pudding on coffee table,0,"Organize a culinary scene by relocating items, including chocolate pudding, mugs, a frypan, and a wine bottle between a wooden cabinet, coffee table, and microwave.",Place down the chocolate pudding on coffee table,[HOLD],220,2
coffee_table/case282,934,coffee_table/case282,2,Place down the chocolate pudding on coffee table,0,"Organize a culinary scene by relocating items, including chocolate pudding, mugs, a frypan, and a wine bottle between a wooden cabinet, coffee table, and microwave.",Place down the chocolate pudding on coffee table,[HOLD],221,2
coffee_table/case282,935,coffee_table/case282,2,Place down the chocolate pudding on coffee table,0,"Organize a culinary scene by relocating items, including chocolate pudding, mugs, a frypan, and a wine bottle between a wooden cabinet, coffee table, and microwave.",Place down the chocolate pudding on coffee table,[HOLD],222,2
coffee_table/case282,936,coffee_table/case282,2,Place down the chocolate pudding on coffee table,0,"Organize a culinary scene by relocating items, including chocolate pudding, mugs, a frypan, and a wine bottle between a wooden cabinet, coffee table, and microwave.",Place down the chocolate pudding on coffee table,[HOLD],223,2
coffee_table/case282,937,coffee_table/case282,2,Place down the chocolate pudding on coffee table,0,"Organize a culinary scene by relocating items, including chocolate pudding, mugs, a frypan, and a wine bottle between a wooden cabinet, coffee table, and microwave.",Place down the chocolate pudding on coffee table,[HOLD],224,2
coffee_table/case282,938,coffee_table/case282,2,Place down the chocolate pudding on coffee table,0,"Organize a culinary scene by relocating items, including chocolate pudding, mugs, a frypan, and a wine bottle between a wooden cabinet, coffee table, and microwave.",Place down the chocolate pudding on coffee table,[HOLD],225,2
coffee_table/case282,939,coffee_table/case282,2,Place down the chocolate pudding on coffee table,0,"Organize a culinary scene by relocating items, including chocolate pudding, mugs, a frypan, and a wine bottle between a wooden cabinet, coffee table, and microwave.",Place down the chocolate pudding on coffee table,[HOLD],226,2
coffee_table/case282,940,coffee_table/case282,2,Place down the chocolate pudding on coffee table,0,"Organize a culinary scene by relocating items, including chocolate pudding, mugs, a frypan, and a wine bottle between a wooden cabinet, coffee table, and microwave.",Place down the chocolate pudding on coffee table,[HOLD],227,2
coffee_table/case282,941,coffee_table/case282,2,Place down the chocolate pudding on coffee table,0,"Organize a culinary scene by relocating items, including chocolate pudding, mugs, a frypan, and a wine bottle between a wooden cabinet, coffee table, and microwave.",Place down the chocolate pudding on coffee table,[HOLD],228,2
coffee_table/case282,942,coffee_table/case282,2,Place down the chocolate pudding on coffee table,0,"Organize a culinary scene by relocating items, including chocolate pudding, mugs, a frypan, and a wine bottle between a wooden cabinet, coffee table, and microwave.",Place down the chocolate pudding on coffee table,[HOLD],229,2
coffee_table/case282,943,coffee_table/case282,2,Place down the chocolate pudding on coffee table,0,"Organize a culinary scene by relocating items, including chocolate pudding, mugs, a frypan, and a wine bottle between a wooden cabinet, coffee table, and microwave.",Place down the chocolate pudding on coffee table,[HOLD],230,2
coffee_table/case282,944,coffee_table/case282,2,Place down the chocolate pudding on coffee table,0,"Organize a culinary scene by relocating items, including chocolate pudding, mugs, a frypan, and a wine bottle between a wooden cabinet, coffee table, and microwave.",Place down the chocolate pudding on coffee table,[HOLD],231,2
coffee_table/case282,945,coffee_table/case282,2,Place down the chocolate pudding on coffee table,0,"Organize a culinary scene by relocating items, including chocolate pudding, mugs, a frypan, and a wine bottle between a wooden cabinet, coffee table, and microwave.",Place down the chocolate pudding on coffee table,[HOLD],232,2
coffee_table/case282,946,coffee_table/case282,2,Place down the chocolate pudding on coffee table,0,"Organize a culinary scene by relocating items, including chocolate pudding, mugs, a frypan, and a wine bottle between a wooden cabinet, coffee table, and microwave.",Place down the chocolate pudding on coffee table,[HOLD],233,2
coffee_table/case282,947,coffee_table/case282,2,Place down the chocolate pudding on coffee table,0,"Organize a culinary scene by relocating items, including chocolate pudding, mugs, a frypan, and a wine bottle between a wooden cabinet, coffee table, and microwave.",Place down the chocolate pudding on coffee table,[HOLD],234,2
coffee_table/case282,948,coffee_table/case282,2,Place down the chocolate pudding on coffee table,0,"Organize a culinary scene by relocating items, including chocolate pudding, mugs, a frypan, and a wine bottle between a wooden cabinet, coffee table, and microwave.",Place down the chocolate pudding on coffee table,[HOLD],235,2
coffee_table/case282,949,coffee_table/case282,2,Place down the chocolate pudding on coffee table,0,"Organize a culinary scene by relocating items, including chocolate pudding, mugs, a frypan, and a wine bottle between a wooden cabinet, coffee table, and microwave.",Place down the chocolate pudding on coffee table,[HOLD],236,2
coffee_table/case282,950,coffee_table/case282,2,Place down the chocolate pudding on coffee table,0,"Organize a culinary scene by relocating items, including chocolate pudding, mugs, a frypan, and a wine bottle between a wooden cabinet, coffee table, and microwave.",Place down the chocolate pudding on coffee table,[HOLD],237,2
coffee_table/case282,951,coffee_table/case282,2,Place down the chocolate pudding on coffee table,0,"Organize a culinary scene by relocating items, including chocolate pudding, mugs, a frypan, and a wine bottle between a wooden cabinet, coffee table, and microwave.",Place down the chocolate pudding on coffee table,[HOLD],238,2
coffee_table/case282,952,coffee_table/case282,2,Place down the chocolate pudding on coffee table,0,"Organize a culinary scene by relocating items, including chocolate pudding, mugs, a frypan, and a wine bottle between a wooden cabinet, coffee table, and microwave.",Place down the chocolate pudding on coffee table,[HOLD],239,2
coffee_table/case282,953,coffee_table/case282,2,Place down the chocolate pudding on coffee table,0,"Organize a culinary scene by relocating items, including chocolate pudding, mugs, a frypan, and a wine bottle between a wooden cabinet, coffee table, and microwave.",Place down the chocolate pudding on coffee table,[HOLD],240,2
coffee_table/case282,954,coffee_table/case282,2,Place down the chocolate pudding on coffee table,0,"Organize a culinary scene by relocating items, including chocolate pudding, mugs, a frypan, and a wine bottle between a wooden cabinet, coffee table, and microwave.",Place down the chocolate pudding on coffee table,[HOLD],241,2
coffee_table/case282,955,coffee_table/case282,2,Place down the chocolate pudding on coffee table,0,"Organize a culinary scene by relocating items, including chocolate pudding, mugs, a frypan, and a wine bottle between a wooden cabinet, coffee table, and microwave.",Place down the chocolate pudding on coffee table,[HOLD],242,2
coffee_table/case282,956,coffee_table/case282,2,Place down the chocolate pudding on coffee table,0,"Organize a culinary scene by relocating items, including chocolate pudding, mugs, a frypan, and a wine bottle between a wooden cabinet, coffee table, and microwave.",Place down the chocolate pudding on coffee table,[HOLD],243,2
coffee_table/case282,957,coffee_table/case282,2,Place down the chocolate pudding on coffee table,0,"Organize a culinary scene by relocating items, including chocolate pudding, mugs, a frypan, and a wine bottle between a wooden cabinet, coffee table, and microwave.",Place down the chocolate pudding on coffee table,[HOLD],244,2
coffee_table/case282,958,coffee_table/case282,2,Place down the chocolate pudding on coffee table,0,"Organize a culinary scene by relocating items, including chocolate pudding, mugs, a frypan, and a wine bottle between a wooden cabinet, coffee table, and microwave.",Place down the chocolate pudding on coffee table,[HOLD],245,2
coffee_table/case282,959,coffee_table/case282,2,Place down the chocolate pudding on coffee table,0,"Organize a culinary scene by relocating items, including chocolate pudding, mugs, a frypan, and a wine bottle between a wooden cabinet, coffee table, and microwave.",Place down the chocolate pudding on coffee table,[HOLD],246,2
coffee_table/case282,960,coffee_table/case282,2,Place down the chocolate pudding on coffee table,0,"Organize a culinary scene by relocating items, including chocolate pudding, mugs, a frypan, and a wine bottle between a wooden cabinet, coffee table, and microwave.",Place down the chocolate pudding on coffee table,[HOLD],247,2
coffee_table/case282,961,coffee_table/case282,2,Place down the chocolate pudding on coffee table,0,"Organize a culinary scene by relocating items, including chocolate pudding, mugs, a frypan, and a wine bottle between a wooden cabinet, coffee table, and microwave.",Place down the chocolate pudding on coffee table,[HOLD],248,2
coffee_table/case282,962,coffee_table/case282,2,Place down the chocolate pudding on coffee table,0,"Organize a culinary scene by relocating items, including chocolate pudding, mugs, a frypan, and a wine bottle between a wooden cabinet, coffee table, and microwave.",Place down the chocolate pudding on coffee table,[HOLD],249,2
coffee_table/case282,963,coffee_table/case282,2,Place down the chocolate pudding on coffee table,0,"Organize a culinary scene by relocating items, including chocolate pudding, mugs, a frypan, and a wine bottle between a wooden cabinet, coffee table, and microwave.",Place down the chocolate pudding on coffee table,[HOLD],250,2
coffee_table/case282,964,coffee_table/case282,2,Place down the chocolate pudding on coffee table,0,"Organize a culinary scene by relocating items, including chocolate pudding, mugs, a frypan, and a wine bottle between a wooden cabinet, coffee table, and microwave.",Place down the chocolate pudding on coffee table,[HOLD],251,2
coffee_table/case282,965,coffee_table/case282,2,Place down the chocolate pudding on coffee table,0,"Organize a culinary scene by relocating items, including chocolate pudding, mugs, a frypan, and a wine bottle between a wooden cabinet, coffee table, and microwave.",Place down the chocolate pudding on coffee table,[HOLD],252,2
coffee_table/case282,966,coffee_table/case282,2,Place down the chocolate pudding on coffee table,0,"Organize a culinary scene by relocating items, including chocolate pudding, mugs, a frypan, and a wine bottle between a wooden cabinet, coffee table, and microwave.",Place down the chocolate pudding on coffee table,[HOLD],253,2
coffee_table/case282,967,coffee_table/case282,2,Place down the chocolate pudding on coffee table,0,"Organize a culinary scene by relocating items, including chocolate pudding, mugs, a frypan, and a wine bottle between a wooden cabinet, coffee table, and microwave.",Place down the chocolate pudding on coffee table,[HOLD],254,2
coffee_table/case282,968,coffee_table/case282,2,Place down the chocolate pudding on coffee table,0,"Organize a culinary scene by relocating items, including chocolate pudding, mugs, a frypan, and a wine bottle between a wooden cabinet, coffee table, and microwave.",Place down the chocolate pudding on coffee table,[HOLD],255,2
coffee_table/case282,969,coffee_table/case282,2,Place down the chocolate pudding on coffee table,0,"Organize a culinary scene by relocating items, including chocolate pudding, mugs, a frypan, and a wine bottle between a wooden cabinet, coffee table, and microwave.",Place down the chocolate pudding on coffee table,[HOLD],256,2
coffee_table/case282,970,coffee_table/case282,2,Place down the chocolate pudding on coffee table,0,"Organize a culinary scene by relocating items, including chocolate pudding, mugs, a frypan, and a wine bottle between a wooden cabinet, coffee table, and microwave.",Place down the chocolate pudding on coffee table,[HOLD],257,2
coffee_table/case282,971,coffee_table/case282,2,Place down the chocolate pudding on coffee table,0,"Organize a culinary scene by relocating items, including chocolate pudding, mugs, a frypan, and a wine bottle between a wooden cabinet, coffee table, and microwave.",Place down the chocolate pudding on coffee table,[HOLD],258,2
coffee_table/case282,972,coffee_table/case282,2,Place down the chocolate pudding on coffee table,0,"Organize a culinary scene by relocating items, including chocolate pudding, mugs, a frypan, and a wine bottle between a wooden cabinet, coffee table, and microwave.",Place down the chocolate pudding on coffee table,[HOLD],259,2
coffee_table/case282,973,coffee_table/case282,2,Place down the chocolate pudding on coffee table,0,"Organize a culinary scene by relocating items, including chocolate pudding, mugs, a frypan, and a wine bottle between a wooden cabinet, coffee table, and microwave.",Place down the chocolate pudding on coffee table,[HOLD],260,2
coffee_table/case282,974,coffee_table/case282,2,Place down the chocolate pudding on coffee table,0,"Organize a culinary scene by relocating items, including chocolate pudding, mugs, a frypan, and a wine bottle between a wooden cabinet, coffee table, and microwave.",Place down the chocolate pudding on coffee table,[HOLD],261,2
coffee_table/case282,975,coffee_table/case282,2,Place down the chocolate pudding on coffee table,0,"Organize a culinary scene by relocating items, including chocolate pudding, mugs, a frypan, and a wine bottle between a wooden cabinet, coffee table, and microwave.",Place down the chocolate pudding on coffee table,[HOLD],262,2
coffee_table/case282,976,coffee_table/case282,2,Place down the chocolate pudding on coffee table,0,"Organize a culinary scene by relocating items, including chocolate pudding, mugs, a frypan, and a wine bottle between a wooden cabinet, coffee table, and microwave.",Place down the chocolate pudding on coffee table,[HOLD],263,2
coffee_table/case282,977,coffee_table/case282,2,Place down the chocolate pudding on coffee table,0,"Organize a culinary scene by relocating items, including chocolate pudding, mugs, a frypan, and a wine bottle between a wooden cabinet, coffee table, and microwave.",Place down the chocolate pudding on coffee table,[HOLD],264,2
coffee_table/case282,978,coffee_table/case282,2,Place down the chocolate pudding on coffee table,0,"Organize a culinary scene by relocating items, including chocolate pudding, mugs, a frypan, and a wine bottle between a wooden cabinet, coffee table, and microwave.",Place down the chocolate pudding on coffee table,[HOLD],265,2
coffee_table/case282,979,coffee_table/case282,2,Place down the chocolate pudding on coffee table,0,"Organize a culinary scene by relocating items, including chocolate pudding, mugs, a frypan, and a wine bottle between a wooden cabinet, coffee table, and microwave.",Place down the chocolate pudding on coffee table,[HOLD],266,2
coffee_table/case282,980,coffee_table/case282,2,Place down the chocolate pudding on coffee table,0,"Organize a culinary scene by relocating items, including chocolate pudding, mugs, a frypan, and a wine bottle between a wooden cabinet, coffee table, and microwave.",Place down the chocolate pudding on coffee table,[HOLD],267,2
coffee_table/case282,981,coffee_table/case282,2,Place down the chocolate pudding on coffee table,0,"Organize a culinary scene by relocating items, including chocolate pudding, mugs, a frypan, and a wine bottle between a wooden cabinet, coffee table, and microwave.",Place down the chocolate pudding on coffee table,[HOLD],268,2
coffee_table/case282,982,coffee_table/case282,2,Place down the chocolate pudding on coffee table,0,"Organize a culinary scene by relocating items, including chocolate pudding, mugs, a frypan, and a wine bottle between a wooden cabinet, coffee table, and microwave.",Place down the chocolate pudding on coffee table,[HOLD],269,2
coffee_table/case282,983,coffee_table/case282,2,Place down the chocolate pudding on coffee table,0,"Organize a culinary scene by relocating items, including chocolate pudding, mugs, a frypan, and a wine bottle between a wooden cabinet, coffee table, and microwave.",Place down the chocolate pudding on coffee table,[HOLD],270,2
coffee_table/case282,984,coffee_table/case282,2,Place down the chocolate pudding on coffee table,0,"Organize a culinary scene by relocating items, including chocolate pudding, mugs, a frypan, and a wine bottle between a wooden cabinet, coffee table, and microwave.",Place down the chocolate pudding on coffee table,[HOLD],271,2
coffee_table/case282,985,coffee_table/case282,2,Place down the chocolate pudding on coffee table,0,"Organize a culinary scene by relocating items, including chocolate pudding, mugs, a frypan, and a wine bottle between a wooden cabinet, coffee table, and microwave.",Place down the chocolate pudding on coffee table,[HOLD],272,2
coffee_table/case282,986,coffee_table/case282,2,Place down the chocolate pudding on coffee table,0,"Organize a culinary scene by relocating items, including chocolate pudding, mugs, a frypan, and a wine bottle between a wooden cabinet, coffee table, and microwave.",Place down the chocolate pudding on coffee table,[HOLD],273,2
coffee_table/case282,987,coffee_table/case282,2,Place down the chocolate pudding on coffee table,0,"Organize a culinary scene by relocating items, including chocolate pudding, mugs, a frypan, and a wine bottle between a wooden cabinet, coffee table, and microwave.",Place down the chocolate pudding on coffee table,[HOLD],274,2
coffee_table/case282,988,coffee_table/case282,2,Place down the chocolate pudding on coffee table,0,"Organize a culinary scene by relocating items, including chocolate pudding, mugs, a frypan, and a wine bottle between a wooden cabinet, coffee table, and microwave.",Place down the chocolate pudding on coffee table,[HOLD],275,2
coffee_table/case282,989,coffee_table/case282,2,Place down the chocolate pudding on coffee table,0,"Organize a culinary scene by relocating items, including chocolate pudding, mugs, a frypan, and a wine bottle between a wooden cabinet, coffee table, and microwave.",Place down the chocolate pudding on coffee table,[HOLD],276,2
coffee_table/case282,990,coffee_table/case282,2,Place down the chocolate pudding on coffee table,0,"Organize a culinary scene by relocating items, including chocolate pudding, mugs, a frypan, and a wine bottle between a wooden cabinet, coffee table, and microwave.",Place down the chocolate pudding on coffee table,[HOLD],277,2
coffee_table/case282,991,coffee_table/case282,2,Place down the chocolate pudding on coffee table,0,"Organize a culinary scene by relocating items, including chocolate pudding, mugs, a frypan, and a wine bottle between a wooden cabinet, coffee table, and microwave.",Place down the chocolate pudding on coffee table,[HOLD],278,2
coffee_table/case282,992,coffee_table/case282,2,Place down the chocolate pudding on coffee table,0,"Organize a culinary scene by relocating items, including chocolate pudding, mugs, a frypan, and a wine bottle between a wooden cabinet, coffee table, and microwave.",Place down the chocolate pudding on coffee table,[HOLD],279,2
coffee_table/case282,993,coffee_table/case282,2,Place down the chocolate pudding on coffee table,0,"Organize a culinary scene by relocating items, including chocolate pudding, mugs, a frypan, and a wine bottle between a wooden cabinet, coffee table, and microwave.",Place down the chocolate pudding on coffee table,[HOLD],280,2
coffee_table/case282,994,coffee_table/case282,2,Place down the chocolate pudding on coffee table,0,"Organize a culinary scene by relocating items, including chocolate pudding, mugs, a frypan, and a wine bottle between a wooden cabinet, coffee table, and microwave.",Place down the chocolate pudding on coffee table,[HOLD],281,2
coffee_table/case282,995,coffee_table/case282,3,open the microwave,1,"Organize a culinary scene by relocating items, including chocolate pudding, mugs, a frypan, and a wine bottle between a wooden cabinet, coffee table, and microwave.",open the microwave,open the microwave,0,3
coffee_table/case282,996,coffee_table/case282,3,open the microwave,0,"Organize a culinary scene by relocating items, including chocolate pudding, mugs, a frypan, and a wine bottle between a wooden cabinet, coffee table, and microwave.",open the microwave,[HOLD],1,3
coffee_table/case282,997,coffee_table/case282,3,open the microwave,0,"Organize a culinary scene by relocating items, including chocolate pudding, mugs, a frypan, and a wine bottle between a wooden cabinet, coffee table, and microwave.",open the microwave,[HOLD],2,3
coffee_table/case282,998,coffee_table/case282,3,open the microwave,0,"Organize a culinary scene by relocating items, including chocolate pudding, mugs, a frypan, and a wine bottle between a wooden cabinet, coffee table, and microwave.",open the microwave,[HOLD],3,3
coffee_table/case282,999,coffee_table/case282,3,open the microwave,0,"Organize a culinary scene by relocating items, including chocolate pudding, mugs, a frypan, and a wine bottle between a wooden cabinet, coffee table, and microwave.",open the microwave,[HOLD],4,3
coffee_table/case282,1000,coffee_table/case282,3,open the microwave,0,"Organize a culinary scene by relocating items, including chocolate pudding, mugs, a frypan, and a wine bottle between a wooden cabinet, coffee table, and microwave.",open the microwave,[HOLD],5,3
coffee_table/case282,1001,coffee_table/case282,3,open the microwave,0,"Organize a culinary scene by relocating items, including chocolate pudding, mugs, a frypan, and a wine bottle between a wooden cabinet, coffee table, and microwave.",open the microwave,[HOLD],6,3
coffee_table/case282,1002,coffee_table/case282,3,open the microwave,0,"Organize a culinary scene by relocating items, including chocolate pudding, mugs, a frypan, and a wine bottle between a wooden cabinet, coffee table, and microwave.",open the microwave,[HOLD],7,3
coffee_table/case282,1003,coffee_table/case282,3,open the microwave,0,"Organize a culinary scene by relocating items, including chocolate pudding, mugs, a frypan, and a wine bottle between a wooden cabinet, coffee table, and microwave.",open the microwave,[HOLD],8,3
coffee_table/case282,1004,coffee_table/case282,3,open the microwave,0,"Organize a culinary scene by relocating items, including chocolate pudding, mugs, a frypan, and a wine bottle between a wooden cabinet, coffee table, and microwave.",open the microwave,[HOLD],9,3
coffee_table/case282,1005,coffee_table/case282,3,open the microwave,0,"Organize a culinary scene by relocating items, including chocolate pudding, mugs, a frypan, and a wine bottle between a wooden cabinet, coffee table, and microwave.",open the microwave,[HOLD],10,3
coffee_table/case282,1006,coffee_table/case282,3,open the microwave,0,"Organize a culinary scene by relocating items, including chocolate pudding, mugs, a frypan, and a wine bottle between a wooden cabinet, coffee table, and microwave.",open the microwave,[HOLD],11,3
coffee_table/case282,1007,coffee_table/case282,3,open the microwave,0,"Organize a culinary scene by relocating items, including chocolate pudding, mugs, a frypan, and a wine bottle between a wooden cabinet, coffee table, and microwave.",open the microwave,[HOLD],12,3
coffee_table/case282,1008,coffee_table/case282,3,open the microwave,0,"Organize a culinary scene by relocating items, including chocolate pudding, mugs, a frypan, and a wine bottle between a wooden cabinet, coffee table, and microwave.",open the microwave,[HOLD],13,3
coffee_table/case282,1009,coffee_table/case282,3,open the microwave,0,"Organize a culinary scene by relocating items, including chocolate pudding, mugs, a frypan, and a wine bottle between a wooden cabinet, coffee table, and microwave.",open the microwave,[HOLD],14,3
coffee_table/case282,1010,coffee_table/case282,3,open the microwave,0,"Organize a culinary scene by relocating items, including chocolate pudding, mugs, a frypan, and a wine bottle between a wooden cabinet, coffee table, and microwave.",open the microwave,[HOLD],15,3
coffee_table/case282,1011,coffee_table/case282,3,open the microwave,0,"Organize a culinary scene by relocating items, including chocolate pudding, mugs, a frypan, and a wine bottle between a wooden cabinet, coffee table, and microwave.",open the microwave,[HOLD],16,3
coffee_table/case282,1012,coffee_table/case282,3,open the microwave,0,"Organize a culinary scene by relocating items, including chocolate pudding, mugs, a frypan, and a wine bottle between a wooden cabinet, coffee table, and microwave.",open the microwave,[HOLD],17,3
coffee_table/case282,1013,coffee_table/case282,3,open the microwave,0,"Organize a culinary scene by relocating items, including chocolate pudding, mugs, a frypan, and a wine bottle between a wooden cabinet, coffee table, and microwave.",open the microwave,[HOLD],18,3
coffee_table/case282,1014,coffee_table/case282,3,open the microwave,0,"Organize a culinary scene by relocating items, including chocolate pudding, mugs, a frypan, and a wine bottle between a wooden cabinet, coffee table, and microwave.",open the microwave,[HOLD],19,3
coffee_table/case282,1015,coffee_table/case282,3,open the microwave,0,"Organize a culinary scene by relocating items, including chocolate pudding, mugs, a frypan, and a wine bottle between a wooden cabinet, coffee table, and microwave.",open the microwave,[HOLD],20,3
coffee_table/case282,1016,coffee_table/case282,3,open the microwave,0,"Organize a culinary scene by relocating items, including chocolate pudding, mugs, a frypan, and a wine bottle between a wooden cabinet, coffee table, and microwave.",open the microwave,[HOLD],21,3
coffee_table/case282,1017,coffee_table/case282,3,open the microwave,0,"Organize a culinary scene by relocating items, including chocolate pudding, mugs, a frypan, and a wine bottle between a wooden cabinet, coffee table, and microwave.",open the microwave,[HOLD],22,3
coffee_table/case282,1018,coffee_table/case282,3,open the microwave,0,"Organize a culinary scene by relocating items, including chocolate pudding, mugs, a frypan, and a wine bottle between a wooden cabinet, coffee table, and microwave.",open the microwave,[HOLD],23,3
coffee_table/case282,1019,coffee_table/case282,3,open the microwave,0,"Organize a culinary scene by relocating items, including chocolate pudding, mugs, a frypan, and a wine bottle between a wooden cabinet, coffee table, and microwave.",open the microwave,[HOLD],24,3
coffee_table/case282,1020,coffee_table/case282,3,open the microwave,0,"Organize a culinary scene by relocating items, including chocolate pudding, mugs, a frypan, and a wine bottle between a wooden cabinet, coffee table, and microwave.",open the microwave,[HOLD],25,3
coffee_table/case282,1021,coffee_table/case282,3,open the microwave,0,"Organize a culinary scene by relocating items, including chocolate pudding, mugs, a frypan, and a wine bottle between a wooden cabinet, coffee table, and microwave.",open the microwave,[HOLD],26,3
coffee_table/case282,1022,coffee_table/case282,3,open the microwave,0,"Organize a culinary scene by relocating items, including chocolate pudding, mugs, a frypan, and a wine bottle between a wooden cabinet, coffee table, and microwave.",open the microwave,[HOLD],27,3
coffee_table/case282,1023,coffee_table/case282,3,open the microwave,0,"Organize a culinary scene by relocating items, including chocolate pudding, mugs, a frypan, and a wine bottle between a wooden cabinet, coffee table, and microwave.",open the microwave,[HOLD],28,3
coffee_table/case282,1024,coffee_table/case282,3,open the microwave,0,"Organize a culinary scene by relocating items, including chocolate pudding, mugs, a frypan, and a wine bottle between a wooden cabinet, coffee table, and microwave.",open the microwave,[HOLD],29,3
coffee_table/case282,1025,coffee_table/case282,3,open the microwave,0,"Organize a culinary scene by relocating items, including chocolate pudding, mugs, a frypan, and a wine bottle between a wooden cabinet, coffee table, and microwave.",open the microwave,[HOLD],30,3
coffee_table/case282,1026,coffee_table/case282,3,open the microwave,0,"Organize a culinary scene by relocating items, including chocolate pudding, mugs, a frypan, and a wine bottle between a wooden cabinet, coffee table, and microwave.",open the microwave,[HOLD],31,3
coffee_table/case282,1027,coffee_table/case282,3,open the microwave,0,"Organize a culinary scene by relocating items, including chocolate pudding, mugs, a frypan, and a wine bottle between a wooden cabinet, coffee table, and microwave.",open the microwave,[HOLD],32,3
coffee_table/case282,1028,coffee_table/case282,3,open the microwave,0,"Organize a culinary scene by relocating items, including chocolate pudding, mugs, a frypan, and a wine bottle between a wooden cabinet, coffee table, and microwave.",open the microwave,[HOLD],33,3
coffee_table/case282,1029,coffee_table/case282,3,open the microwave,0,"Organize a culinary scene by relocating items, including chocolate pudding, mugs, a frypan, and a wine bottle between a wooden cabinet, coffee table, and microwave.",open the microwave,[HOLD],34,3
coffee_table/case282,1030,coffee_table/case282,3,open the microwave,0,"Organize a culinary scene by relocating items, including chocolate pudding, mugs, a frypan, and a wine bottle between a wooden cabinet, coffee table, and microwave.",open the microwave,[HOLD],35,3
coffee_table/case282,1031,coffee_table/case282,3,open the microwave,0,"Organize a culinary scene by relocating items, including chocolate pudding, mugs, a frypan, and a wine bottle between a wooden cabinet, coffee table, and microwave.",open the microwave,[HOLD],36,3
coffee_table/case282,1032,coffee_table/case282,3,open the microwave,0,"Organize a culinary scene by relocating items, including chocolate pudding, mugs, a frypan, and a wine bottle between a wooden cabinet, coffee table, and microwave.",open the microwave,[HOLD],37,3
coffee_table/case282,1033,coffee_table/case282,3,open the microwave,0,"Organize a culinary scene by relocating items, including chocolate pudding, mugs, a frypan, and a wine bottle between a wooden cabinet, coffee table, and microwave.",open the microwave,[HOLD],38,3
coffee_table/case282,1034,coffee_table/case282,3,open the microwave,0,"Organize a culinary scene by relocating items, including chocolate pudding, mugs, a frypan, and a wine bottle between a wooden cabinet, coffee table, and microwave.",open the microwave,[HOLD],39,3
coffee_table/case282,1035,coffee_table/case282,3,open the microwave,0,"Organize a culinary scene by relocating items, including chocolate pudding, mugs, a frypan, and a wine bottle between a wooden cabinet, coffee table, and microwave.",open the microwave,[HOLD],40,3
coffee_table/case282,1036,coffee_table/case282,3,open the microwave,0,"Organize a culinary scene by relocating items, including chocolate pudding, mugs, a frypan, and a wine bottle between a wooden cabinet, coffee table, and microwave.",open the microwave,[HOLD],41,3
coffee_table/case282,1037,coffee_table/case282,3,open the microwave,0,"Organize a culinary scene by relocating items, including chocolate pudding, mugs, a frypan, and a wine bottle between a wooden cabinet, coffee table, and microwave.",open the microwave,[HOLD],42,3
coffee_table/case282,1038,coffee_table/case282,3,open the microwave,0,"Organize a culinary scene by relocating items, including chocolate pudding, mugs, a frypan, and a wine bottle between a wooden cabinet, coffee table, and microwave.",open the microwave,[HOLD],43,3
coffee_table/case282,1039,coffee_table/case282,3,open the microwave,0,"Organize a culinary scene by relocating items, including chocolate pudding, mugs, a frypan, and a wine bottle between a wooden cabinet, coffee table, and microwave.",open the microwave,[HOLD],44,3
coffee_table/case282,1040,coffee_table/case282,3,open the microwave,0,"Organize a culinary scene by relocating items, including chocolate pudding, mugs, a frypan, and a wine bottle between a wooden cabinet, coffee table, and microwave.",open the microwave,[HOLD],45,3
coffee_table/case282,1041,coffee_table/case282,3,open the microwave,0,"Organize a culinary scene by relocating items, including chocolate pudding, mugs, a frypan, and a wine bottle between a wooden cabinet, coffee table, and microwave.",open the microwave,[HOLD],46,3
coffee_table/case282,1042,coffee_table/case282,3,open the microwave,0,"Organize a culinary scene by relocating items, including chocolate pudding, mugs, a frypan, and a wine bottle between a wooden cabinet, coffee table, and microwave.",open the microwave,[HOLD],47,3
coffee_table/case282,1043,coffee_table/case282,3,open the microwave,0,"Organize a culinary scene by relocating items, including chocolate pudding, mugs, a frypan, and a wine bottle between a wooden cabinet, coffee table, and microwave.",open the microwave,[HOLD],48,3
coffee_table/case282,1044,coffee_table/case282,3,open the microwave,0,"Organize a culinary scene by relocating items, including chocolate pudding, mugs, a frypan, and a wine bottle between a wooden cabinet, coffee table, and microwave.",open the microwave,[HOLD],49,3
coffee_table/case282,1045,coffee_table/case282,3,open the microwave,0,"Organize a culinary scene by relocating items, including chocolate pudding, mugs, a frypan, and a wine bottle between a wooden cabinet, coffee table, and microwave.",open the microwave,[HOLD],50,3
coffee_table/case282,1046,coffee_table/case282,3,open the microwave,0,"Organize a culinary scene by relocating items, including chocolate pudding, mugs, a frypan, and a wine bottle between a wooden cabinet, coffee table, and microwave.",open the microwave,[HOLD],51,3
coffee_table/case282,1047,coffee_table/case282,3,open the microwave,0,"Organize a culinary scene by relocating items, including chocolate pudding, mugs, a frypan, and a wine bottle between a wooden cabinet, coffee table, and microwave.",open the microwave,[HOLD],52,3
coffee_table/case282,1048,coffee_table/case282,3,open the microwave,0,"Organize a culinary scene by relocating items, including chocolate pudding, mugs, a frypan, and a wine bottle between a wooden cabinet, coffee table, and microwave.",open the microwave,[HOLD],53,3
coffee_table/case282,1049,coffee_table/case282,3,open the microwave,0,"Organize a culinary scene by relocating items, including chocolate pudding, mugs, a frypan, and a wine bottle between a wooden cabinet, coffee table, and microwave.",open the microwave,[HOLD],54,3
coffee_table/case282,1050,coffee_table/case282,3,open the microwave,0,"Organize a culinary scene by relocating items, including chocolate pudding, mugs, a frypan, and a wine bottle between a wooden cabinet, coffee table, and microwave.",open the microwave,[HOLD],55,3
coffee_table/case282,1051,coffee_table/case282,3,open the microwave,0,"Organize a culinary scene by relocating items, including chocolate pudding, mugs, a frypan, and a wine bottle between a wooden cabinet, coffee table, and microwave.",open the microwave,[HOLD],56,3
coffee_table/case282,1052,coffee_table/case282,3,open the microwave,0,"Organize a culinary scene by relocating items, including chocolate pudding, mugs, a frypan, and a wine bottle between a wooden cabinet, coffee table, and microwave.",open the microwave,[HOLD],57,3
coffee_table/case282,1053,coffee_table/case282,3,open the microwave,0,"Organize a culinary scene by relocating items, including chocolate pudding, mugs, a frypan, and a wine bottle between a wooden cabinet, coffee table, and microwave.",open the microwave,[HOLD],58,3
coffee_table/case282,1054,coffee_table/case282,3,open the microwave,0,"Organize a culinary scene by relocating items, including chocolate pudding, mugs, a frypan, and a wine bottle between a wooden cabinet, coffee table, and microwave.",open the microwave,[HOLD],59,3
coffee_table/case282,1055,coffee_table/case282,3,open the microwave,0,"Organize a culinary scene by relocating items, including chocolate pudding, mugs, a frypan, and a wine bottle between a wooden cabinet, coffee table, and microwave.",open the microwave,[HOLD],60,3
coffee_table/case282,1056,coffee_table/case282,3,open the microwave,0,"Organize a culinary scene by relocating items, including chocolate pudding, mugs, a frypan, and a wine bottle between a wooden cabinet, coffee table, and microwave.",open the microwave,[HOLD],61,3
coffee_table/case282,1057,coffee_table/case282,3,open the microwave,0,"Organize a culinary scene by relocating items, including chocolate pudding, mugs, a frypan, and a wine bottle between a wooden cabinet, coffee table, and microwave.",open the microwave,[HOLD],62,3
coffee_table/case282,1058,coffee_table/case282,3,open the microwave,0,"Organize a culinary scene by relocating items, including chocolate pudding, mugs, a frypan, and a wine bottle between a wooden cabinet, coffee table, and microwave.",open the microwave,[HOLD],63,3
coffee_table/case282,1059,coffee_table/case282,3,open the microwave,0,"Organize a culinary scene by relocating items, including chocolate pudding, mugs, a frypan, and a wine bottle between a wooden cabinet, coffee table, and microwave.",open the microwave,[HOLD],64,3
coffee_table/case282,1060,coffee_table/case282,3,open the microwave,0,"Organize a culinary scene by relocating items, including chocolate pudding, mugs, a frypan, and a wine bottle between a wooden cabinet, coffee table, and microwave.",open the microwave,[HOLD],65,3
coffee_table/case282,1061,coffee_table/case282,3,open the microwave,0,"Organize a culinary scene by relocating items, including chocolate pudding, mugs, a frypan, and a wine bottle between a wooden cabinet, coffee table, and microwave.",open the microwave,[HOLD],66,3
coffee_table/case282,1062,coffee_table/case282,3,open the microwave,0,"Organize a culinary scene by relocating items, including chocolate pudding, mugs, a frypan, and a wine bottle between a wooden cabinet, coffee table, and microwave.",open the microwave,[HOLD],67,3
coffee_table/case282,1063,coffee_table/case282,3,open the microwave,0,"Organize a culinary scene by relocating items, including chocolate pudding, mugs, a frypan, and a wine bottle between a wooden cabinet, coffee table, and microwave.",open the microwave,[HOLD],68,3
coffee_table/case282,1064,coffee_table/case282,3,open the microwave,0,"Organize a culinary scene by relocating items, including chocolate pudding, mugs, a frypan, and a wine bottle between a wooden cabinet, coffee table, and microwave.",open the microwave,[HOLD],69,3
coffee_table/case282,1065,coffee_table/case282,3,open the microwave,0,"Organize a culinary scene by relocating items, including chocolate pudding, mugs, a frypan, and a wine bottle between a wooden cabinet, coffee table, and microwave.",open the microwave,[HOLD],70,3
coffee_table/case282,1066,coffee_table/case282,3,open the microwave,0,"Organize a culinary scene by relocating items, including chocolate pudding, mugs, a frypan, and a wine bottle between a wooden cabinet, coffee table, and microwave.",open the microwave,[HOLD],71,3
coffee_table/case282,1067,coffee_table/case282,3,open the microwave,0,"Organize a culinary scene by relocating items, including chocolate pudding, mugs, a frypan, and a wine bottle between a wooden cabinet, coffee table, and microwave.",open the microwave,[HOLD],72,3
coffee_table/case282,1068,coffee_table/case282,3,open the microwave,0,"Organize a culinary scene by relocating items, including chocolate pudding, mugs, a frypan, and a wine bottle between a wooden cabinet, coffee table, and microwave.",open the microwave,[HOLD],73,3
coffee_table/case282,1069,coffee_table/case282,3,open the microwave,0,"Organize a culinary scene by relocating items, including chocolate pudding, mugs, a frypan, and a wine bottle between a wooden cabinet, coffee table, and microwave.",open the microwave,[HOLD],74,3
coffee_table/case282,1070,coffee_table/case282,3,open the microwave,0,"Organize a culinary scene by relocating items, including chocolate pudding, mugs, a frypan, and a wine bottle between a wooden cabinet, coffee table, and microwave.",open the microwave,[HOLD],75,3
coffee_table/case282,1071,coffee_table/case282,3,open the microwave,0,"Organize a culinary scene by relocating items, including chocolate pudding, mugs, a frypan, and a wine bottle between a wooden cabinet, coffee table, and microwave.",open the microwave,[HOLD],76,3
coffee_table/case282,1072,coffee_table/case282,3,open the microwave,0,"Organize a culinary scene by relocating items, including chocolate pudding, mugs, a frypan, and a wine bottle between a wooden cabinet, coffee table, and microwave.",open the microwave,[HOLD],77,3
coffee_table/case282,1073,coffee_table/case282,3,open the microwave,0,"Organize a culinary scene by relocating items, including chocolate pudding, mugs, a frypan, and a wine bottle between a wooden cabinet, coffee table, and microwave.",open the microwave,[HOLD],78,3
coffee_table/case282,1074,coffee_table/case282,3,open the microwave,0,"Organize a culinary scene by relocating items, including chocolate pudding, mugs, a frypan, and a wine bottle between a wooden cabinet, coffee table, and microwave.",open the microwave,[HOLD],79,3
coffee_table/case282,1075,coffee_table/case282,3,open the microwave,0,"Organize a culinary scene by relocating items, including chocolate pudding, mugs, a frypan, and a wine bottle between a wooden cabinet, coffee table, and microwave.",open the microwave,[HOLD],80,3
coffee_table/case282,1076,coffee_table/case282,3,open the microwave,0,"Organize a culinary scene by relocating items, including chocolate pudding, mugs, a frypan, and a wine bottle between a wooden cabinet, coffee table, and microwave.",open the microwave,[HOLD],81,3
coffee_table/case282,1077,coffee_table/case282,3,open the microwave,0,"Organize a culinary scene by relocating items, including chocolate pudding, mugs, a frypan, and a wine bottle between a wooden cabinet, coffee table, and microwave.",open the microwave,[HOLD],82,3
coffee_table/case282,1078,coffee_table/case282,3,open the microwave,0,"Organize a culinary scene by relocating items, including chocolate pudding, mugs, a frypan, and a wine bottle between a wooden cabinet, coffee table, and microwave.",open the microwave,[HOLD],83,3
coffee_table/case282,1079,coffee_table/case282,3,open the microwave,0,"Organize a culinary scene by relocating items, including chocolate pudding, mugs, a frypan, and a wine bottle between a wooden cabinet, coffee table, and microwave.",open the microwave,[HOLD],84,3
coffee_table/case282,1080,coffee_table/case282,3,open the microwave,0,"Organize a culinary scene by relocating items, including chocolate pudding, mugs, a frypan, and a wine bottle between a wooden cabinet, coffee table, and microwave.",open the microwave,[HOLD],85,3
coffee_table/case282,1081,coffee_table/case282,3,open the microwave,0,"Organize a culinary scene by relocating items, including chocolate pudding, mugs, a frypan, and a wine bottle between a wooden cabinet, coffee table, and microwave.",open the microwave,[HOLD],86,3
coffee_table/case282,1082,coffee_table/case282,3,open the microwave,0,"Organize a culinary scene by relocating items, including chocolate pudding, mugs, a frypan, and a wine bottle between a wooden cabinet, coffee table, and microwave.",open the microwave,[HOLD],87,3
coffee_table/case282,1083,coffee_table/case282,3,open the microwave,0,"Organize a culinary scene by relocating items, including chocolate pudding, mugs, a frypan, and a wine bottle between a wooden cabinet, coffee table, and microwave.",open the microwave,[HOLD],88,3
coffee_table/case282,1084,coffee_table/case282,3,open the microwave,0,"Organize a culinary scene by relocating items, including chocolate pudding, mugs, a frypan, and a wine bottle between a wooden cabinet, coffee table, and microwave.",open the microwave,[HOLD],89,3
coffee_table/case282,1085,coffee_table/case282,3,open the microwave,0,"Organize a culinary scene by relocating items, including chocolate pudding, mugs, a frypan, and a wine bottle between a wooden cabinet, coffee table, and microwave.",open the microwave,[HOLD],90,3
coffee_table/case282,1086,coffee_table/case282,3,open the microwave,0,"Organize a culinary scene by relocating items, including chocolate pudding, mugs, a frypan, and a wine bottle between a wooden cabinet, coffee table, and microwave.",open the microwave,[HOLD],91,3
coffee_table/case282,1087,coffee_table/case282,3,open the microwave,0,"Organize a culinary scene by relocating items, including chocolate pudding, mugs, a frypan, and a wine bottle between a wooden cabinet, coffee table, and microwave.",open the microwave,[HOLD],92,3
coffee_table/case282,1088,coffee_table/case282,3,open the microwave,0,"Organize a culinary scene by relocating items, including chocolate pudding, mugs, a frypan, and a wine bottle between a wooden cabinet, coffee table, and microwave.",open the microwave,[HOLD],93,3
coffee_table/case282,1089,coffee_table/case282,3,open the microwave,0,"Organize a culinary scene by relocating items, including chocolate pudding, mugs, a frypan, and a wine bottle between a wooden cabinet, coffee table, and microwave.",open the microwave,[HOLD],94,3
coffee_table/case282,1090,coffee_table/case282,3,open the microwave,0,"Organize a culinary scene by relocating items, including chocolate pudding, mugs, a frypan, and a wine bottle between a wooden cabinet, coffee table, and microwave.",open the microwave,[HOLD],95,3
coffee_table/case282,1091,coffee_table/case282,3,open the microwave,0,"Organize a culinary scene by relocating items, including chocolate pudding, mugs, a frypan, and a wine bottle between a wooden cabinet, coffee table, and microwave.",open the microwave,[HOLD],96,3
coffee_table/case282,1092,coffee_table/case282,3,open the microwave,0,"Organize a culinary scene by relocating items, including chocolate pudding, mugs, a frypan, and a wine bottle between a wooden cabinet, coffee table, and microwave.",open the microwave,[HOLD],97,3
coffee_table/case282,1093,coffee_table/case282,3,open the microwave,0,"Organize a culinary scene by relocating items, including chocolate pudding, mugs, a frypan, and a wine bottle between a wooden cabinet, coffee table, and microwave.",open the microwave,[HOLD],98,3
coffee_table/case282,1094,coffee_table/case282,3,open the microwave,0,"Organize a culinary scene by relocating items, including chocolate pudding, mugs, a frypan, and a wine bottle between a wooden cabinet, coffee table, and microwave.",open the microwave,[HOLD],99,3
coffee_table/case282,1095,coffee_table/case282,3,open the microwave,0,"Organize a culinary scene by relocating items, including chocolate pudding, mugs, a frypan, and a wine bottle between a wooden cabinet, coffee table, and microwave.",open the microwave,[HOLD],100,3
coffee_table/case282,1096,coffee_table/case282,3,open the microwave,0,"Organize a culinary scene by relocating items, including chocolate pudding, mugs, a frypan, and a wine bottle between a wooden cabinet, coffee table, and microwave.",open the microwave,[HOLD],101,3
coffee_table/case282,1097,coffee_table/case282,3,open the microwave,0,"Organize a culinary scene by relocating items, including chocolate pudding, mugs, a frypan, and a wine bottle between a wooden cabinet, coffee table, and microwave.",open the microwave,[HOLD],102,3
coffee_table/case282,1098,coffee_table/case282,3,open the microwave,0,"Organize a culinary scene by relocating items, including chocolate pudding, mugs, a frypan, and a wine bottle between a wooden cabinet, coffee table, and microwave.",open the microwave,[HOLD],103,3
coffee_table/case282,1099,coffee_table/case282,3,open the microwave,0,"Organize a culinary scene by relocating items, including chocolate pudding, mugs, a frypan, and a wine bottle between a wooden cabinet, coffee table, and microwave.",open the microwave,[HOLD],104,3
coffee_table/case282,1100,coffee_table/case282,3,open the microwave,0,"Organize a culinary scene by relocating items, including chocolate pudding, mugs, a frypan, and a wine bottle between a wooden cabinet, coffee table, and microwave.",open the microwave,[HOLD],105,3
coffee_table/case282,1101,coffee_table/case282,3,open the microwave,0,"Organize a culinary scene by relocating items, including chocolate pudding, mugs, a frypan, and a wine bottle between a wooden cabinet, coffee table, and microwave.",open the microwave,[HOLD],106,3
coffee_table/case282,1102,coffee_table/case282,3,open the microwave,0,"Organize a culinary scene by relocating items, including chocolate pudding, mugs, a frypan, and a wine bottle between a wooden cabinet, coffee table, and microwave.",open the microwave,[HOLD],107,3
coffee_table/case282,1103,coffee_table/case282,3,open the microwave,0,"Organize a culinary scene by relocating items, including chocolate pudding, mugs, a frypan, and a wine bottle between a wooden cabinet, coffee table, and microwave.",open the microwave,[HOLD],108,3
coffee_table/case282,1104,coffee_table/case282,3,open the microwave,0,"Organize a culinary scene by relocating items, including chocolate pudding, mugs, a frypan, and a wine bottle between a wooden cabinet, coffee table, and microwave.",open the microwave,[HOLD],109,3
coffee_table/case282,1105,coffee_table/case282,3,open the microwave,0,"Organize a culinary scene by relocating items, including chocolate pudding, mugs, a frypan, and a wine bottle between a wooden cabinet, coffee table, and microwave.",open the microwave,[HOLD],110,3
coffee_table/case282,1106,coffee_table/case282,3,open the microwave,0,"Organize a culinary scene by relocating items, including chocolate pudding, mugs, a frypan, and a wine bottle between a wooden cabinet, coffee table, and microwave.",open the microwave,[HOLD],111,3
coffee_table/case282,1107,coffee_table/case282,3,open the microwave,0,"Organize a culinary scene by relocating items, including chocolate pudding, mugs, a frypan, and a wine bottle between a wooden cabinet, coffee table, and microwave.",open the microwave,[HOLD],112,3
coffee_table/case282,1108,coffee_table/case282,3,open the microwave,0,"Organize a culinary scene by relocating items, including chocolate pudding, mugs, a frypan, and a wine bottle between a wooden cabinet, coffee table, and microwave.",open the microwave,[HOLD],113,3
coffee_table/case282,1109,coffee_table/case282,3,open the microwave,0,"Organize a culinary scene by relocating items, including chocolate pudding, mugs, a frypan, and a wine bottle between a wooden cabinet, coffee table, and microwave.",open the microwave,[HOLD],114,3
coffee_table/case282,1110,coffee_table/case282,3,open the microwave,0,"Organize a culinary scene by relocating items, including chocolate pudding, mugs, a frypan, and a wine bottle between a wooden cabinet, coffee table, and microwave.",open the microwave,[HOLD],115,3
coffee_table/case282,1111,coffee_table/case282,3,open the microwave,0,"Organize a culinary scene by relocating items, including chocolate pudding, mugs, a frypan, and a wine bottle between a wooden cabinet, coffee table, and microwave.",open the microwave,[HOLD],116,3
coffee_table/case282,1112,coffee_table/case282,3,open the microwave,0,"Organize a culinary scene by relocating items, including chocolate pudding, mugs, a frypan, and a wine bottle between a wooden cabinet, coffee table, and microwave.",open the microwave,[HOLD],117,3
coffee_table/case282,1113,coffee_table/case282,3,open the microwave,0,"Organize a culinary scene by relocating items, including chocolate pudding, mugs, a frypan, and a wine bottle between a wooden cabinet, coffee table, and microwave.",open the microwave,[HOLD],118,3
coffee_table/case282,1114,coffee_table/case282,3,open the microwave,0,"Organize a culinary scene by relocating items, including chocolate pudding, mugs, a frypan, and a wine bottle between a wooden cabinet, coffee table, and microwave.",open the microwave,[HOLD],119,3
coffee_table/case282,1115,coffee_table/case282,3,open the microwave,0,"Organize a culinary scene by relocating items, including chocolate pudding, mugs, a frypan, and a wine bottle between a wooden cabinet, coffee table, and microwave.",open the microwave,[HOLD],120,3
coffee_table/case282,1116,coffee_table/case282,3,open the microwave,0,"Organize a culinary scene by relocating items, including chocolate pudding, mugs, a frypan, and a wine bottle between a wooden cabinet, coffee table, and microwave.",open the microwave,[HOLD],121,3
coffee_table/case282,1117,coffee_table/case282,3,open the microwave,0,"Organize a culinary scene by relocating items, including chocolate pudding, mugs, a frypan, and a wine bottle between a wooden cabinet, coffee table, and microwave.",open the microwave,[HOLD],122,3
coffee_table/case282,1118,coffee_table/case282,3,open the microwave,0,"Organize a culinary scene by relocating items, including chocolate pudding, mugs, a frypan, and a wine bottle between a wooden cabinet, coffee table, and microwave.",open the microwave,[HOLD],123,3
coffee_table/case282,1119,coffee_table/case282,3,open the microwave,0,"Organize a culinary scene by relocating items, including chocolate pudding, mugs, a frypan, and a wine bottle between a wooden cabinet, coffee table, and microwave.",open the microwave,[HOLD],124,3
coffee_table/case282,1120,coffee_table/case282,3,open the microwave,0,"Organize a culinary scene by relocating items, including chocolate pudding, mugs, a frypan, and a wine bottle between a wooden cabinet, coffee table, and microwave.",open the microwave,[HOLD],125,3
coffee_table/case282,1121,coffee_table/case282,3,open the microwave,0,"Organize a culinary scene by relocating items, including chocolate pudding, mugs, a frypan, and a wine bottle between a wooden cabinet, coffee table, and microwave.",open the microwave,[HOLD],126,3
coffee_table/case282,1122,coffee_table/case282,3,open the microwave,0,"Organize a culinary scene by relocating items, including chocolate pudding, mugs, a frypan, and a wine bottle between a wooden cabinet, coffee table, and microwave.",open the microwave,[HOLD],127,3
coffee_table/case282,1123,coffee_table/case282,3,open the microwave,0,"Organize a culinary scene by relocating items, including chocolate pudding, mugs, a frypan, and a wine bottle between a wooden cabinet, coffee table, and microwave.",open the microwave,[HOLD],128,3
coffee_table/case282,1124,coffee_table/case282,3,open the microwave,0,"Organize a culinary scene by relocating items, including chocolate pudding, mugs, a frypan, and a wine bottle between a wooden cabinet, coffee table, and microwave.",open the microwave,[HOLD],129,3
coffee_table/case282,1125,coffee_table/case282,3,open the microwave,0,"Organize a culinary scene by relocating items, including chocolate pudding, mugs, a frypan, and a wine bottle between a wooden cabinet, coffee table, and microwave.",open the microwave,[HOLD],130,3
coffee_table/case282,1126,coffee_table/case282,3,open the microwave,0,"Organize a culinary scene by relocating items, including chocolate pudding, mugs, a frypan, and a wine bottle between a wooden cabinet, coffee table, and microwave.",open the microwave,[HOLD],131,3
coffee_table/case282,1127,coffee_table/case282,3,open the microwave,0,"Organize a culinary scene by relocating items, including chocolate pudding, mugs, a frypan, and a wine bottle between a wooden cabinet, coffee table, and microwave.",open the microwave,[HOLD],132,3
coffee_table/case282,1128,coffee_table/case282,3,open the microwave,0,"Organize a culinary scene by relocating items, including chocolate pudding, mugs, a frypan, and a wine bottle between a wooden cabinet, coffee table, and microwave.",open the microwave,[HOLD],133,3
coffee_table/case282,1129,coffee_table/case282,3,open the microwave,0,"Organize a culinary scene by relocating items, including chocolate pudding, mugs, a frypan, and a wine bottle between a wooden cabinet, coffee table, and microwave.",open the microwave,[HOLD],134,3
coffee_table/case282,1130,coffee_table/case282,3,open the microwave,0,"Organize a culinary scene by relocating items, including chocolate pudding, mugs, a frypan, and a wine bottle between a wooden cabinet, coffee table, and microwave.",open the microwave,[HOLD],135,3
coffee_table/case282,1131,coffee_table/case282,3,open the microwave,0,"Organize a culinary scene by relocating items, including chocolate pudding, mugs, a frypan, and a wine bottle between a wooden cabinet, coffee table, and microwave.",open the microwave,[HOLD],136,3
coffee_table/case282,1132,coffee_table/case282,3,open the microwave,0,"Organize a culinary scene by relocating items, including chocolate pudding, mugs, a frypan, and a wine bottle between a wooden cabinet, coffee table, and microwave.",open the microwave,[HOLD],137,3
coffee_table/case282,1133,coffee_table/case282,3,open the microwave,0,"Organize a culinary scene by relocating items, including chocolate pudding, mugs, a frypan, and a wine bottle between a wooden cabinet, coffee table, and microwave.",open the microwave,[HOLD],138,3
coffee_table/case282,1134,coffee_table/case282,3,open the microwave,0,"Organize a culinary scene by relocating items, including chocolate pudding, mugs, a frypan, and a wine bottle between a wooden cabinet, coffee table, and microwave.",open the microwave,[HOLD],139,3
coffee_table/case282,1135,coffee_table/case282,3,open the microwave,0,"Organize a culinary scene by relocating items, including chocolate pudding, mugs, a frypan, and a wine bottle between a wooden cabinet, coffee table, and microwave.",open the microwave,[HOLD],140,3
coffee_table/case282,1136,coffee_table/case282,3,open the microwave,0,"Organize a culinary scene by relocating items, including chocolate pudding, mugs, a frypan, and a wine bottle between a wooden cabinet, coffee table, and microwave.",open the microwave,[HOLD],141,3
coffee_table/case282,1137,coffee_table/case282,3,open the microwave,0,"Organize a culinary scene by relocating items, including chocolate pudding, mugs, a frypan, and a wine bottle between a wooden cabinet, coffee table, and microwave.",open the microwave,[HOLD],142,3
coffee_table/case282,1138,coffee_table/case282,3,open the microwave,0,"Organize a culinary scene by relocating items, including chocolate pudding, mugs, a frypan, and a wine bottle between a wooden cabinet, coffee table, and microwave.",open the microwave,[HOLD],143,3
coffee_table/case282,1139,coffee_table/case282,3,open the microwave,0,"Organize a culinary scene by relocating items, including chocolate pudding, mugs, a frypan, and a wine bottle between a wooden cabinet, coffee table, and microwave.",open the microwave,[HOLD],144,3
coffee_table/case282,1140,coffee_table/case282,3,open the microwave,0,"Organize a culinary scene by relocating items, including chocolate pudding, mugs, a frypan, and a wine bottle between a wooden cabinet, coffee table, and microwave.",open the microwave,[HOLD],145,3
coffee_table/case282,1141,coffee_table/case282,3,open the microwave,0,"Organize a culinary scene by relocating items, including chocolate pudding, mugs, a frypan, and a wine bottle between a wooden cabinet, coffee table, and microwave.",open the microwave,[HOLD],146,3
coffee_table/case282,1142,coffee_table/case282,3,open the microwave,0,"Organize a culinary scene by relocating items, including chocolate pudding, mugs, a frypan, and a wine bottle between a wooden cabinet, coffee table, and microwave.",open the microwave,[HOLD],147,3
coffee_table/case282,1143,coffee_table/case282,3,open the microwave,0,"Organize a culinary scene by relocating items, including chocolate pudding, mugs, a frypan, and a wine bottle between a wooden cabinet, coffee table, and microwave.",open the microwave,[HOLD],148,3
coffee_table/case282,1144,coffee_table/case282,3,open the microwave,0,"Organize a culinary scene by relocating items, including chocolate pudding, mugs, a frypan, and a wine bottle between a wooden cabinet, coffee table, and microwave.",open the microwave,[HOLD],149,3
coffee_table/case282,1145,coffee_table/case282,3,open the microwave,0,"Organize a culinary scene by relocating items, including chocolate pudding, mugs, a frypan, and a wine bottle between a wooden cabinet, coffee table, and microwave.",open the microwave,[HOLD],150,3
coffee_table/case282,1146,coffee_table/case282,3,open the microwave,0,"Organize a culinary scene by relocating items, including chocolate pudding, mugs, a frypan, and a wine bottle between a wooden cabinet, coffee table, and microwave.",open the microwave,[HOLD],151,3
coffee_table/case282,1147,coffee_table/case282,3,open the microwave,0,"Organize a culinary scene by relocating items, including chocolate pudding, mugs, a frypan, and a wine bottle between a wooden cabinet, coffee table, and microwave.",open the microwave,[HOLD],152,3
coffee_table/case282,1148,coffee_table/case282,3,open the microwave,0,"Organize a culinary scene by relocating items, including chocolate pudding, mugs, a frypan, and a wine bottle between a wooden cabinet, coffee table, and microwave.",open the microwave,[HOLD],153,3
coffee_table/case282,1149,coffee_table/case282,3,open the microwave,0,"Organize a culinary scene by relocating items, including chocolate pudding, mugs, a frypan, and a wine bottle between a wooden cabinet, coffee table, and microwave.",open the microwave,[HOLD],154,3
coffee_table/case282,1150,coffee_table/case282,3,open the microwave,0,"Organize a culinary scene by relocating items, including chocolate pudding, mugs, a frypan, and a wine bottle between a wooden cabinet, coffee table, and microwave.",open the microwave,[HOLD],155,3
coffee_table/case282,1151,coffee_table/case282,3,open the microwave,0,"Organize a culinary scene by relocating items, including chocolate pudding, mugs, a frypan, and a wine bottle between a wooden cabinet, coffee table, and microwave.",open the microwave,[HOLD],156,3
coffee_table/case282,1152,coffee_table/case282,3,open the microwave,0,"Organize a culinary scene by relocating items, including chocolate pudding, mugs, a frypan, and a wine bottle between a wooden cabinet, coffee table, and microwave.",open the microwave,[HOLD],157,3
coffee_table/case282,1153,coffee_table/case282,3,open the microwave,0,"Organize a culinary scene by relocating items, including chocolate pudding, mugs, a frypan, and a wine bottle between a wooden cabinet, coffee table, and microwave.",open the microwave,[HOLD],158,3
coffee_table/case282,1154,coffee_table/case282,3,open the microwave,0,"Organize a culinary scene by relocating items, including chocolate pudding, mugs, a frypan, and a wine bottle between a wooden cabinet, coffee table, and microwave.",open the microwave,[HOLD],159,3
coffee_table/case282,1155,coffee_table/case282,3,open the microwave,0,"Organize a culinary scene by relocating items, including chocolate pudding, mugs, a frypan, and a wine bottle between a wooden cabinet, coffee table, and microwave.",open the microwave,[HOLD],160,3
coffee_table/case282,1156,coffee_table/case282,3,open the microwave,0,"Organize a culinary scene by relocating items, including chocolate pudding, mugs, a frypan, and a wine bottle between a wooden cabinet, coffee table, and microwave.",open the microwave,[HOLD],161,3
coffee_table/case282,1157,coffee_table/case282,3,open the microwave,0,"Organize a culinary scene by relocating items, including chocolate pudding, mugs, a frypan, and a wine bottle between a wooden cabinet, coffee table, and microwave.",open the microwave,[HOLD],162,3
coffee_table/case282,1158,coffee_table/case282,3,open the microwave,0,"Organize a culinary scene by relocating items, including chocolate pudding, mugs, a frypan, and a wine bottle between a wooden cabinet, coffee table, and microwave.",open the microwave,[HOLD],163,3
coffee_table/case282,1159,coffee_table/case282,3,open the microwave,0,"Organize a culinary scene by relocating items, including chocolate pudding, mugs, a frypan, and a wine bottle between a wooden cabinet, coffee table, and microwave.",open the microwave,[HOLD],164,3
coffee_table/case282,1160,coffee_table/case282,3,open the microwave,0,"Organize a culinary scene by relocating items, including chocolate pudding, mugs, a frypan, and a wine bottle between a wooden cabinet, coffee table, and microwave.",open the microwave,[HOLD],165,3
coffee_table/case282,1161,coffee_table/case282,3,open the microwave,0,"Organize a culinary scene by relocating items, including chocolate pudding, mugs, a frypan, and a wine bottle between a wooden cabinet, coffee table, and microwave.",open the microwave,[HOLD],166,3
coffee_table/case282,1162,coffee_table/case282,3,open the microwave,0,"Organize a culinary scene by relocating items, including chocolate pudding, mugs, a frypan, and a wine bottle between a wooden cabinet, coffee table, and microwave.",open the microwave,[HOLD],167,3
coffee_table/case282,1163,coffee_table/case282,3,open the microwave,0,"Organize a culinary scene by relocating items, including chocolate pudding, mugs, a frypan, and a wine bottle between a wooden cabinet, coffee table, and microwave.",open the microwave,[HOLD],168,3
coffee_table/case282,1164,coffee_table/case282,3,open the microwave,0,"Organize a culinary scene by relocating items, including chocolate pudding, mugs, a frypan, and a wine bottle between a wooden cabinet, coffee table, and microwave.",open the microwave,[HOLD],169,3
coffee_table/case282,1165,coffee_table/case282,3,open the microwave,0,"Organize a culinary scene by relocating items, including chocolate pudding, mugs, a frypan, and a wine bottle between a wooden cabinet, coffee table, and microwave.",open the microwave,[HOLD],170,3
coffee_table/case282,1166,coffee_table/case282,3,open the microwave,0,"Organize a culinary scene by relocating items, including chocolate pudding, mugs, a frypan, and a wine bottle between a wooden cabinet, coffee table, and microwave.",open the microwave,[HOLD],171,3
coffee_table/case282,1167,coffee_table/case282,3,open the microwave,0,"Organize a culinary scene by relocating items, including chocolate pudding, mugs, a frypan, and a wine bottle between a wooden cabinet, coffee table, and microwave.",open the microwave,[HOLD],172,3
coffee_table/case282,1168,coffee_table/case282,3,open the microwave,0,"Organize a culinary scene by relocating items, including chocolate pudding, mugs, a frypan, and a wine bottle between a wooden cabinet, coffee table, and microwave.",open the microwave,[HOLD],173,3
coffee_table/case282,1169,coffee_table/case282,3,open the microwave,0,"Organize a culinary scene by relocating items, including chocolate pudding, mugs, a frypan, and a wine bottle between a wooden cabinet, coffee table, and microwave.",open the microwave,[HOLD],174,3
coffee_table/case282,1170,coffee_table/case282,3,open the microwave,0,"Organize a culinary scene by relocating items, including chocolate pudding, mugs, a frypan, and a wine bottle between a wooden cabinet, coffee table, and microwave.",open the microwave,[HOLD],175,3
coffee_table/case282,1171,coffee_table/case282,3,open the microwave,0,"Organize a culinary scene by relocating items, including chocolate pudding, mugs, a frypan, and a wine bottle between a wooden cabinet, coffee table, and microwave.",open the microwave,[HOLD],176,3
coffee_table/case282,1172,coffee_table/case282,3,open the microwave,0,"Organize a culinary scene by relocating items, including chocolate pudding, mugs, a frypan, and a wine bottle between a wooden cabinet, coffee table, and microwave.",open the microwave,[HOLD],177,3
coffee_table/case282,1173,coffee_table/case282,3,open the microwave,0,"Organize a culinary scene by relocating items, including chocolate pudding, mugs, a frypan, and a wine bottle between a wooden cabinet, coffee table, and microwave.",open the microwave,[HOLD],178,3
coffee_table/case282,1174,coffee_table/case282,3,open the microwave,0,"Organize a culinary scene by relocating items, including chocolate pudding, mugs, a frypan, and a wine bottle between a wooden cabinet, coffee table, and microwave.",open the microwave,[HOLD],179,3
coffee_table/case282,1175,coffee_table/case282,3,open the microwave,0,"Organize a culinary scene by relocating items, including chocolate pudding, mugs, a frypan, and a wine bottle between a wooden cabinet, coffee table, and microwave.",open the microwave,[HOLD],180,3
coffee_table/case282,1176,coffee_table/case282,3,open the microwave,0,"Organize a culinary scene by relocating items, including chocolate pudding, mugs, a frypan, and a wine bottle between a wooden cabinet, coffee table, and microwave.",open the microwave,[HOLD],181,3
coffee_table/case282,1177,coffee_table/case282,3,open the microwave,0,"Organize a culinary scene by relocating items, including chocolate pudding, mugs, a frypan, and a wine bottle between a wooden cabinet, coffee table, and microwave.",open the microwave,[HOLD],182,3
coffee_table/case282,1178,coffee_table/case282,3,open the microwave,0,"Organize a culinary scene by relocating items, including chocolate pudding, mugs, a frypan, and a wine bottle between a wooden cabinet, coffee table, and microwave.",open the microwave,[HOLD],183,3
coffee_table/case282,1179,coffee_table/case282,3,open the microwave,0,"Organize a culinary scene by relocating items, including chocolate pudding, mugs, a frypan, and a wine bottle between a wooden cabinet, coffee table, and microwave.",open the microwave,[HOLD],184,3
coffee_table/case282,1180,coffee_table/case282,3,open the microwave,0,"Organize a culinary scene by relocating items, including chocolate pudding, mugs, a frypan, and a wine bottle between a wooden cabinet, coffee table, and microwave.",open the microwave,[HOLD],185,3
coffee_table/case282,1181,coffee_table/case282,3,open the microwave,0,"Organize a culinary scene by relocating items, including chocolate pudding, mugs, a frypan, and a wine bottle between a wooden cabinet, coffee table, and microwave.",open the microwave,[HOLD],186,3
coffee_table/case282,1182,coffee_table/case282,3,open the microwave,0,"Organize a culinary scene by relocating items, including chocolate pudding, mugs, a frypan, and a wine bottle between a wooden cabinet, coffee table, and microwave.",open the microwave,[HOLD],187,3
coffee_table/case282,1183,coffee_table/case282,3,open the microwave,0,"Organize a culinary scene by relocating items, including chocolate pudding, mugs, a frypan, and a wine bottle between a wooden cabinet, coffee table, and microwave.",open the microwave,[HOLD],188,3
coffee_table/case282,1184,coffee_table/case282,3,open the microwave,0,"Organize a culinary scene by relocating items, including chocolate pudding, mugs, a frypan, and a wine bottle between a wooden cabinet, coffee table, and microwave.",open the microwave,[HOLD],189,3
coffee_table/case282,1185,coffee_table/case282,3,open the microwave,0,"Organize a culinary scene by relocating items, including chocolate pudding, mugs, a frypan, and a wine bottle between a wooden cabinet, coffee table, and microwave.",open the microwave,[HOLD],190,3
coffee_table/case282,1186,coffee_table/case282,3,open the microwave,0,"Organize a culinary scene by relocating items, including chocolate pudding, mugs, a frypan, and a wine bottle between a wooden cabinet, coffee table, and microwave.",open the microwave,[HOLD],191,3
coffee_table/case282,1187,coffee_table/case282,3,open the microwave,0,"Organize a culinary scene by relocating items, including chocolate pudding, mugs, a frypan, and a wine bottle between a wooden cabinet, coffee table, and microwave.",open the microwave,[HOLD],192,3
coffee_table/case282,1188,coffee_table/case282,3,open the microwave,0,"Organize a culinary scene by relocating items, including chocolate pudding, mugs, a frypan, and a wine bottle between a wooden cabinet, coffee table, and microwave.",open the microwave,[HOLD],193,3
coffee_table/case282,1189,coffee_table/case282,3,open the microwave,0,"Organize a culinary scene by relocating items, including chocolate pudding, mugs, a frypan, and a wine bottle between a wooden cabinet, coffee table, and microwave.",open the microwave,[HOLD],194,3
coffee_table/case282,1190,coffee_table/case282,3,open the microwave,0,"Organize a culinary scene by relocating items, including chocolate pudding, mugs, a frypan, and a wine bottle between a wooden cabinet, coffee table, and microwave.",open the microwave,[HOLD],195,3
coffee_table/case282,1191,coffee_table/case282,3,open the microwave,0,"Organize a culinary scene by relocating items, including chocolate pudding, mugs, a frypan, and a wine bottle between a wooden cabinet, coffee table, and microwave.",open the microwave,[HOLD],196,3
coffee_table/case282,1192,coffee_table/case282,3,open the microwave,0,"Organize a culinary scene by relocating items, including chocolate pudding, mugs, a frypan, and a wine bottle between a wooden cabinet, coffee table, and microwave.",open the microwave,[HOLD],197,3
coffee_table/case282,1193,coffee_table/case282,3,open the microwave,0,"Organize a culinary scene by relocating items, including chocolate pudding, mugs, a frypan, and a wine bottle between a wooden cabinet, coffee table, and microwave.",open the microwave,[HOLD],198,3
coffee_table/case282,1194,coffee_table/case282,3,open the microwave,0,"Organize a culinary scene by relocating items, including chocolate pudding, mugs, a frypan, and a wine bottle between a wooden cabinet, coffee table, and microwave.",open the microwave,[HOLD],199,3
coffee_table/case282,1195,coffee_table/case282,3,open the microwave,0,"Organize a culinary scene by relocating items, including chocolate pudding, mugs, a frypan, and a wine bottle between a wooden cabinet, coffee table, and microwave.",open the microwave,[HOLD],200,3
coffee_table/case282,1196,coffee_table/case282,3,open the microwave,0,"Organize a culinary scene by relocating items, including chocolate pudding, mugs, a frypan, and a wine bottle between a wooden cabinet, coffee table, and microwave.",open the microwave,[HOLD],201,3
coffee_table/case282,1197,coffee_table/case282,3,open the microwave,0,"Organize a culinary scene by relocating items, including chocolate pudding, mugs, a frypan, and a wine bottle between a wooden cabinet, coffee table, and microwave.",open the microwave,[HOLD],202,3
coffee_table/case282,1198,coffee_table/case282,3,open the microwave,0,"Organize a culinary scene by relocating items, including chocolate pudding, mugs, a frypan, and a wine bottle between a wooden cabinet, coffee table, and microwave.",open the microwave,[HOLD],203,3
coffee_table/case282,1199,coffee_table/case282,3,open the microwave,0,"Organize a culinary scene by relocating items, including chocolate pudding, mugs, a frypan, and a wine bottle between a wooden cabinet, coffee table, and microwave.",open the microwave,[HOLD],204,3
coffee_table/case282,1200,coffee_table/case282,3,open the microwave,0,"Organize a culinary scene by relocating items, including chocolate pudding, mugs, a frypan, and a wine bottle between a wooden cabinet, coffee table, and microwave.",open the microwave,[HOLD],205,3
coffee_table/case282,1201,coffee_table/case282,3,open the microwave,0,"Organize a culinary scene by relocating items, including chocolate pudding, mugs, a frypan, and a wine bottle between a wooden cabinet, coffee table, and microwave.",open the microwave,[HOLD],206,3
coffee_table/case282,1202,coffee_table/case282,3,open the microwave,0,"Organize a culinary scene by relocating items, including chocolate pudding, mugs, a frypan, and a wine bottle between a wooden cabinet, coffee table, and microwave.",open the microwave,[HOLD],207,3
coffee_table/case282,1203,coffee_table/case282,3,open the microwave,0,"Organize a culinary scene by relocating items, including chocolate pudding, mugs, a frypan, and a wine bottle between a wooden cabinet, coffee table, and microwave.",open the microwave,[HOLD],208,3
coffee_table/case282,1204,coffee_table/case282,3,open the microwave,0,"Organize a culinary scene by relocating items, including chocolate pudding, mugs, a frypan, and a wine bottle between a wooden cabinet, coffee table, and microwave.",open the microwave,[HOLD],209,3
coffee_table/case282,1205,coffee_table/case282,3,open the microwave,0,"Organize a culinary scene by relocating items, including chocolate pudding, mugs, a frypan, and a wine bottle between a wooden cabinet, coffee table, and microwave.",open the microwave,[HOLD],210,3
coffee_table/case282,1206,coffee_table/case282,3,open the microwave,0,"Organize a culinary scene by relocating items, including chocolate pudding, mugs, a frypan, and a wine bottle between a wooden cabinet, coffee table, and microwave.",open the microwave,[HOLD],211,3
coffee_table/case282,1207,coffee_table/case282,3,open the microwave,0,"Organize a culinary scene by relocating items, including chocolate pudding, mugs, a frypan, and a wine bottle between a wooden cabinet, coffee table, and microwave.",open the microwave,[HOLD],212,3
coffee_table/case282,1208,coffee_table/case282,3,open the microwave,0,"Organize a culinary scene by relocating items, including chocolate pudding, mugs, a frypan, and a wine bottle between a wooden cabinet, coffee table, and microwave.",open the microwave,[HOLD],213,3
coffee_table/case282,1209,coffee_table/case282,3,open the microwave,0,"Organize a culinary scene by relocating items, including chocolate pudding, mugs, a frypan, and a wine bottle between a wooden cabinet, coffee table, and microwave.",open the microwave,[HOLD],214,3
coffee_table/case282,1210,coffee_table/case282,3,open the microwave,0,"Organize a culinary scene by relocating items, including chocolate pudding, mugs, a frypan, and a wine bottle between a wooden cabinet, coffee table, and microwave.",open the microwave,[HOLD],215,3
coffee_table/case282,1211,coffee_table/case282,3,open the microwave,0,"Organize a culinary scene by relocating items, including chocolate pudding, mugs, a frypan, and a wine bottle between a wooden cabinet, coffee table, and microwave.",open the microwave,[HOLD],216,3
coffee_table/case282,1212,coffee_table/case282,3,open the microwave,0,"Organize a culinary scene by relocating items, including chocolate pudding, mugs, a frypan, and a wine bottle between a wooden cabinet, coffee table, and microwave.",open the microwave,[HOLD],217,3
coffee_table/case282,1213,coffee_table/case282,3,open the microwave,0,"Organize a culinary scene by relocating items, including chocolate pudding, mugs, a frypan, and a wine bottle between a wooden cabinet, coffee table, and microwave.",open the microwave,[HOLD],218,3
coffee_table/case282,1214,coffee_table/case282,3,open the microwave,0,"Organize a culinary scene by relocating items, including chocolate pudding, mugs, a frypan, and a wine bottle between a wooden cabinet, coffee table, and microwave.",open the microwave,[HOLD],219,3
coffee_table/case282,1215,coffee_table/case282,3,open the microwave,0,"Organize a culinary scene by relocating items, including chocolate pudding, mugs, a frypan, and a wine bottle between a wooden cabinet, coffee table, and microwave.",open the microwave,[HOLD],220,3
coffee_table/case282,1216,coffee_table/case282,3,open the microwave,0,"Organize a culinary scene by relocating items, including chocolate pudding, mugs, a frypan, and a wine bottle between a wooden cabinet, coffee table, and microwave.",open the microwave,[HOLD],221,3
coffee_table/case282,1217,coffee_table/case282,3,open the microwave,0,"Organize a culinary scene by relocating items, including chocolate pudding, mugs, a frypan, and a wine bottle between a wooden cabinet, coffee table, and microwave.",open the microwave,[HOLD],222,3
coffee_table/case282,1218,coffee_table/case282,3,open the microwave,0,"Organize a culinary scene by relocating items, including chocolate pudding, mugs, a frypan, and a wine bottle between a wooden cabinet, coffee table, and microwave.",open the microwave,[HOLD],223,3
coffee_table/case282,1219,coffee_table/case282,3,open the microwave,0,"Organize a culinary scene by relocating items, including chocolate pudding, mugs, a frypan, and a wine bottle between a wooden cabinet, coffee table, and microwave.",open the microwave,[HOLD],224,3
coffee_table/case282,1220,coffee_table/case282,3,open the microwave,0,"Organize a culinary scene by relocating items, including chocolate pudding, mugs, a frypan, and a wine bottle between a wooden cabinet, coffee table, and microwave.",open the microwave,[HOLD],225,3
coffee_table/case282,1221,coffee_table/case282,3,open the microwave,0,"Organize a culinary scene by relocating items, including chocolate pudding, mugs, a frypan, and a wine bottle between a wooden cabinet, coffee table, and microwave.",open the microwave,[HOLD],226,3
coffee_table/case282,1222,coffee_table/case282,3,open the microwave,0,"Organize a culinary scene by relocating items, including chocolate pudding, mugs, a frypan, and a wine bottle between a wooden cabinet, coffee table, and microwave.",open the microwave,[HOLD],227,3
coffee_table/case282,1223,coffee_table/case282,3,open the microwave,0,"Organize a culinary scene by relocating items, including chocolate pudding, mugs, a frypan, and a wine bottle between a wooden cabinet, coffee table, and microwave.",open the microwave,[HOLD],228,3
coffee_table/case282,1224,coffee_table/case282,3,open the microwave,0,"Organize a culinary scene by relocating items, including chocolate pudding, mugs, a frypan, and a wine bottle between a wooden cabinet, coffee table, and microwave.",open the microwave,[HOLD],229,3
coffee_table/case282,1225,coffee_table/case282,3,open the microwave,0,"Organize a culinary scene by relocating items, including chocolate pudding, mugs, a frypan, and a wine bottle between a wooden cabinet, coffee table, and microwave.",open the microwave,[HOLD],230,3
coffee_table/case282,1226,coffee_table/case282,3,open the microwave,0,"Organize a culinary scene by relocating items, including chocolate pudding, mugs, a frypan, and a wine bottle between a wooden cabinet, coffee table, and microwave.",open the microwave,[HOLD],231,3
coffee_table/case282,1227,coffee_table/case282,3,open the microwave,0,"Organize a culinary scene by relocating items, including chocolate pudding, mugs, a frypan, and a wine bottle between a wooden cabinet, coffee table, and microwave.",open the microwave,[HOLD],232,3
coffee_table/case282,1228,coffee_table/case282,3,open the microwave,0,"Organize a culinary scene by relocating items, including chocolate pudding, mugs, a frypan, and a wine bottle between a wooden cabinet, coffee table, and microwave.",open the microwave,[HOLD],233,3
coffee_table/case282,1229,coffee_table/case282,3,open the microwave,0,"Organize a culinary scene by relocating items, including chocolate pudding, mugs, a frypan, and a wine bottle between a wooden cabinet, coffee table, and microwave.",open the microwave,[HOLD],234,3
coffee_table/case282,1230,coffee_table/case282,3,open the microwave,0,"Organize a culinary scene by relocating items, including chocolate pudding, mugs, a frypan, and a wine bottle between a wooden cabinet, coffee table, and microwave.",open the microwave,[HOLD],235,3
coffee_table/case282,1231,coffee_table/case282,3,open the microwave,0,"Organize a culinary scene by relocating items, including chocolate pudding, mugs, a frypan, and a wine bottle between a wooden cabinet, coffee table, and microwave.",open the microwave,[HOLD],236,3
coffee_table/case282,1232,coffee_table/case282,3,open the microwave,0,"Organize a culinary scene by relocating items, including chocolate pudding, mugs, a frypan, and a wine bottle between a wooden cabinet, coffee table, and microwave.",open the microwave,[HOLD],237,3
coffee_table/case282,1233,coffee_table/case282,3,open the microwave,0,"Organize a culinary scene by relocating items, including chocolate pudding, mugs, a frypan, and a wine bottle between a wooden cabinet, coffee table, and microwave.",open the microwave,[HOLD],238,3
coffee_table/case282,1234,coffee_table/case282,3,open the microwave,0,"Organize a culinary scene by relocating items, including chocolate pudding, mugs, a frypan, and a wine bottle between a wooden cabinet, coffee table, and microwave.",open the microwave,[HOLD],239,3
coffee_table/case282,1235,coffee_table/case282,3,open the microwave,0,"Organize a culinary scene by relocating items, including chocolate pudding, mugs, a frypan, and a wine bottle between a wooden cabinet, coffee table, and microwave.",open the microwave,[HOLD],240,3
coffee_table/case282,1236,coffee_table/case282,3,open the microwave,0,"Organize a culinary scene by relocating items, including chocolate pudding, mugs, a frypan, and a wine bottle between a wooden cabinet, coffee table, and microwave.",open the microwave,[HOLD],241,3
coffee_table/case282,1237,coffee_table/case282,3,open the microwave,0,"Organize a culinary scene by relocating items, including chocolate pudding, mugs, a frypan, and a wine bottle between a wooden cabinet, coffee table, and microwave.",open the microwave,[HOLD],242,3
coffee_table/case282,1238,coffee_table/case282,3,open the microwave,0,"Organize a culinary scene by relocating items, including chocolate pudding, mugs, a frypan, and a wine bottle between a wooden cabinet, coffee table, and microwave.",open the microwave,[HOLD],243,3
coffee_table/case282,1239,coffee_table/case282,3,open the microwave,0,"Organize a culinary scene by relocating items, including chocolate pudding, mugs, a frypan, and a wine bottle between a wooden cabinet, coffee table, and microwave.",open the microwave,[HOLD],244,3
coffee_table/case282,1240,coffee_table/case282,3,open the microwave,0,"Organize a culinary scene by relocating items, including chocolate pudding, mugs, a frypan, and a wine bottle between a wooden cabinet, coffee table, and microwave.",open the microwave,[HOLD],245,3
coffee_table/case282,1241,coffee_table/case282,3,open the microwave,0,"Organize a culinary scene by relocating items, including chocolate pudding, mugs, a frypan, and a wine bottle between a wooden cabinet, coffee table, and microwave.",open the microwave,[HOLD],246,3
coffee_table/case282,1242,coffee_table/case282,3,open the microwave,0,"Organize a culinary scene by relocating items, including chocolate pudding, mugs, a frypan, and a wine bottle between a wooden cabinet, coffee table, and microwave.",open the microwave,[HOLD],247,3
coffee_table/case282,1243,coffee_table/case282,3,open the microwave,0,"Organize a culinary scene by relocating items, including chocolate pudding, mugs, a frypan, and a wine bottle between a wooden cabinet, coffee table, and microwave.",open the microwave,[HOLD],248,3
coffee_table/case282,1244,coffee_table/case282,3,open the microwave,0,"Organize a culinary scene by relocating items, including chocolate pudding, mugs, a frypan, and a wine bottle between a wooden cabinet, coffee table, and microwave.",open the microwave,[HOLD],249,3
coffee_table/case282,1245,coffee_table/case282,3,open the microwave,0,"Organize a culinary scene by relocating items, including chocolate pudding, mugs, a frypan, and a wine bottle between a wooden cabinet, coffee table, and microwave.",open the microwave,[HOLD],250,3
coffee_table/case282,1246,coffee_table/case282,3,open the microwave,0,"Organize a culinary scene by relocating items, including chocolate pudding, mugs, a frypan, and a wine bottle between a wooden cabinet, coffee table, and microwave.",open the microwave,[HOLD],251,3
coffee_table/case282,1247,coffee_table/case282,3,open the microwave,0,"Organize a culinary scene by relocating items, including chocolate pudding, mugs, a frypan, and a wine bottle between a wooden cabinet, coffee table, and microwave.",open the microwave,[HOLD],252,3
coffee_table/case282,1248,coffee_table/case282,3,open the microwave,0,"Organize a culinary scene by relocating items, including chocolate pudding, mugs, a frypan, and a wine bottle between a wooden cabinet, coffee table, and microwave.",open the microwave,[HOLD],253,3
coffee_table/case282,1249,coffee_table/case282,3,open the microwave,0,"Organize a culinary scene by relocating items, including chocolate pudding, mugs, a frypan, and a wine bottle between a wooden cabinet, coffee table, and microwave.",open the microwave,[HOLD],254,3
coffee_table/case282,1250,coffee_table/case282,3,open the microwave,0,"Organize a culinary scene by relocating items, including chocolate pudding, mugs, a frypan, and a wine bottle between a wooden cabinet, coffee table, and microwave.",open the microwave,[HOLD],255,3
coffee_table/case282,1251,coffee_table/case282,3,open the microwave,0,"Organize a culinary scene by relocating items, including chocolate pudding, mugs, a frypan, and a wine bottle between a wooden cabinet, coffee table, and microwave.",open the microwave,[HOLD],256,3
coffee_table/case282,1252,coffee_table/case282,3,open the microwave,0,"Organize a culinary scene by relocating items, including chocolate pudding, mugs, a frypan, and a wine bottle between a wooden cabinet, coffee table, and microwave.",open the microwave,[HOLD],257,3
coffee_table/case282,1253,coffee_table/case282,3,open the microwave,0,"Organize a culinary scene by relocating items, including chocolate pudding, mugs, a frypan, and a wine bottle between a wooden cabinet, coffee table, and microwave.",open the microwave,[HOLD],258,3
coffee_table/case282,1254,coffee_table/case282,3,open the microwave,0,"Organize a culinary scene by relocating items, including chocolate pudding, mugs, a frypan, and a wine bottle between a wooden cabinet, coffee table, and microwave.",open the microwave,[HOLD],259,3
coffee_table/case282,1255,coffee_table/case282,3,open the microwave,0,"Organize a culinary scene by relocating items, including chocolate pudding, mugs, a frypan, and a wine bottle between a wooden cabinet, coffee table, and microwave.",open the microwave,[HOLD],260,3
coffee_table/case282,1256,coffee_table/case282,3,open the microwave,0,"Organize a culinary scene by relocating items, including chocolate pudding, mugs, a frypan, and a wine bottle between a wooden cabinet, coffee table, and microwave.",open the microwave,[HOLD],261,3
coffee_table/case282,1257,coffee_table/case282,3,open the microwave,0,"Organize a culinary scene by relocating items, including chocolate pudding, mugs, a frypan, and a wine bottle between a wooden cabinet, coffee table, and microwave.",open the microwave,[HOLD],262,3
coffee_table/case282,1258,coffee_table/case282,3,open the microwave,0,"Organize a culinary scene by relocating items, including chocolate pudding, mugs, a frypan, and a wine bottle between a wooden cabinet, coffee table, and microwave.",open the microwave,[HOLD],263,3
coffee_table/case282,1259,coffee_table/case282,3,open the microwave,0,"Organize a culinary scene by relocating items, including chocolate pudding, mugs, a frypan, and a wine bottle between a wooden cabinet, coffee table, and microwave.",open the microwave,[HOLD],264,3
coffee_table/case282,1260,coffee_table/case282,3,open the microwave,0,"Organize a culinary scene by relocating items, including chocolate pudding, mugs, a frypan, and a wine bottle between a wooden cabinet, coffee table, and microwave.",open the microwave,[HOLD],265,3
coffee_table/case282,1261,coffee_table/case282,3,open the microwave,0,"Organize a culinary scene by relocating items, including chocolate pudding, mugs, a frypan, and a wine bottle between a wooden cabinet, coffee table, and microwave.",open the microwave,[HOLD],266,3
coffee_table/case282,1262,coffee_table/case282,3,open the microwave,0,"Organize a culinary scene by relocating items, including chocolate pudding, mugs, a frypan, and a wine bottle between a wooden cabinet, coffee table, and microwave.",open the microwave,[HOLD],267,3
coffee_table/case282,1263,coffee_table/case282,3,open the microwave,0,"Organize a culinary scene by relocating items, including chocolate pudding, mugs, a frypan, and a wine bottle between a wooden cabinet, coffee table, and microwave.",open the microwave,[HOLD],268,3
coffee_table/case282,1264,coffee_table/case282,3,open the microwave,0,"Organize a culinary scene by relocating items, including chocolate pudding, mugs, a frypan, and a wine bottle between a wooden cabinet, coffee table, and microwave.",open the microwave,[HOLD],269,3
coffee_table/case282,1265,coffee_table/case282,3,open the microwave,0,"Organize a culinary scene by relocating items, including chocolate pudding, mugs, a frypan, and a wine bottle between a wooden cabinet, coffee table, and microwave.",open the microwave,[HOLD],270,3
coffee_table/case282,1266,coffee_table/case282,3,open the microwave,0,"Organize a culinary scene by relocating items, including chocolate pudding, mugs, a frypan, and a wine bottle between a wooden cabinet, coffee table, and microwave.",open the microwave,[HOLD],271,3
coffee_table/case282,1267,coffee_table/case282,3,open the microwave,0,"Organize a culinary scene by relocating items, including chocolate pudding, mugs, a frypan, and a wine bottle between a wooden cabinet, coffee table, and microwave.",open the microwave,[HOLD],272,3
coffee_table/case282,1268,coffee_table/case282,3,open the microwave,0,"Organize a culinary scene by relocating items, including chocolate pudding, mugs, a frypan, and a wine bottle between a wooden cabinet, coffee table, and microwave.",open the microwave,[HOLD],273,3
coffee_table/case282,1269,coffee_table/case282,3,open the microwave,0,"Organize a culinary scene by relocating items, including chocolate pudding, mugs, a frypan, and a wine bottle between a wooden cabinet, coffee table, and microwave.",open the microwave,[HOLD],274,3
coffee_table/case282,1270,coffee_table/case282,3,open the microwave,0,"Organize a culinary scene by relocating items, including chocolate pudding, mugs, a frypan, and a wine bottle between a wooden cabinet, coffee table, and microwave.",open the microwave,[HOLD],275,3
coffee_table/case282,1271,coffee_table/case282,3,open the microwave,0,"Organize a culinary scene by relocating items, including chocolate pudding, mugs, a frypan, and a wine bottle between a wooden cabinet, coffee table, and microwave.",open the microwave,[HOLD],276,3
coffee_table/case282,1272,coffee_table/case282,3,open the microwave,0,"Organize a culinary scene by relocating items, including chocolate pudding, mugs, a frypan, and a wine bottle between a wooden cabinet, coffee table, and microwave.",open the microwave,[HOLD],277,3
coffee_table/case282,1273,coffee_table/case282,3,open the microwave,0,"Organize a culinary scene by relocating items, including chocolate pudding, mugs, a frypan, and a wine bottle between a wooden cabinet, coffee table, and microwave.",open the microwave,[HOLD],278,3
coffee_table/case282,1274,coffee_table/case282,3,open the microwave,0,"Organize a culinary scene by relocating items, including chocolate pudding, mugs, a frypan, and a wine bottle between a wooden cabinet, coffee table, and microwave.",open the microwave,[HOLD],279,3
coffee_table/case282,1275,coffee_table/case282,3,open the microwave,0,"Organize a culinary scene by relocating items, including chocolate pudding, mugs, a frypan, and a wine bottle between a wooden cabinet, coffee table, and microwave.",open the microwave,[HOLD],280,3
coffee_table/case282,1276,coffee_table/case282,3,open the microwave,0,"Organize a culinary scene by relocating items, including chocolate pudding, mugs, a frypan, and a wine bottle between a wooden cabinet, coffee table, and microwave.",open the microwave,[HOLD],281,3
coffee_table/case282,1277,coffee_table/case282,3,open the microwave,0,"Organize a culinary scene by relocating items, including chocolate pudding, mugs, a frypan, and a wine bottle between a wooden cabinet, coffee table, and microwave.",open the microwave,[HOLD],282,3
coffee_table/case282,1278,coffee_table/case282,3,open the microwave,0,"Organize a culinary scene by relocating items, including chocolate pudding, mugs, a frypan, and a wine bottle between a wooden cabinet, coffee table, and microwave.",open the microwave,[HOLD],283,3
coffee_table/case282,1279,coffee_table/case282,3,open the microwave,0,"Organize a culinary scene by relocating items, including chocolate pudding, mugs, a frypan, and a wine bottle between a wooden cabinet, coffee table, and microwave.",open the microwave,[HOLD],284,3
coffee_table/case282,1280,coffee_table/case282,3,open the microwave,0,"Organize a culinary scene by relocating items, including chocolate pudding, mugs, a frypan, and a wine bottle between a wooden cabinet, coffee table, and microwave.",open the microwave,[HOLD],285,3
coffee_table/case282,1281,coffee_table/case282,3,open the microwave,0,"Organize a culinary scene by relocating items, including chocolate pudding, mugs, a frypan, and a wine bottle between a wooden cabinet, coffee table, and microwave.",open the microwave,[HOLD],286,3
coffee_table/case282,1282,coffee_table/case282,3,open the microwave,0,"Organize a culinary scene by relocating items, including chocolate pudding, mugs, a frypan, and a wine bottle between a wooden cabinet, coffee table, and microwave.",open the microwave,[HOLD],287,3
coffee_table/case282,1283,coffee_table/case282,3,open the microwave,0,"Organize a culinary scene by relocating items, including chocolate pudding, mugs, a frypan, and a wine bottle between a wooden cabinet, coffee table, and microwave.",open the microwave,[HOLD],288,3
coffee_table/case282,1284,coffee_table/case282,3,open the microwave,0,"Organize a culinary scene by relocating items, including chocolate pudding, mugs, a frypan, and a wine bottle between a wooden cabinet, coffee table, and microwave.",open the microwave,[HOLD],289,3
coffee_table/case282,1285,coffee_table/case282,3,open the microwave,0,"Organize a culinary scene by relocating items, including chocolate pudding, mugs, a frypan, and a wine bottle between a wooden cabinet, coffee table, and microwave.",open the microwave,[HOLD],290,3
coffee_table/case282,1286,coffee_table/case282,3,open the microwave,0,"Organize a culinary scene by relocating items, including chocolate pudding, mugs, a frypan, and a wine bottle between a wooden cabinet, coffee table, and microwave.",open the microwave,[HOLD],291,3
coffee_table/case282,1287,coffee_table/case282,3,open the microwave,0,"Organize a culinary scene by relocating items, including chocolate pudding, mugs, a frypan, and a wine bottle between a wooden cabinet, coffee table, and microwave.",open the microwave,[HOLD],292,3
coffee_table/case282,1288,coffee_table/case282,3,open the microwave,0,"Organize a culinary scene by relocating items, including chocolate pudding, mugs, a frypan, and a wine bottle between a wooden cabinet, coffee table, and microwave.",open the microwave,[HOLD],293,3
coffee_table/case282,1289,coffee_table/case282,3,open the microwave,0,"Organize a culinary scene by relocating items, including chocolate pudding, mugs, a frypan, and a wine bottle between a wooden cabinet, coffee table, and microwave.",open the microwave,[HOLD],294,3
coffee_table/case282,1290,coffee_table/case282,3,open the microwave,0,"Organize a culinary scene by relocating items, including chocolate pudding, mugs, a frypan, and a wine bottle between a wooden cabinet, coffee table, and microwave.",open the microwave,[HOLD],295,3
coffee_table/case282,1291,coffee_table/case282,3,open the microwave,0,"Organize a culinary scene by relocating items, including chocolate pudding, mugs, a frypan, and a wine bottle between a wooden cabinet, coffee table, and microwave.",open the microwave,[HOLD],296,3
coffee_table/case282,1292,coffee_table/case282,3,open the microwave,0,"Organize a culinary scene by relocating items, including chocolate pudding, mugs, a frypan, and a wine bottle between a wooden cabinet, coffee table, and microwave.",open the microwave,[HOLD],297,3
coffee_table/case282,1293,coffee_table/case282,3,open the microwave,0,"Organize a culinary scene by relocating items, including chocolate pudding, mugs, a frypan, and a wine bottle between a wooden cabinet, coffee table, and microwave.",open the microwave,[HOLD],298,3
coffee_table/case282,1294,coffee_table/case282,3,open the microwave,0,"Organize a culinary scene by relocating items, including chocolate pudding, mugs, a frypan, and a wine bottle between a wooden cabinet, coffee table, and microwave.",open the microwave,[HOLD],299,3
coffee_table/case282,1295,coffee_table/case282,3,open the microwave,0,"Organize a culinary scene by relocating items, including chocolate pudding, mugs, a frypan, and a wine bottle between a wooden cabinet, coffee table, and microwave.",open the microwave,[HOLD],300,3
coffee_table/case282,1296,coffee_table/case282,3,open the microwave,0,"Organize a culinary scene by relocating items, including chocolate pudding, mugs, a frypan, and a wine bottle between a wooden cabinet, coffee table, and microwave.",open the microwave,[HOLD],301,3
coffee_table/case282,1297,coffee_table/case282,3,open the microwave,0,"Organize a culinary scene by relocating items, including chocolate pudding, mugs, a frypan, and a wine bottle between a wooden cabinet, coffee table, and microwave.",open the microwave,[HOLD],302,3
coffee_table/case282,1298,coffee_table/case282,3,open the microwave,0,"Organize a culinary scene by relocating items, including chocolate pudding, mugs, a frypan, and a wine bottle between a wooden cabinet, coffee table, and microwave.",open the microwave,[HOLD],303,3
coffee_table/case282,1299,coffee_table/case282,3,open the microwave,0,"Organize a culinary scene by relocating items, including chocolate pudding, mugs, a frypan, and a wine bottle between a wooden cabinet, coffee table, and microwave.",open the microwave,[HOLD],304,3
coffee_table/case282,1300,coffee_table/case282,3,open the microwave,0,"Organize a culinary scene by relocating items, including chocolate pudding, mugs, a frypan, and a wine bottle between a wooden cabinet, coffee table, and microwave.",open the microwave,[HOLD],305,3
coffee_table/case282,1301,coffee_table/case282,3,open the microwave,0,"Organize a culinary scene by relocating items, including chocolate pudding, mugs, a frypan, and a wine bottle between a wooden cabinet, coffee table, and microwave.",open the microwave,[HOLD],306,3
coffee_table/case282,1302,coffee_table/case282,3,open the microwave,0,"Organize a culinary scene by relocating items, including chocolate pudding, mugs, a frypan, and a wine bottle between a wooden cabinet, coffee table, and microwave.",open the microwave,[HOLD],307,3
coffee_table/case282,1303,coffee_table/case282,3,open the microwave,0,"Organize a culinary scene by relocating items, including chocolate pudding, mugs, a frypan, and a wine bottle between a wooden cabinet, coffee table, and microwave.",open the microwave,[HOLD],308,3
coffee_table/case282,1304,coffee_table/case282,3,open the microwave,0,"Organize a culinary scene by relocating items, including chocolate pudding, mugs, a frypan, and a wine bottle between a wooden cabinet, coffee table, and microwave.",open the microwave,[HOLD],309,3
coffee_table/case282,1305,coffee_table/case282,3,open the microwave,0,"Organize a culinary scene by relocating items, including chocolate pudding, mugs, a frypan, and a wine bottle between a wooden cabinet, coffee table, and microwave.",open the microwave,[HOLD],310,3
coffee_table/case282,1306,coffee_table/case282,3,open the microwave,0,"Organize a culinary scene by relocating items, including chocolate pudding, mugs, a frypan, and a wine bottle between a wooden cabinet, coffee table, and microwave.",open the microwave,[HOLD],311,3
coffee_table/case282,1307,coffee_table/case282,3,open the microwave,0,"Organize a culinary scene by relocating items, including chocolate pudding, mugs, a frypan, and a wine bottle between a wooden cabinet, coffee table, and microwave.",open the microwave,[HOLD],312,3
coffee_table/case282,1308,coffee_table/case282,3,open the microwave,0,"Organize a culinary scene by relocating items, including chocolate pudding, mugs, a frypan, and a wine bottle between a wooden cabinet, coffee table, and microwave.",open the microwave,[HOLD],313,3
coffee_table/case282,1309,coffee_table/case282,3,open the microwave,0,"Organize a culinary scene by relocating items, including chocolate pudding, mugs, a frypan, and a wine bottle between a wooden cabinet, coffee table, and microwave.",open the microwave,[HOLD],314,3
coffee_table/case282,1310,coffee_table/case282,3,open the microwave,0,"Organize a culinary scene by relocating items, including chocolate pudding, mugs, a frypan, and a wine bottle between a wooden cabinet, coffee table, and microwave.",open the microwave,[HOLD],315,3
coffee_table/case282,1311,coffee_table/case282,3,open the microwave,0,"Organize a culinary scene by relocating items, including chocolate pudding, mugs, a frypan, and a wine bottle between a wooden cabinet, coffee table, and microwave.",open the microwave,[HOLD],316,3
coffee_table/case282,1312,coffee_table/case282,3,open the microwave,0,"Organize a culinary scene by relocating items, including chocolate pudding, mugs, a frypan, and a wine bottle between a wooden cabinet, coffee table, and microwave.",open the microwave,[HOLD],317,3
coffee_table/case282,1313,coffee_table/case282,3,open the microwave,0,"Organize a culinary scene by relocating items, including chocolate pudding, mugs, a frypan, and a wine bottle between a wooden cabinet, coffee table, and microwave.",open the microwave,[HOLD],318,3
coffee_table/case282,1314,coffee_table/case282,3,open the microwave,0,"Organize a culinary scene by relocating items, including chocolate pudding, mugs, a frypan, and a wine bottle between a wooden cabinet, coffee table, and microwave.",open the microwave,[HOLD],319,3
coffee_table/case282,1315,coffee_table/case282,3,open the microwave,0,"Organize a culinary scene by relocating items, including chocolate pudding, mugs, a frypan, and a wine bottle between a wooden cabinet, coffee table, and microwave.",open the microwave,[HOLD],320,3
coffee_table/case282,1316,coffee_table/case282,3,open the microwave,0,"Organize a culinary scene by relocating items, including chocolate pudding, mugs, a frypan, and a wine bottle between a wooden cabinet, coffee table, and microwave.",open the microwave,[HOLD],321,3
coffee_table/case282,1317,coffee_table/case282,3,open the microwave,0,"Organize a culinary scene by relocating items, including chocolate pudding, mugs, a frypan, and a wine bottle between a wooden cabinet, coffee table, and microwave.",open the microwave,[HOLD],322,3
coffee_table/case282,1318,coffee_table/case282,3,open the microwave,0,"Organize a culinary scene by relocating items, including chocolate pudding, mugs, a frypan, and a wine bottle between a wooden cabinet, coffee table, and microwave.",open the microwave,[HOLD],323,3
coffee_table/case282,1319,coffee_table/case282,3,open the microwave,0,"Organize a culinary scene by relocating items, including chocolate pudding, mugs, a frypan, and a wine bottle between a wooden cabinet, coffee table, and microwave.",open the microwave,[HOLD],324,3
coffee_table/case282,1320,coffee_table/case282,3,open the microwave,0,"Organize a culinary scene by relocating items, including chocolate pudding, mugs, a frypan, and a wine bottle between a wooden cabinet, coffee table, and microwave.",open the microwave,[HOLD],325,3
coffee_table/case282,1321,coffee_table/case282,3,open the microwave,0,"Organize a culinary scene by relocating items, including chocolate pudding, mugs, a frypan, and a wine bottle between a wooden cabinet, coffee table, and microwave.",open the microwave,[HOLD],326,3
coffee_table/case282,1322,coffee_table/case282,3,open the microwave,0,"Organize a culinary scene by relocating items, including chocolate pudding, mugs, a frypan, and a wine bottle between a wooden cabinet, coffee table, and microwave.",open the microwave,[HOLD],327,3
coffee_table/case282,1323,coffee_table/case282,3,open the microwave,0,"Organize a culinary scene by relocating items, including chocolate pudding, mugs, a frypan, and a wine bottle between a wooden cabinet, coffee table, and microwave.",open the microwave,[HOLD],328,3
coffee_table/case282,1324,coffee_table/case282,3,open the microwave,0,"Organize a culinary scene by relocating items, including chocolate pudding, mugs, a frypan, and a wine bottle between a wooden cabinet, coffee table, and microwave.",open the microwave,[HOLD],329,3
coffee_table/case282,1325,coffee_table/case282,3,open the microwave,0,"Organize a culinary scene by relocating items, including chocolate pudding, mugs, a frypan, and a wine bottle between a wooden cabinet, coffee table, and microwave.",open the microwave,[HOLD],330,3
coffee_table/case282,1326,coffee_table/case282,3,open the microwave,0,"Organize a culinary scene by relocating items, including chocolate pudding, mugs, a frypan, and a wine bottle between a wooden cabinet, coffee table, and microwave.",open the microwave,[HOLD],331,3
coffee_table/case282,1327,coffee_table/case282,3,open the microwave,0,"Organize a culinary scene by relocating items, including chocolate pudding, mugs, a frypan, and a wine bottle between a wooden cabinet, coffee table, and microwave.",open the microwave,[HOLD],332,3
coffee_table/case282,1328,coffee_table/case282,3,open the microwave,0,"Organize a culinary scene by relocating items, including chocolate pudding, mugs, a frypan, and a wine bottle between a wooden cabinet, coffee table, and microwave.",open the microwave,[HOLD],333,3
coffee_table/case282,1329,coffee_table/case282,3,open the microwave,0,"Organize a culinary scene by relocating items, including chocolate pudding, mugs, a frypan, and a wine bottle between a wooden cabinet, coffee table, and microwave.",open the microwave,[HOLD],334,3
coffee_table/case282,1330,coffee_table/case282,3,open the microwave,0,"Organize a culinary scene by relocating items, including chocolate pudding, mugs, a frypan, and a wine bottle between a wooden cabinet, coffee table, and microwave.",open the microwave,[HOLD],335,3
coffee_table/case282,1331,coffee_table/case282,3,open the microwave,0,"Organize a culinary scene by relocating items, including chocolate pudding, mugs, a frypan, and a wine bottle between a wooden cabinet, coffee table, and microwave.",open the microwave,[HOLD],336,3
coffee_table/case282,1332,coffee_table/case282,3,open the microwave,0,"Organize a culinary scene by relocating items, including chocolate pudding, mugs, a frypan, and a wine bottle between a wooden cabinet, coffee table, and microwave.",open the microwave,[HOLD],337,3
coffee_table/case282,1333,coffee_table/case282,3,open the microwave,0,"Organize a culinary scene by relocating items, including chocolate pudding, mugs, a frypan, and a wine bottle between a wooden cabinet, coffee table, and microwave.",open the microwave,[HOLD],338,3
coffee_table/case282,1334,coffee_table/case282,3,open the microwave,0,"Organize a culinary scene by relocating items, including chocolate pudding, mugs, a frypan, and a wine bottle between a wooden cabinet, coffee table, and microwave.",open the microwave,[HOLD],339,3
coffee_table/case282,1335,coffee_table/case282,3,open the microwave,0,"Organize a culinary scene by relocating items, including chocolate pudding, mugs, a frypan, and a wine bottle between a wooden cabinet, coffee table, and microwave.",open the microwave,[HOLD],340,3
coffee_table/case282,1336,coffee_table/case282,3,open the microwave,0,"Organize a culinary scene by relocating items, including chocolate pudding, mugs, a frypan, and a wine bottle between a wooden cabinet, coffee table, and microwave.",open the microwave,[HOLD],341,3
coffee_table/case282,1337,coffee_table/case282,3,open the microwave,0,"Organize a culinary scene by relocating items, including chocolate pudding, mugs, a frypan, and a wine bottle between a wooden cabinet, coffee table, and microwave.",open the microwave,[HOLD],342,3
coffee_table/case282,1338,coffee_table/case282,3,open the microwave,0,"Organize a culinary scene by relocating items, including chocolate pudding, mugs, a frypan, and a wine bottle between a wooden cabinet, coffee table, and microwave.",open the microwave,[HOLD],343,3
coffee_table/case282,1339,coffee_table/case282,3,open the microwave,0,"Organize a culinary scene by relocating items, including chocolate pudding, mugs, a frypan, and a wine bottle between a wooden cabinet, coffee table, and microwave.",open the microwave,[HOLD],344,3
coffee_table/case282,1340,coffee_table/case282,3,open the microwave,0,"Organize a culinary scene by relocating items, including chocolate pudding, mugs, a frypan, and a wine bottle between a wooden cabinet, coffee table, and microwave.",open the microwave,[HOLD],345,3
coffee_table/case282,1341,coffee_table/case282,3,open the microwave,0,"Organize a culinary scene by relocating items, including chocolate pudding, mugs, a frypan, and a wine bottle between a wooden cabinet, coffee table, and microwave.",open the microwave,[HOLD],346,3
coffee_table/case282,1342,coffee_table/case282,3,open the microwave,0,"Organize a culinary scene by relocating items, including chocolate pudding, mugs, a frypan, and a wine bottle between a wooden cabinet, coffee table, and microwave.",open the microwave,[HOLD],347,3
coffee_table/case282,1343,coffee_table/case282,3,open the microwave,0,"Organize a culinary scene by relocating items, including chocolate pudding, mugs, a frypan, and a wine bottle between a wooden cabinet, coffee table, and microwave.",open the microwave,[HOLD],348,3
coffee_table/case282,1344,coffee_table/case282,3,open the microwave,0,"Organize a culinary scene by relocating items, including chocolate pudding, mugs, a frypan, and a wine bottle between a wooden cabinet, coffee table, and microwave.",open the microwave,[HOLD],349,3
coffee_table/case282,1345,coffee_table/case282,3,open the microwave,0,"Organize a culinary scene by relocating items, including chocolate pudding, mugs, a frypan, and a wine bottle between a wooden cabinet, coffee table, and microwave.",open the microwave,[HOLD],350,3
coffee_table/case282,1346,coffee_table/case282,3,open the microwave,0,"Organize a culinary scene by relocating items, including chocolate pudding, mugs, a frypan, and a wine bottle between a wooden cabinet, coffee table, and microwave.",open the microwave,[HOLD],351,3
coffee_table/case282,1347,coffee_table/case282,3,open the microwave,0,"Organize a culinary scene by relocating items, including chocolate pudding, mugs, a frypan, and a wine bottle between a wooden cabinet, coffee table, and microwave.",open the microwave,[HOLD],352,3
coffee_table/case282,1348,coffee_table/case282,3,open the microwave,0,"Organize a culinary scene by relocating items, including chocolate pudding, mugs, a frypan, and a wine bottle between a wooden cabinet, coffee table, and microwave.",open the microwave,[HOLD],353,3
coffee_table/case282,1349,coffee_table/case282,3,open the microwave,0,"Organize a culinary scene by relocating items, including chocolate pudding, mugs, a frypan, and a wine bottle between a wooden cabinet, coffee table, and microwave.",open the microwave,[HOLD],354,3
coffee_table/case282,1350,coffee_table/case282,3,open the microwave,0,"Organize a culinary scene by relocating items, including chocolate pudding, mugs, a frypan, and a wine bottle between a wooden cabinet, coffee table, and microwave.",open the microwave,[HOLD],355,3
coffee_table/case282,1351,coffee_table/case282,3,open the microwave,0,"Organize a culinary scene by relocating items, including chocolate pudding, mugs, a frypan, and a wine bottle between a wooden cabinet, coffee table, and microwave.",open the microwave,[HOLD],356,3
coffee_table/case282,1352,coffee_table/case282,3,open the microwave,0,"Organize a culinary scene by relocating items, including chocolate pudding, mugs, a frypan, and a wine bottle between a wooden cabinet, coffee table, and microwave.",open the microwave,[HOLD],357,3
coffee_table/case282,1353,coffee_table/case282,3,open the microwave,0,"Organize a culinary scene by relocating items, including chocolate pudding, mugs, a frypan, and a wine bottle between a wooden cabinet, coffee table, and microwave.",open the microwave,[HOLD],358,3
coffee_table/case282,1354,coffee_table/case282,3,open the microwave,0,"Organize a culinary scene by relocating items, including chocolate pudding, mugs, a frypan, and a wine bottle between a wooden cabinet, coffee table, and microwave.",open the microwave,[HOLD],359,3
coffee_table/case282,1355,coffee_table/case282,3,open the microwave,0,"Organize a culinary scene by relocating items, including chocolate pudding, mugs, a frypan, and a wine bottle between a wooden cabinet, coffee table, and microwave.",open the microwave,[HOLD],360,3
coffee_table/case282,1356,coffee_table/case282,3,open the microwave,0,"Organize a culinary scene by relocating items, including chocolate pudding, mugs, a frypan, and a wine bottle between a wooden cabinet, coffee table, and microwave.",open the microwave,[HOLD],361,3
coffee_table/case282,1357,coffee_table/case282,3,open the microwave,0,"Organize a culinary scene by relocating items, including chocolate pudding, mugs, a frypan, and a wine bottle between a wooden cabinet, coffee table, and microwave.",open the microwave,[HOLD],362,3
coffee_table/case282,1358,coffee_table/case282,3,open the microwave,0,"Organize a culinary scene by relocating items, including chocolate pudding, mugs, a frypan, and a wine bottle between a wooden cabinet, coffee table, and microwave.",open the microwave,[HOLD],363,3
coffee_table/case282,1359,coffee_table/case282,3,open the microwave,0,"Organize a culinary scene by relocating items, including chocolate pudding, mugs, a frypan, and a wine bottle between a wooden cabinet, coffee table, and microwave.",open the microwave,[HOLD],364,3
coffee_table/case282,1360,coffee_table/case282,3,open the microwave,0,"Organize a culinary scene by relocating items, including chocolate pudding, mugs, a frypan, and a wine bottle between a wooden cabinet, coffee table, and microwave.",open the microwave,[HOLD],365,3
coffee_table/case282,1361,coffee_table/case282,3,open the microwave,0,"Organize a culinary scene by relocating items, including chocolate pudding, mugs, a frypan, and a wine bottle between a wooden cabinet, coffee table, and microwave.",open the microwave,[HOLD],366,3
coffee_table/case282,1362,coffee_table/case282,3,open the microwave,0,"Organize a culinary scene by relocating items, including chocolate pudding, mugs, a frypan, and a wine bottle between a wooden cabinet, coffee table, and microwave.",open the microwave,[HOLD],367,3
coffee_table/case282,1363,coffee_table/case282,3,open the microwave,0,"Organize a culinary scene by relocating items, including chocolate pudding, mugs, a frypan, and a wine bottle between a wooden cabinet, coffee table, and microwave.",open the microwave,[HOLD],368,3
coffee_table/case282,1364,coffee_table/case282,3,open the microwave,0,"Organize a culinary scene by relocating items, including chocolate pudding, mugs, a frypan, and a wine bottle between a wooden cabinet, coffee table, and microwave.",open the microwave,[HOLD],369,3
coffee_table/case282,1365,coffee_table/case282,3,open the microwave,0,"Organize a culinary scene by relocating items, including chocolate pudding, mugs, a frypan, and a wine bottle between a wooden cabinet, coffee table, and microwave.",open the microwave,[HOLD],370,3
coffee_table/case282,1366,coffee_table/case282,3,open the microwave,0,"Organize a culinary scene by relocating items, including chocolate pudding, mugs, a frypan, and a wine bottle between a wooden cabinet, coffee table, and microwave.",open the microwave,[HOLD],371,3
coffee_table/case282,1367,coffee_table/case282,3,open the microwave,0,"Organize a culinary scene by relocating items, including chocolate pudding, mugs, a frypan, and a wine bottle between a wooden cabinet, coffee table, and microwave.",open the microwave,[HOLD],372,3
coffee_table/case282,1368,coffee_table/case282,3,open the microwave,0,"Organize a culinary scene by relocating items, including chocolate pudding, mugs, a frypan, and a wine bottle between a wooden cabinet, coffee table, and microwave.",open the microwave,[HOLD],373,3
coffee_table/case282,1369,coffee_table/case282,3,open the microwave,0,"Organize a culinary scene by relocating items, including chocolate pudding, mugs, a frypan, and a wine bottle between a wooden cabinet, coffee table, and microwave.",open the microwave,[HOLD],374,3
coffee_table/case282,1370,coffee_table/case282,3,open the microwave,0,"Organize a culinary scene by relocating items, including chocolate pudding, mugs, a frypan, and a wine bottle between a wooden cabinet, coffee table, and microwave.",open the microwave,[HOLD],375,3
coffee_table/case282,1371,coffee_table/case282,3,open the microwave,0,"Organize a culinary scene by relocating items, including chocolate pudding, mugs, a frypan, and a wine bottle between a wooden cabinet, coffee table, and microwave.",open the microwave,[HOLD],376,3
coffee_table/case282,1372,coffee_table/case282,3,open the microwave,0,"Organize a culinary scene by relocating items, including chocolate pudding, mugs, a frypan, and a wine bottle between a wooden cabinet, coffee table, and microwave.",open the microwave,[HOLD],377,3
coffee_table/case282,1373,coffee_table/case282,3,open the microwave,0,"Organize a culinary scene by relocating items, including chocolate pudding, mugs, a frypan, and a wine bottle between a wooden cabinet, coffee table, and microwave.",open the microwave,[HOLD],378,3
coffee_table/case282,1374,coffee_table/case282,3,open the microwave,0,"Organize a culinary scene by relocating items, including chocolate pudding, mugs, a frypan, and a wine bottle between a wooden cabinet, coffee table, and microwave.",open the microwave,[HOLD],379,3
coffee_table/case282,1375,coffee_table/case282,3,open the microwave,0,"Organize a culinary scene by relocating items, including chocolate pudding, mugs, a frypan, and a wine bottle between a wooden cabinet, coffee table, and microwave.",open the microwave,[HOLD],380,3
coffee_table/case282,1376,coffee_table/case282,3,open the microwave,0,"Organize a culinary scene by relocating items, including chocolate pudding, mugs, a frypan, and a wine bottle between a wooden cabinet, coffee table, and microwave.",open the microwave,[HOLD],381,3
coffee_table/case282,1377,coffee_table/case282,3,open the microwave,0,"Organize a culinary scene by relocating items, including chocolate pudding, mugs, a frypan, and a wine bottle between a wooden cabinet, coffee table, and microwave.",open the microwave,[HOLD],382,3
coffee_table/case282,1378,coffee_table/case282,3,open the microwave,0,"Organize a culinary scene by relocating items, including chocolate pudding, mugs, a frypan, and a wine bottle between a wooden cabinet, coffee table, and microwave.",open the microwave,[HOLD],383,3
coffee_table/case282,1379,coffee_table/case282,3,open the microwave,0,"Organize a culinary scene by relocating items, including chocolate pudding, mugs, a frypan, and a wine bottle between a wooden cabinet, coffee table, and microwave.",open the microwave,[HOLD],384,3
coffee_table/case282,1380,coffee_table/case282,3,open the microwave,0,"Organize a culinary scene by relocating items, including chocolate pudding, mugs, a frypan, and a wine bottle between a wooden cabinet, coffee table, and microwave.",open the microwave,[HOLD],385,3
coffee_table/case282,1381,coffee_table/case282,3,open the microwave,0,"Organize a culinary scene by relocating items, including chocolate pudding, mugs, a frypan, and a wine bottle between a wooden cabinet, coffee table, and microwave.",open the microwave,[HOLD],386,3
coffee_table/case282,1382,coffee_table/case282,3,open the microwave,0,"Organize a culinary scene by relocating items, including chocolate pudding, mugs, a frypan, and a wine bottle between a wooden cabinet, coffee table, and microwave.",open the microwave,[HOLD],387,3
coffee_table/case282,1383,coffee_table/case282,3,open the microwave,0,"Organize a culinary scene by relocating items, including chocolate pudding, mugs, a frypan, and a wine bottle between a wooden cabinet, coffee table, and microwave.",open the microwave,[HOLD],388,3
coffee_table/case282,1384,coffee_table/case282,3,open the microwave,0,"Organize a culinary scene by relocating items, including chocolate pudding, mugs, a frypan, and a wine bottle between a wooden cabinet, coffee table, and microwave.",open the microwave,[HOLD],389,3
coffee_table/case282,1385,coffee_table/case282,3,open the microwave,0,"Organize a culinary scene by relocating items, including chocolate pudding, mugs, a frypan, and a wine bottle between a wooden cabinet, coffee table, and microwave.",open the microwave,[HOLD],390,3
coffee_table/case282,1386,coffee_table/case282,3,open the microwave,0,"Organize a culinary scene by relocating items, including chocolate pudding, mugs, a frypan, and a wine bottle between a wooden cabinet, coffee table, and microwave.",open the microwave,[HOLD],391,3
coffee_table/case282,1387,coffee_table/case282,3,open the microwave,0,"Organize a culinary scene by relocating items, including chocolate pudding, mugs, a frypan, and a wine bottle between a wooden cabinet, coffee table, and microwave.",open the microwave,[HOLD],392,3
coffee_table/case282,1388,coffee_table/case282,3,open the microwave,0,"Organize a culinary scene by relocating items, including chocolate pudding, mugs, a frypan, and a wine bottle between a wooden cabinet, coffee table, and microwave.",open the microwave,[HOLD],393,3
coffee_table/case282,1389,coffee_table/case282,3,open the microwave,0,"Organize a culinary scene by relocating items, including chocolate pudding, mugs, a frypan, and a wine bottle between a wooden cabinet, coffee table, and microwave.",open the microwave,[HOLD],394,3
coffee_table/case282,1390,coffee_table/case282,3,open the microwave,0,"Organize a culinary scene by relocating items, including chocolate pudding, mugs, a frypan, and a wine bottle between a wooden cabinet, coffee table, and microwave.",open the microwave,[HOLD],395,3
coffee_table/case282,1391,coffee_table/case282,3,open the microwave,0,"Organize a culinary scene by relocating items, including chocolate pudding, mugs, a frypan, and a wine bottle between a wooden cabinet, coffee table, and microwave.",open the microwave,[HOLD],396,3
coffee_table/case282,1392,coffee_table/case282,3,open the microwave,0,"Organize a culinary scene by relocating items, including chocolate pudding, mugs, a frypan, and a wine bottle between a wooden cabinet, coffee table, and microwave.",open the microwave,[HOLD],397,3
coffee_table/case282,1393,coffee_table/case282,3,open the microwave,0,"Organize a culinary scene by relocating items, including chocolate pudding, mugs, a frypan, and a wine bottle between a wooden cabinet, coffee table, and microwave.",open the microwave,[HOLD],398,3
coffee_table/case282,1394,coffee_table/case282,3,open the microwave,0,"Organize a culinary scene by relocating items, including chocolate pudding, mugs, a frypan, and a wine bottle between a wooden cabinet, coffee table, and microwave.",open the microwave,[HOLD],399,3
coffee_table/case282,1395,coffee_table/case282,3,open the microwave,0,"Organize a culinary scene by relocating items, including chocolate pudding, mugs, a frypan, and a wine bottle between a wooden cabinet, coffee table, and microwave.",open the microwave,[HOLD],400,3
coffee_table/case282,1396,coffee_table/case282,3,open the microwave,0,"Organize a culinary scene by relocating items, including chocolate pudding, mugs, a frypan, and a wine bottle between a wooden cabinet, coffee table, and microwave.",open the microwave,[HOLD],401,3
coffee_table/case282,1397,coffee_table/case282,3,open the microwave,0,"Organize a culinary scene by relocating items, including chocolate pudding, mugs, a frypan, and a wine bottle between a wooden cabinet, coffee table, and microwave.",open the microwave,[HOLD],402,3
coffee_table/case282,1398,coffee_table/case282,3,open the microwave,0,"Organize a culinary scene by relocating items, including chocolate pudding, mugs, a frypan, and a wine bottle between a wooden cabinet, coffee table, and microwave.",open the microwave,[HOLD],403,3
coffee_table/case282,1399,coffee_table/case282,3,open the microwave,0,"Organize a culinary scene by relocating items, including chocolate pudding, mugs, a frypan, and a wine bottle between a wooden cabinet, coffee table, and microwave.",open the microwave,[HOLD],404,3
coffee_table/case282,1400,coffee_table/case282,3,open the microwave,0,"Organize a culinary scene by relocating items, including chocolate pudding, mugs, a frypan, and a wine bottle between a wooden cabinet, coffee table, and microwave.",open the microwave,[HOLD],405,3
coffee_table/case282,1401,coffee_table/case282,3,open the microwave,0,"Organize a culinary scene by relocating items, including chocolate pudding, mugs, a frypan, and a wine bottle between a wooden cabinet, coffee table, and microwave.",open the microwave,[HOLD],406,3
coffee_table/case282,1402,coffee_table/case282,3,open the microwave,0,"Organize a culinary scene by relocating items, including chocolate pudding, mugs, a frypan, and a wine bottle between a wooden cabinet, coffee table, and microwave.",open the microwave,[HOLD],407,3
coffee_table/case282,1403,coffee_table/case282,3,open the microwave,0,"Organize a culinary scene by relocating items, including chocolate pudding, mugs, a frypan, and a wine bottle between a wooden cabinet, coffee table, and microwave.",open the microwave,[HOLD],408,3
coffee_table/case282,1404,coffee_table/case282,3,open the microwave,0,"Organize a culinary scene by relocating items, including chocolate pudding, mugs, a frypan, and a wine bottle between a wooden cabinet, coffee table, and microwave.",open the microwave,[HOLD],409,3
coffee_table/case282,1405,coffee_table/case282,3,open the microwave,0,"Organize a culinary scene by relocating items, including chocolate pudding, mugs, a frypan, and a wine bottle between a wooden cabinet, coffee table, and microwave.",open the microwave,[HOLD],410,3
coffee_table/case282,1406,coffee_table/case282,3,open the microwave,0,"Organize a culinary scene by relocating items, including chocolate pudding, mugs, a frypan, and a wine bottle between a wooden cabinet, coffee table, and microwave.",open the microwave,[HOLD],411,3
coffee_table/case282,1407,coffee_table/case282,3,open the microwave,0,"Organize a culinary scene by relocating items, including chocolate pudding, mugs, a frypan, and a wine bottle between a wooden cabinet, coffee table, and microwave.",open the microwave,[HOLD],412,3
coffee_table/case282,1408,coffee_table/case282,3,open the microwave,0,"Organize a culinary scene by relocating items, including chocolate pudding, mugs, a frypan, and a wine bottle between a wooden cabinet, coffee table, and microwave.",open the microwave,[HOLD],413,3
coffee_table/case282,1409,coffee_table/case282,3,open the microwave,0,"Organize a culinary scene by relocating items, including chocolate pudding, mugs, a frypan, and a wine bottle between a wooden cabinet, coffee table, and microwave.",open the microwave,[HOLD],414,3
coffee_table/case282,1410,coffee_table/case282,3,open the microwave,0,"Organize a culinary scene by relocating items, including chocolate pudding, mugs, a frypan, and a wine bottle between a wooden cabinet, coffee table, and microwave.",open the microwave,[HOLD],415,3
coffee_table/case282,1411,coffee_table/case282,3,open the microwave,0,"Organize a culinary scene by relocating items, including chocolate pudding, mugs, a frypan, and a wine bottle between a wooden cabinet, coffee table, and microwave.",open the microwave,[HOLD],416,3
coffee_table/case282,1412,coffee_table/case282,3,open the microwave,0,"Organize a culinary scene by relocating items, including chocolate pudding, mugs, a frypan, and a wine bottle between a wooden cabinet, coffee table, and microwave.",open the microwave,[HOLD],417,3
coffee_table/case282,1413,coffee_table/case282,3,open the microwave,0,"Organize a culinary scene by relocating items, including chocolate pudding, mugs, a frypan, and a wine bottle between a wooden cabinet, coffee table, and microwave.",open the microwave,[HOLD],418,3
coffee_table/case282,1414,coffee_table/case282,3,open the microwave,0,"Organize a culinary scene by relocating items, including chocolate pudding, mugs, a frypan, and a wine bottle between a wooden cabinet, coffee table, and microwave.",open the microwave,[HOLD],419,3
coffee_table/case282,1415,coffee_table/case282,3,open the microwave,0,"Organize a culinary scene by relocating items, including chocolate pudding, mugs, a frypan, and a wine bottle between a wooden cabinet, coffee table, and microwave.",open the microwave,[HOLD],420,3
coffee_table/case282,1416,coffee_table/case282,3,open the microwave,0,"Organize a culinary scene by relocating items, including chocolate pudding, mugs, a frypan, and a wine bottle between a wooden cabinet, coffee table, and microwave.",open the microwave,[HOLD],421,3
coffee_table/case282,1417,coffee_table/case282,3,open the microwave,0,"Organize a culinary scene by relocating items, including chocolate pudding, mugs, a frypan, and a wine bottle between a wooden cabinet, coffee table, and microwave.",open the microwave,[HOLD],422,3
coffee_table/case282,1418,coffee_table/case282,3,open the microwave,0,"Organize a culinary scene by relocating items, including chocolate pudding, mugs, a frypan, and a wine bottle between a wooden cabinet, coffee table, and microwave.",open the microwave,[HOLD],423,3
coffee_table/case282,1419,coffee_table/case282,3,open the microwave,0,"Organize a culinary scene by relocating items, including chocolate pudding, mugs, a frypan, and a wine bottle between a wooden cabinet, coffee table, and microwave.",open the microwave,[HOLD],424,3
coffee_table/case282,1420,coffee_table/case282,3,open the microwave,0,"Organize a culinary scene by relocating items, including chocolate pudding, mugs, a frypan, and a wine bottle between a wooden cabinet, coffee table, and microwave.",open the microwave,[HOLD],425,3
coffee_table/case282,1421,coffee_table/case282,3,open the microwave,0,"Organize a culinary scene by relocating items, including chocolate pudding, mugs, a frypan, and a wine bottle between a wooden cabinet, coffee table, and microwave.",open the microwave,[HOLD],426,3
coffee_table/case282,1422,coffee_table/case282,3,open the microwave,0,"Organize a culinary scene by relocating items, including chocolate pudding, mugs, a frypan, and a wine bottle between a wooden cabinet, coffee table, and microwave.",open the microwave,[HOLD],427,3
coffee_table/case282,1423,coffee_table/case282,3,open the microwave,0,"Organize a culinary scene by relocating items, including chocolate pudding, mugs, a frypan, and a wine bottle between a wooden cabinet, coffee table, and microwave.",open the microwave,[HOLD],428,3
coffee_table/case282,1424,coffee_table/case282,3,open the microwave,0,"Organize a culinary scene by relocating items, including chocolate pudding, mugs, a frypan, and a wine bottle between a wooden cabinet, coffee table, and microwave.",open the microwave,[HOLD],429,3
coffee_table/case282,1425,coffee_table/case282,3,open the microwave,0,"Organize a culinary scene by relocating items, including chocolate pudding, mugs, a frypan, and a wine bottle between a wooden cabinet, coffee table, and microwave.",open the microwave,[HOLD],430,3
coffee_table/case282,1426,coffee_table/case282,3,open the microwave,0,"Organize a culinary scene by relocating items, including chocolate pudding, mugs, a frypan, and a wine bottle between a wooden cabinet, coffee table, and microwave.",open the microwave,[HOLD],431,3
coffee_table/case282,1427,coffee_table/case282,3,open the microwave,0,"Organize a culinary scene by relocating items, including chocolate pudding, mugs, a frypan, and a wine bottle between a wooden cabinet, coffee table, and microwave.",open the microwave,[HOLD],432,3
coffee_table/case282,1428,coffee_table/case282,3,open the microwave,0,"Organize a culinary scene by relocating items, including chocolate pudding, mugs, a frypan, and a wine bottle between a wooden cabinet, coffee table, and microwave.",open the microwave,[HOLD],433,3
coffee_table/case282,1429,coffee_table/case282,3,open the microwave,0,"Organize a culinary scene by relocating items, including chocolate pudding, mugs, a frypan, and a wine bottle between a wooden cabinet, coffee table, and microwave.",open the microwave,[HOLD],434,3
coffee_table/case282,1430,coffee_table/case282,3,open the microwave,0,"Organize a culinary scene by relocating items, including chocolate pudding, mugs, a frypan, and a wine bottle between a wooden cabinet, coffee table, and microwave.",open the microwave,[HOLD],435,3
coffee_table/case282,1431,coffee_table/case282,3,open the microwave,0,"Organize a culinary scene by relocating items, including chocolate pudding, mugs, a frypan, and a wine bottle between a wooden cabinet, coffee table, and microwave.",open the microwave,[HOLD],436,3
coffee_table/case282,1432,coffee_table/case282,3,open the microwave,0,"Organize a culinary scene by relocating items, including chocolate pudding, mugs, a frypan, and a wine bottle between a wooden cabinet, coffee table, and microwave.",open the microwave,[HOLD],437,3
coffee_table/case282,1433,coffee_table/case282,3,open the microwave,0,"Organize a culinary scene by relocating items, including chocolate pudding, mugs, a frypan, and a wine bottle between a wooden cabinet, coffee table, and microwave.",open the microwave,[HOLD],438,3
coffee_table/case282,1434,coffee_table/case282,3,open the microwave,0,"Organize a culinary scene by relocating items, including chocolate pudding, mugs, a frypan, and a wine bottle between a wooden cabinet, coffee table, and microwave.",open the microwave,[HOLD],439,3
coffee_table/case282,1435,coffee_table/case282,3,open the microwave,0,"Organize a culinary scene by relocating items, including chocolate pudding, mugs, a frypan, and a wine bottle between a wooden cabinet, coffee table, and microwave.",open the microwave,[HOLD],440,3
coffee_table/case282,1436,coffee_table/case282,3,open the microwave,0,"Organize a culinary scene by relocating items, including chocolate pudding, mugs, a frypan, and a wine bottle between a wooden cabinet, coffee table, and microwave.",open the microwave,[HOLD],441,3
coffee_table/case282,1437,coffee_table/case282,3,open the microwave,0,"Organize a culinary scene by relocating items, including chocolate pudding, mugs, a frypan, and a wine bottle between a wooden cabinet, coffee table, and microwave.",open the microwave,[HOLD],442,3
coffee_table/case282,1438,coffee_table/case282,3,open the microwave,0,"Organize a culinary scene by relocating items, including chocolate pudding, mugs, a frypan, and a wine bottle between a wooden cabinet, coffee table, and microwave.",open the microwave,[HOLD],443,3
coffee_table/case282,1439,coffee_table/case282,3,open the microwave,0,"Organize a culinary scene by relocating items, including chocolate pudding, mugs, a frypan, and a wine bottle between a wooden cabinet, coffee table, and microwave.",open the microwave,[HOLD],444,3
coffee_table/case282,1440,coffee_table/case282,3,open the microwave,0,"Organize a culinary scene by relocating items, including chocolate pudding, mugs, a frypan, and a wine bottle between a wooden cabinet, coffee table, and microwave.",open the microwave,[HOLD],445,3
coffee_table/case282,1441,coffee_table/case282,3,open the microwave,0,"Organize a culinary scene by relocating items, including chocolate pudding, mugs, a frypan, and a wine bottle between a wooden cabinet, coffee table, and microwave.",open the microwave,[HOLD],446,3
coffee_table/case282,1442,coffee_table/case282,3,open the microwave,0,"Organize a culinary scene by relocating items, including chocolate pudding, mugs, a frypan, and a wine bottle between a wooden cabinet, coffee table, and microwave.",open the microwave,[HOLD],447,3
coffee_table/case282,1443,coffee_table/case282,3,open the microwave,0,"Organize a culinary scene by relocating items, including chocolate pudding, mugs, a frypan, and a wine bottle between a wooden cabinet, coffee table, and microwave.",open the microwave,[HOLD],448,3
coffee_table/case282,1444,coffee_table/case282,3,open the microwave,0,"Organize a culinary scene by relocating items, including chocolate pudding, mugs, a frypan, and a wine bottle between a wooden cabinet, coffee table, and microwave.",open the microwave,[HOLD],449,3
coffee_table/case282,1445,coffee_table/case282,3,open the microwave,0,"Organize a culinary scene by relocating items, including chocolate pudding, mugs, a frypan, and a wine bottle between a wooden cabinet, coffee table, and microwave.",open the microwave,[HOLD],450,3
coffee_table/case282,1446,coffee_table/case282,3,open the microwave,0,"Organize a culinary scene by relocating items, including chocolate pudding, mugs, a frypan, and a wine bottle between a wooden cabinet, coffee table, and microwave.",open the microwave,[HOLD],451,3
coffee_table/case282,1447,coffee_table/case282,3,open the microwave,0,"Organize a culinary scene by relocating items, including chocolate pudding, mugs, a frypan, and a wine bottle between a wooden cabinet, coffee table, and microwave.",open the microwave,[HOLD],452,3
coffee_table/case282,1448,coffee_table/case282,3,open the microwave,0,"Organize a culinary scene by relocating items, including chocolate pudding, mugs, a frypan, and a wine bottle between a wooden cabinet, coffee table, and microwave.",open the microwave,[HOLD],453,3
coffee_table/case282,1449,coffee_table/case282,3,open the microwave,0,"Organize a culinary scene by relocating items, including chocolate pudding, mugs, a frypan, and a wine bottle between a wooden cabinet, coffee table, and microwave.",open the microwave,[HOLD],454,3
coffee_table/case282,1450,coffee_table/case282,3,open the microwave,0,"Organize a culinary scene by relocating items, including chocolate pudding, mugs, a frypan, and a wine bottle between a wooden cabinet, coffee table, and microwave.",open the microwave,[HOLD],455,3
coffee_table/case282,1451,coffee_table/case282,3,open the microwave,0,"Organize a culinary scene by relocating items, including chocolate pudding, mugs, a frypan, and a wine bottle between a wooden cabinet, coffee table, and microwave.",open the microwave,[HOLD],456,3
coffee_table/case282,1452,coffee_table/case282,3,open the microwave,0,"Organize a culinary scene by relocating items, including chocolate pudding, mugs, a frypan, and a wine bottle between a wooden cabinet, coffee table, and microwave.",open the microwave,[HOLD],457,3
coffee_table/case282,1453,coffee_table/case282,3,open the microwave,0,"Organize a culinary scene by relocating items, including chocolate pudding, mugs, a frypan, and a wine bottle between a wooden cabinet, coffee table, and microwave.",open the microwave,[HOLD],458,3
coffee_table/case282,1454,coffee_table/case282,3,open the microwave,0,"Organize a culinary scene by relocating items, including chocolate pudding, mugs, a frypan, and a wine bottle between a wooden cabinet, coffee table, and microwave.",open the microwave,[HOLD],459,3
coffee_table/case282,1455,coffee_table/case282,3,open the microwave,0,"Organize a culinary scene by relocating items, including chocolate pudding, mugs, a frypan, and a wine bottle between a wooden cabinet, coffee table, and microwave.",open the microwave,[HOLD],460,3
coffee_table/case282,1456,coffee_table/case282,3,open the microwave,0,"Organize a culinary scene by relocating items, including chocolate pudding, mugs, a frypan, and a wine bottle between a wooden cabinet, coffee table, and microwave.",open the microwave,[HOLD],461,3
coffee_table/case282,1457,coffee_table/case282,3,open the microwave,0,"Organize a culinary scene by relocating items, including chocolate pudding, mugs, a frypan, and a wine bottle between a wooden cabinet, coffee table, and microwave.",open the microwave,[HOLD],462,3
coffee_table/case282,1458,coffee_table/case282,3,open the microwave,0,"Organize a culinary scene by relocating items, including chocolate pudding, mugs, a frypan, and a wine bottle between a wooden cabinet, coffee table, and microwave.",open the microwave,[HOLD],463,3
coffee_table/case282,1459,coffee_table/case282,3,open the microwave,0,"Organize a culinary scene by relocating items, including chocolate pudding, mugs, a frypan, and a wine bottle between a wooden cabinet, coffee table, and microwave.",open the microwave,[HOLD],464,3
coffee_table/case282,1460,coffee_table/case282,3,open the microwave,0,"Organize a culinary scene by relocating items, including chocolate pudding, mugs, a frypan, and a wine bottle between a wooden cabinet, coffee table, and microwave.",open the microwave,[HOLD],465,3
coffee_table/case282,1461,coffee_table/case282,3,open the microwave,0,"Organize a culinary scene by relocating items, including chocolate pudding, mugs, a frypan, and a wine bottle between a wooden cabinet, coffee table, and microwave.",open the microwave,[HOLD],466,3
coffee_table/case282,1462,coffee_table/case282,3,open the microwave,0,"Organize a culinary scene by relocating items, including chocolate pudding, mugs, a frypan, and a wine bottle between a wooden cabinet, coffee table, and microwave.",open the microwave,[HOLD],467,3
coffee_table/case282,1463,coffee_table/case282,3,open the microwave,0,"Organize a culinary scene by relocating items, including chocolate pudding, mugs, a frypan, and a wine bottle between a wooden cabinet, coffee table, and microwave.",open the microwave,[HOLD],468,3
coffee_table/case282,1464,coffee_table/case282,3,open the microwave,0,"Organize a culinary scene by relocating items, including chocolate pudding, mugs, a frypan, and a wine bottle between a wooden cabinet, coffee table, and microwave.",open the microwave,[HOLD],469,3
coffee_table/case282,1465,coffee_table/case282,3,open the microwave,0,"Organize a culinary scene by relocating items, including chocolate pudding, mugs, a frypan, and a wine bottle between a wooden cabinet, coffee table, and microwave.",open the microwave,[HOLD],470,3
coffee_table/case282,1466,coffee_table/case282,3,open the microwave,0,"Organize a culinary scene by relocating items, including chocolate pudding, mugs, a frypan, and a wine bottle between a wooden cabinet, coffee table, and microwave.",open the microwave,[HOLD],471,3
coffee_table/case282,1467,coffee_table/case282,3,open the microwave,0,"Organize a culinary scene by relocating items, including chocolate pudding, mugs, a frypan, and a wine bottle between a wooden cabinet, coffee table, and microwave.",open the microwave,[HOLD],472,3
coffee_table/case282,1468,coffee_table/case282,3,open the microwave,0,"Organize a culinary scene by relocating items, including chocolate pudding, mugs, a frypan, and a wine bottle between a wooden cabinet, coffee table, and microwave.",open the microwave,[HOLD],473,3
coffee_table/case282,1469,coffee_table/case282,3,open the microwave,0,"Organize a culinary scene by relocating items, including chocolate pudding, mugs, a frypan, and a wine bottle between a wooden cabinet, coffee table, and microwave.",open the microwave,[HOLD],474,3
coffee_table/case282,1470,coffee_table/case282,3,open the microwave,0,"Organize a culinary scene by relocating items, including chocolate pudding, mugs, a frypan, and a wine bottle between a wooden cabinet, coffee table, and microwave.",open the microwave,[HOLD],475,3
coffee_table/case282,1471,coffee_table/case282,3,open the microwave,0,"Organize a culinary scene by relocating items, including chocolate pudding, mugs, a frypan, and a wine bottle between a wooden cabinet, coffee table, and microwave.",open the microwave,[HOLD],476,3
coffee_table/case282,1472,coffee_table/case282,3,open the microwave,0,"Organize a culinary scene by relocating items, including chocolate pudding, mugs, a frypan, and a wine bottle between a wooden cabinet, coffee table, and microwave.",open the microwave,[HOLD],477,3
coffee_table/case282,1473,coffee_table/case282,3,open the microwave,0,"Organize a culinary scene by relocating items, including chocolate pudding, mugs, a frypan, and a wine bottle between a wooden cabinet, coffee table, and microwave.",open the microwave,[HOLD],478,3
coffee_table/case282,1474,coffee_table/case282,3,open the microwave,0,"Organize a culinary scene by relocating items, including chocolate pudding, mugs, a frypan, and a wine bottle between a wooden cabinet, coffee table, and microwave.",open the microwave,[HOLD],479,3
coffee_table/case282,1475,coffee_table/case282,3,open the microwave,0,"Organize a culinary scene by relocating items, including chocolate pudding, mugs, a frypan, and a wine bottle between a wooden cabinet, coffee table, and microwave.",open the microwave,[HOLD],480,3
coffee_table/case282,1476,coffee_table/case282,3,open the microwave,0,"Organize a culinary scene by relocating items, including chocolate pudding, mugs, a frypan, and a wine bottle between a wooden cabinet, coffee table, and microwave.",open the microwave,[HOLD],481,3
coffee_table/case282,1477,coffee_table/case282,3,open the microwave,0,"Organize a culinary scene by relocating items, including chocolate pudding, mugs, a frypan, and a wine bottle between a wooden cabinet, coffee table, and microwave.",open the microwave,[HOLD],482,3
coffee_table/case282,1478,coffee_table/case282,3,open the microwave,0,"Organize a culinary scene by relocating items, including chocolate pudding, mugs, a frypan, and a wine bottle between a wooden cabinet, coffee table, and microwave.",open the microwave,[HOLD],483,3
coffee_table/case282,1479,coffee_table/case282,3,open the microwave,0,"Organize a culinary scene by relocating items, including chocolate pudding, mugs, a frypan, and a wine bottle between a wooden cabinet, coffee table, and microwave.",open the microwave,[HOLD],484,3
coffee_table/case282,1480,coffee_table/case282,3,open the microwave,0,"Organize a culinary scene by relocating items, including chocolate pudding, mugs, a frypan, and a wine bottle between a wooden cabinet, coffee table, and microwave.",open the microwave,[HOLD],485,3
coffee_table/case282,1481,coffee_table/case282,3,open the microwave,0,"Organize a culinary scene by relocating items, including chocolate pudding, mugs, a frypan, and a wine bottle between a wooden cabinet, coffee table, and microwave.",open the microwave,[HOLD],486,3
coffee_table/case282,1482,coffee_table/case282,3,open the microwave,0,"Organize a culinary scene by relocating items, including chocolate pudding, mugs, a frypan, and a wine bottle between a wooden cabinet, coffee table, and microwave.",open the microwave,[HOLD],487,3
coffee_table/case282,1483,coffee_table/case282,3,open the microwave,0,"Organize a culinary scene by relocating items, including chocolate pudding, mugs, a frypan, and a wine bottle between a wooden cabinet, coffee table, and microwave.",open the microwave,[HOLD],488,3
coffee_table/case282,1484,coffee_table/case282,3,open the microwave,0,"Organize a culinary scene by relocating items, including chocolate pudding, mugs, a frypan, and a wine bottle between a wooden cabinet, coffee table, and microwave.",open the microwave,[HOLD],489,3
coffee_table/case282,1485,coffee_table/case282,3,open the microwave,0,"Organize a culinary scene by relocating items, including chocolate pudding, mugs, a frypan, and a wine bottle between a wooden cabinet, coffee table, and microwave.",open the microwave,[HOLD],490,3
coffee_table/case282,1486,coffee_table/case282,3,open the microwave,0,"Organize a culinary scene by relocating items, including chocolate pudding, mugs, a frypan, and a wine bottle between a wooden cabinet, coffee table, and microwave.",open the microwave,[HOLD],491,3
coffee_table/case282,1487,coffee_table/case282,3,open the microwave,0,"Organize a culinary scene by relocating items, including chocolate pudding, mugs, a frypan, and a wine bottle between a wooden cabinet, coffee table, and microwave.",open the microwave,[HOLD],492,3
coffee_table/case282,1488,coffee_table/case282,3,open the microwave,0,"Organize a culinary scene by relocating items, including chocolate pudding, mugs, a frypan, and a wine bottle between a wooden cabinet, coffee table, and microwave.",open the microwave,[HOLD],493,3
coffee_table/case282,1489,coffee_table/case282,3,open the microwave,0,"Organize a culinary scene by relocating items, including chocolate pudding, mugs, a frypan, and a wine bottle between a wooden cabinet, coffee table, and microwave.",open the microwave,[HOLD],494,3
coffee_table/case282,1490,coffee_table/case282,3,open the microwave,0,"Organize a culinary scene by relocating items, including chocolate pudding, mugs, a frypan, and a wine bottle between a wooden cabinet, coffee table, and microwave.",open the microwave,[HOLD],495,3
coffee_table/case282,1491,coffee_table/case282,3,open the microwave,0,"Organize a culinary scene by relocating items, including chocolate pudding, mugs, a frypan, and a wine bottle between a wooden cabinet, coffee table, and microwave.",open the microwave,[HOLD],496,3
coffee_table/case282,1492,coffee_table/case282,3,open the microwave,0,"Organize a culinary scene by relocating items, including chocolate pudding, mugs, a frypan, and a wine bottle between a wooden cabinet, coffee table, and microwave.",open the microwave,[HOLD],497,3
coffee_table/case282,1493,coffee_table/case282,3,open the microwave,0,"Organize a culinary scene by relocating items, including chocolate pudding, mugs, a frypan, and a wine bottle between a wooden cabinet, coffee table, and microwave.",open the microwave,[HOLD],498,3
coffee_table/case282,1494,coffee_table/case282,3,open the microwave,0,"Organize a culinary scene by relocating items, including chocolate pudding, mugs, a frypan, and a wine bottle between a wooden cabinet, coffee table, and microwave.",open the microwave,[HOLD],499,3
coffee_table/case282,1495,coffee_table/case282,3,open the microwave,0,"Organize a culinary scene by relocating items, including chocolate pudding, mugs, a frypan, and a wine bottle between a wooden cabinet, coffee table, and microwave.",open the microwave,[HOLD],500,3
coffee_table/case282,1496,coffee_table/case282,3,open the microwave,0,"Organize a culinary scene by relocating items, including chocolate pudding, mugs, a frypan, and a wine bottle between a wooden cabinet, coffee table, and microwave.",open the microwave,[HOLD],501,3
coffee_table/case282,1497,coffee_table/case282,3,open the microwave,0,"Organize a culinary scene by relocating items, including chocolate pudding, mugs, a frypan, and a wine bottle between a wooden cabinet, coffee table, and microwave.",open the microwave,[HOLD],502,3
coffee_table/case282,1498,coffee_table/case282,3,open the microwave,0,"Organize a culinary scene by relocating items, including chocolate pudding, mugs, a frypan, and a wine bottle between a wooden cabinet, coffee table, and microwave.",open the microwave,[HOLD],503,3
coffee_table/case282,1499,coffee_table/case282,3,open the microwave,0,"Organize a culinary scene by relocating items, including chocolate pudding, mugs, a frypan, and a wine bottle between a wooden cabinet, coffee table, and microwave.",open the microwave,[HOLD],504,3
coffee_table/case282,1500,coffee_table/case282,3,open the microwave,0,"Organize a culinary scene by relocating items, including chocolate pudding, mugs, a frypan, and a wine bottle between a wooden cabinet, coffee table, and microwave.",open the microwave,[HOLD],505,3
coffee_table/case282,1501,coffee_table/case282,3,open the microwave,0,"Organize a culinary scene by relocating items, including chocolate pudding, mugs, a frypan, and a wine bottle between a wooden cabinet, coffee table, and microwave.",open the microwave,[HOLD],506,3
coffee_table/case282,1502,coffee_table/case282,3,open the microwave,0,"Organize a culinary scene by relocating items, including chocolate pudding, mugs, a frypan, and a wine bottle between a wooden cabinet, coffee table, and microwave.",open the microwave,[HOLD],507,3
coffee_table/case282,1503,coffee_table/case282,3,open the microwave,0,"Organize a culinary scene by relocating items, including chocolate pudding, mugs, a frypan, and a wine bottle between a wooden cabinet, coffee table, and microwave.",open the microwave,[HOLD],508,3
coffee_table/case282,1504,coffee_table/case282,3,open the microwave,0,"Organize a culinary scene by relocating items, including chocolate pudding, mugs, a frypan, and a wine bottle between a wooden cabinet, coffee table, and microwave.",open the microwave,[HOLD],509,3
coffee_table/case282,1505,coffee_table/case282,3,open the microwave,0,"Organize a culinary scene by relocating items, including chocolate pudding, mugs, a frypan, and a wine bottle between a wooden cabinet, coffee table, and microwave.",open the microwave,[HOLD],510,3
coffee_table/case282,1506,coffee_table/case282,3,open the microwave,0,"Organize a culinary scene by relocating items, including chocolate pudding, mugs, a frypan, and a wine bottle between a wooden cabinet, coffee table, and microwave.",open the microwave,[HOLD],511,3
coffee_table/case282,1507,coffee_table/case282,3,open the microwave,0,"Organize a culinary scene by relocating items, including chocolate pudding, mugs, a frypan, and a wine bottle between a wooden cabinet, coffee table, and microwave.",open the microwave,[HOLD],512,3
coffee_table/case282,1508,coffee_table/case282,3,open the microwave,0,"Organize a culinary scene by relocating items, including chocolate pudding, mugs, a frypan, and a wine bottle between a wooden cabinet, coffee table, and microwave.",open the microwave,[HOLD],513,3
coffee_table/case282,1509,coffee_table/case282,3,open the microwave,0,"Organize a culinary scene by relocating items, including chocolate pudding, mugs, a frypan, and a wine bottle between a wooden cabinet, coffee table, and microwave.",open the microwave,[HOLD],514,3
coffee_table/case282,1510,coffee_table/case282,3,open the microwave,0,"Organize a culinary scene by relocating items, including chocolate pudding, mugs, a frypan, and a wine bottle between a wooden cabinet, coffee table, and microwave.",open the microwave,[HOLD],515,3
coffee_table/case282,1511,coffee_table/case282,3,open the microwave,0,"Organize a culinary scene by relocating items, including chocolate pudding, mugs, a frypan, and a wine bottle between a wooden cabinet, coffee table, and microwave.",open the microwave,[HOLD],516,3
coffee_table/case282,1512,coffee_table/case282,3,open the microwave,0,"Organize a culinary scene by relocating items, including chocolate pudding, mugs, a frypan, and a wine bottle between a wooden cabinet, coffee table, and microwave.",open the microwave,[HOLD],517,3
coffee_table/case282,1513,coffee_table/case282,3,open the microwave,0,"Organize a culinary scene by relocating items, including chocolate pudding, mugs, a frypan, and a wine bottle between a wooden cabinet, coffee table, and microwave.",open the microwave,[HOLD],518,3
coffee_table/case282,1514,coffee_table/case282,3,open the microwave,0,"Organize a culinary scene by relocating items, including chocolate pudding, mugs, a frypan, and a wine bottle between a wooden cabinet, coffee table, and microwave.",open the microwave,[HOLD],519,3
coffee_table/case282,1515,coffee_table/case282,3,open the microwave,0,"Organize a culinary scene by relocating items, including chocolate pudding, mugs, a frypan, and a wine bottle between a wooden cabinet, coffee table, and microwave.",open the microwave,[HOLD],520,3
coffee_table/case282,1516,coffee_table/case282,3,open the microwave,0,"Organize a culinary scene by relocating items, including chocolate pudding, mugs, a frypan, and a wine bottle between a wooden cabinet, coffee table, and microwave.",open the microwave,[HOLD],521,3
coffee_table/case282,1517,coffee_table/case282,3,open the microwave,0,"Organize a culinary scene by relocating items, including chocolate pudding, mugs, a frypan, and a wine bottle between a wooden cabinet, coffee table, and microwave.",open the microwave,[HOLD],522,3
coffee_table/case282,1518,coffee_table/case282,3,open the microwave,0,"Organize a culinary scene by relocating items, including chocolate pudding, mugs, a frypan, and a wine bottle between a wooden cabinet, coffee table, and microwave.",open the microwave,[HOLD],523,3
coffee_table/case282,1519,coffee_table/case282,3,open the microwave,0,"Organize a culinary scene by relocating items, including chocolate pudding, mugs, a frypan, and a wine bottle between a wooden cabinet, coffee table, and microwave.",open the microwave,[HOLD],524,3
coffee_table/case282,1520,coffee_table/case282,3,open the microwave,0,"Organize a culinary scene by relocating items, including chocolate pudding, mugs, a frypan, and a wine bottle between a wooden cabinet, coffee table, and microwave.",open the microwave,[HOLD],525,3
coffee_table/case282,1521,coffee_table/case282,3,open the microwave,0,"Organize a culinary scene by relocating items, including chocolate pudding, mugs, a frypan, and a wine bottle between a wooden cabinet, coffee table, and microwave.",open the microwave,[HOLD],526,3
coffee_table/case282,1522,coffee_table/case282,3,open the microwave,0,"Organize a culinary scene by relocating items, including chocolate pudding, mugs, a frypan, and a wine bottle between a wooden cabinet, coffee table, and microwave.",open the microwave,[HOLD],527,3
coffee_table/case282,1523,coffee_table/case282,3,open the microwave,0,"Organize a culinary scene by relocating items, including chocolate pudding, mugs, a frypan, and a wine bottle between a wooden cabinet, coffee table, and microwave.",open the microwave,[HOLD],528,3
coffee_table/case282,1524,coffee_table/case282,3,open the microwave,0,"Organize a culinary scene by relocating items, including chocolate pudding, mugs, a frypan, and a wine bottle between a wooden cabinet, coffee table, and microwave.",open the microwave,[HOLD],529,3
coffee_table/case282,1525,coffee_table/case282,3,open the microwave,0,"Organize a culinary scene by relocating items, including chocolate pudding, mugs, a frypan, and a wine bottle between a wooden cabinet, coffee table, and microwave.",open the microwave,[HOLD],530,3
coffee_table/case282,1526,coffee_table/case282,3,open the microwave,0,"Organize a culinary scene by relocating items, including chocolate pudding, mugs, a frypan, and a wine bottle between a wooden cabinet, coffee table, and microwave.",open the microwave,[HOLD],531,3
coffee_table/case282,1527,coffee_table/case282,3,open the microwave,0,"Organize a culinary scene by relocating items, including chocolate pudding, mugs, a frypan, and a wine bottle between a wooden cabinet, coffee table, and microwave.",open the microwave,[HOLD],532,3
coffee_table/case282,1528,coffee_table/case282,3,open the microwave,0,"Organize a culinary scene by relocating items, including chocolate pudding, mugs, a frypan, and a wine bottle between a wooden cabinet, coffee table, and microwave.",open the microwave,[HOLD],533,3
coffee_table/case282,1529,coffee_table/case282,3,open the microwave,0,"Organize a culinary scene by relocating items, including chocolate pudding, mugs, a frypan, and a wine bottle between a wooden cabinet, coffee table, and microwave.",open the microwave,[HOLD],534,3
coffee_table/case282,1530,coffee_table/case282,3,open the microwave,0,"Organize a culinary scene by relocating items, including chocolate pudding, mugs, a frypan, and a wine bottle between a wooden cabinet, coffee table, and microwave.",open the microwave,[HOLD],535,3
coffee_table/case282,1531,coffee_table/case282,3,open the microwave,0,"Organize a culinary scene by relocating items, including chocolate pudding, mugs, a frypan, and a wine bottle between a wooden cabinet, coffee table, and microwave.",open the microwave,[HOLD],536,3
coffee_table/case282,1532,coffee_table/case282,3,open the microwave,0,"Organize a culinary scene by relocating items, including chocolate pudding, mugs, a frypan, and a wine bottle between a wooden cabinet, coffee table, and microwave.",open the microwave,[HOLD],537,3
coffee_table/case282,1533,coffee_table/case282,3,open the microwave,0,"Organize a culinary scene by relocating items, including chocolate pudding, mugs, a frypan, and a wine bottle between a wooden cabinet, coffee table, and microwave.",open the microwave,[HOLD],538,3
coffee_table/case282,1534,coffee_table/case282,3,open the microwave,0,"Organize a culinary scene by relocating items, including chocolate pudding, mugs, a frypan, and a wine bottle between a wooden cabinet, coffee table, and microwave.",open the microwave,[HOLD],539,3
coffee_table/case282,1535,coffee_table/case282,3,open the microwave,0,"Organize a culinary scene by relocating items, including chocolate pudding, mugs, a frypan, and a wine bottle between a wooden cabinet, coffee table, and microwave.",open the microwave,[HOLD],540,3
coffee_table/case282,1536,coffee_table/case282,3,open the microwave,0,"Organize a culinary scene by relocating items, including chocolate pudding, mugs, a frypan, and a wine bottle between a wooden cabinet, coffee table, and microwave.",open the microwave,[HOLD],541,3
coffee_table/case282,1537,coffee_table/case282,3,open the microwave,0,"Organize a culinary scene by relocating items, including chocolate pudding, mugs, a frypan, and a wine bottle between a wooden cabinet, coffee table, and microwave.",open the microwave,[HOLD],542,3
coffee_table/case282,1538,coffee_table/case282,3,open the microwave,0,"Organize a culinary scene by relocating items, including chocolate pudding, mugs, a frypan, and a wine bottle between a wooden cabinet, coffee table, and microwave.",open the microwave,[HOLD],543,3
coffee_table/case282,1539,coffee_table/case282,3,open the microwave,0,"Organize a culinary scene by relocating items, including chocolate pudding, mugs, a frypan, and a wine bottle between a wooden cabinet, coffee table, and microwave.",open the microwave,[HOLD],544,3
coffee_table/case282,1540,coffee_table/case282,3,open the microwave,0,"Organize a culinary scene by relocating items, including chocolate pudding, mugs, a frypan, and a wine bottle between a wooden cabinet, coffee table, and microwave.",open the microwave,[HOLD],545,3
coffee_table/case282,1541,coffee_table/case282,3,open the microwave,0,"Organize a culinary scene by relocating items, including chocolate pudding, mugs, a frypan, and a wine bottle between a wooden cabinet, coffee table, and microwave.",open the microwave,[HOLD],546,3
coffee_table/case282,1542,coffee_table/case282,3,open the microwave,0,"Organize a culinary scene by relocating items, including chocolate pudding, mugs, a frypan, and a wine bottle between a wooden cabinet, coffee table, and microwave.",open the microwave,[HOLD],547,3
coffee_table/case282,1543,coffee_table/case282,3,open the microwave,0,"Organize a culinary scene by relocating items, including chocolate pudding, mugs, a frypan, and a wine bottle between a wooden cabinet, coffee table, and microwave.",open the microwave,[HOLD],548,3
coffee_table/case282,1544,coffee_table/case282,3,open the microwave,0,"Organize a culinary scene by relocating items, including chocolate pudding, mugs, a frypan, and a wine bottle between a wooden cabinet, coffee table, and microwave.",open the microwave,[HOLD],549,3
coffee_table/case282,1545,coffee_table/case282,3,open the microwave,0,"Organize a culinary scene by relocating items, including chocolate pudding, mugs, a frypan, and a wine bottle between a wooden cabinet, coffee table, and microwave.",open the microwave,[HOLD],550,3
coffee_table/case282,1546,coffee_table/case282,3,open the microwave,0,"Organize a culinary scene by relocating items, including chocolate pudding, mugs, a frypan, and a wine bottle between a wooden cabinet, coffee table, and microwave.",open the microwave,[HOLD],551,3
coffee_table/case282,1547,coffee_table/case282,3,open the microwave,0,"Organize a culinary scene by relocating items, including chocolate pudding, mugs, a frypan, and a wine bottle between a wooden cabinet, coffee table, and microwave.",open the microwave,[HOLD],552,3
coffee_table/case282,1548,coffee_table/case282,3,open the microwave,0,"Organize a culinary scene by relocating items, including chocolate pudding, mugs, a frypan, and a wine bottle between a wooden cabinet, coffee table, and microwave.",open the microwave,[HOLD],553,3
coffee_table/case282,1549,coffee_table/case282,3,open the microwave,0,"Organize a culinary scene by relocating items, including chocolate pudding, mugs, a frypan, and a wine bottle between a wooden cabinet, coffee table, and microwave.",open the microwave,[HOLD],554,3
coffee_table/case282,1550,coffee_table/case282,3,open the microwave,0,"Organize a culinary scene by relocating items, including chocolate pudding, mugs, a frypan, and a wine bottle between a wooden cabinet, coffee table, and microwave.",open the microwave,[HOLD],555,3
coffee_table/case282,1551,coffee_table/case282,3,open the microwave,0,"Organize a culinary scene by relocating items, including chocolate pudding, mugs, a frypan, and a wine bottle between a wooden cabinet, coffee table, and microwave.",open the microwave,[HOLD],556,3
coffee_table/case282,1552,coffee_table/case282,3,open the microwave,0,"Organize a culinary scene by relocating items, including chocolate pudding, mugs, a frypan, and a wine bottle between a wooden cabinet, coffee table, and microwave.",open the microwave,[HOLD],557,3
coffee_table/case282,1553,coffee_table/case282,3,open the microwave,0,"Organize a culinary scene by relocating items, including chocolate pudding, mugs, a frypan, and a wine bottle between a wooden cabinet, coffee table, and microwave.",open the microwave,[HOLD],558,3
coffee_table/case282,1554,coffee_table/case282,3,open the microwave,0,"Organize a culinary scene by relocating items, including chocolate pudding, mugs, a frypan, and a wine bottle between a wooden cabinet, coffee table, and microwave.",open the microwave,[HOLD],559,3
coffee_table/case282,1555,coffee_table/case282,3,open the microwave,0,"Organize a culinary scene by relocating items, including chocolate pudding, mugs, a frypan, and a wine bottle between a wooden cabinet, coffee table, and microwave.",open the microwave,[HOLD],560,3
coffee_table/case282,1556,coffee_table/case282,3,open the microwave,0,"Organize a culinary scene by relocating items, including chocolate pudding, mugs, a frypan, and a wine bottle between a wooden cabinet, coffee table, and microwave.",open the microwave,[HOLD],561,3
coffee_table/case282,1557,coffee_table/case282,3,open the microwave,0,"Organize a culinary scene by relocating items, including chocolate pudding, mugs, a frypan, and a wine bottle between a wooden cabinet, coffee table, and microwave.",open the microwave,[HOLD],562,3
coffee_table/case282,1558,coffee_table/case282,3,open the microwave,0,"Organize a culinary scene by relocating items, including chocolate pudding, mugs, a frypan, and a wine bottle between a wooden cabinet, coffee table, and microwave.",open the microwave,[HOLD],563,3
coffee_table/case282,1559,coffee_table/case282,3,open the microwave,0,"Organize a culinary scene by relocating items, including chocolate pudding, mugs, a frypan, and a wine bottle between a wooden cabinet, coffee table, and microwave.",open the microwave,[HOLD],564,3
coffee_table/case282,1560,coffee_table/case282,3,open the microwave,0,"Organize a culinary scene by relocating items, including chocolate pudding, mugs, a frypan, and a wine bottle between a wooden cabinet, coffee table, and microwave.",open the microwave,[HOLD],565,3
coffee_table/case282,1561,coffee_table/case282,3,open the microwave,0,"Organize a culinary scene by relocating items, including chocolate pudding, mugs, a frypan, and a wine bottle between a wooden cabinet, coffee table, and microwave.",open the microwave,[HOLD],566,3
coffee_table/case282,1562,coffee_table/case282,3,open the microwave,0,"Organize a culinary scene by relocating items, including chocolate pudding, mugs, a frypan, and a wine bottle between a wooden cabinet, coffee table, and microwave.",open the microwave,[HOLD],567,3
coffee_table/case282,1563,coffee_table/case282,3,open the microwave,0,"Organize a culinary scene by relocating items, including chocolate pudding, mugs, a frypan, and a wine bottle between a wooden cabinet, coffee table, and microwave.",open the microwave,[HOLD],568,3
coffee_table/case282,1564,coffee_table/case282,3,open the microwave,0,"Organize a culinary scene by relocating items, including chocolate pudding, mugs, a frypan, and a wine bottle between a wooden cabinet, coffee table, and microwave.",open the microwave,[HOLD],569,3
coffee_table/case282,1565,coffee_table/case282,3,open the microwave,0,"Organize a culinary scene by relocating items, including chocolate pudding, mugs, a frypan, and a wine bottle between a wooden cabinet, coffee table, and microwave.",open the microwave,[HOLD],570,3
coffee_table/case282,1566,coffee_table/case282,3,open the microwave,0,"Organize a culinary scene by relocating items, including chocolate pudding, mugs, a frypan, and a wine bottle between a wooden cabinet, coffee table, and microwave.",open the microwave,[HOLD],571,3
coffee_table/case282,1567,coffee_table/case282,3,open the microwave,0,"Organize a culinary scene by relocating items, including chocolate pudding, mugs, a frypan, and a wine bottle between a wooden cabinet, coffee table, and microwave.",open the microwave,[HOLD],572,3
coffee_table/case282,1568,coffee_table/case282,3,open the microwave,0,"Organize a culinary scene by relocating items, including chocolate pudding, mugs, a frypan, and a wine bottle between a wooden cabinet, coffee table, and microwave.",open the microwave,[HOLD],573,3
coffee_table/case282,1569,coffee_table/case282,3,open the microwave,0,"Organize a culinary scene by relocating items, including chocolate pudding, mugs, a frypan, and a wine bottle between a wooden cabinet, coffee table, and microwave.",open the microwave,[HOLD],574,3
coffee_table/case282,1570,coffee_table/case282,3,open the microwave,0,"Organize a culinary scene by relocating items, including chocolate pudding, mugs, a frypan, and a wine bottle between a wooden cabinet, coffee table, and microwave.",open the microwave,[HOLD],575,3
coffee_table/case282,1571,coffee_table/case282,3,open the microwave,0,"Organize a culinary scene by relocating items, including chocolate pudding, mugs, a frypan, and a wine bottle between a wooden cabinet, coffee table, and microwave.",open the microwave,[HOLD],576,3
coffee_table/case282,1572,coffee_table/case282,3,open the microwave,0,"Organize a culinary scene by relocating items, including chocolate pudding, mugs, a frypan, and a wine bottle between a wooden cabinet, coffee table, and microwave.",open the microwave,[HOLD],577,3
coffee_table/case282,1573,coffee_table/case282,3,open the microwave,0,"Organize a culinary scene by relocating items, including chocolate pudding, mugs, a frypan, and a wine bottle between a wooden cabinet, coffee table, and microwave.",open the microwave,[HOLD],578,3
coffee_table/case282,1574,coffee_table/case282,3,open the microwave,0,"Organize a culinary scene by relocating items, including chocolate pudding, mugs, a frypan, and a wine bottle between a wooden cabinet, coffee table, and microwave.",open the microwave,[HOLD],579,3
coffee_table/case282,1575,coffee_table/case282,3,open the microwave,0,"Organize a culinary scene by relocating items, including chocolate pudding, mugs, a frypan, and a wine bottle between a wooden cabinet, coffee table, and microwave.",open the microwave,[HOLD],580,3
coffee_table/case282,1576,coffee_table/case282,3,open the microwave,0,"Organize a culinary scene by relocating items, including chocolate pudding, mugs, a frypan, and a wine bottle between a wooden cabinet, coffee table, and microwave.",open the microwave,[HOLD],581,3
coffee_table/case282,1577,coffee_table/case282,3,open the microwave,0,"Organize a culinary scene by relocating items, including chocolate pudding, mugs, a frypan, and a wine bottle between a wooden cabinet, coffee table, and microwave.",open the microwave,[HOLD],582,3
coffee_table/case282,1578,coffee_table/case282,3,open the microwave,0,"Organize a culinary scene by relocating items, including chocolate pudding, mugs, a frypan, and a wine bottle between a wooden cabinet, coffee table, and microwave.",open the microwave,[HOLD],583,3
coffee_table/case282,1579,coffee_table/case282,3,open the microwave,0,"Organize a culinary scene by relocating items, including chocolate pudding, mugs, a frypan, and a wine bottle between a wooden cabinet, coffee table, and microwave.",open the microwave,[HOLD],584,3
coffee_table/case282,1580,coffee_table/case282,3,open the microwave,0,"Organize a culinary scene by relocating items, including chocolate pudding, mugs, a frypan, and a wine bottle between a wooden cabinet, coffee table, and microwave.",open the microwave,[HOLD],585,3
coffee_table/case282,1581,coffee_table/case282,3,open the microwave,0,"Organize a culinary scene by relocating items, including chocolate pudding, mugs, a frypan, and a wine bottle between a wooden cabinet, coffee table, and microwave.",open the microwave,[HOLD],586,3
coffee_table/case282,1582,coffee_table/case282,3,open the microwave,0,"Organize a culinary scene by relocating items, including chocolate pudding, mugs, a frypan, and a wine bottle between a wooden cabinet, coffee table, and microwave.",open the microwave,[HOLD],587,3
coffee_table/case282,1583,coffee_table/case282,3,open the microwave,0,"Organize a culinary scene by relocating items, including chocolate pudding, mugs, a frypan, and a wine bottle between a wooden cabinet, coffee table, and microwave.",open the microwave,[HOLD],588,3
coffee_table/case282,1584,coffee_table/case282,3,open the microwave,0,"Organize a culinary scene by relocating items, including chocolate pudding, mugs, a frypan, and a wine bottle between a wooden cabinet, coffee table, and microwave.",open the microwave,[HOLD],589,3
coffee_table/case282,1585,coffee_table/case282,3,open the microwave,0,"Organize a culinary scene by relocating items, including chocolate pudding, mugs, a frypan, and a wine bottle between a wooden cabinet, coffee table, and microwave.",open the microwave,[HOLD],590,3
coffee_table/case282,1586,coffee_table/case282,3,open the microwave,0,"Organize a culinary scene by relocating items, including chocolate pudding, mugs, a frypan, and a wine bottle between a wooden cabinet, coffee table, and microwave.",open the microwave,[HOLD],591,3
coffee_table/case282,1587,coffee_table/case282,3,open the microwave,0,"Organize a culinary scene by relocating items, including chocolate pudding, mugs, a frypan, and a wine bottle between a wooden cabinet, coffee table, and microwave.",open the microwave,[HOLD],592,3
coffee_table/case282,1588,coffee_table/case282,3,open the microwave,0,"Organize a culinary scene by relocating items, including chocolate pudding, mugs, a frypan, and a wine bottle between a wooden cabinet, coffee table, and microwave.",open the microwave,[HOLD],593,3
coffee_table/case282,1589,coffee_table/case282,3,open the microwave,0,"Organize a culinary scene by relocating items, including chocolate pudding, mugs, a frypan, and a wine bottle between a wooden cabinet, coffee table, and microwave.",open the microwave,[HOLD],594,3
coffee_table/case282,1590,coffee_table/case282,3,open the microwave,0,"Organize a culinary scene by relocating items, including chocolate pudding, mugs, a frypan, and a wine bottle between a wooden cabinet, coffee table, and microwave.",open the microwave,[HOLD],595,3
coffee_table/case282,1591,coffee_table/case282,3,open the microwave,0,"Organize a culinary scene by relocating items, including chocolate pudding, mugs, a frypan, and a wine bottle between a wooden cabinet, coffee table, and microwave.",open the microwave,[HOLD],596,3
coffee_table/case282,1592,coffee_table/case282,3,open the microwave,0,"Organize a culinary scene by relocating items, including chocolate pudding, mugs, a frypan, and a wine bottle between a wooden cabinet, coffee table, and microwave.",open the microwave,[HOLD],597,3
coffee_table/case282,1593,coffee_table/case282,3,open the microwave,0,"Organize a culinary scene by relocating items, including chocolate pudding, mugs, a frypan, and a wine bottle between a wooden cabinet, coffee table, and microwave.",open the microwave,[HOLD],598,3
coffee_table/case282,1594,coffee_table/case282,3,open the microwave,0,"Organize a culinary scene by relocating items, including chocolate pudding, mugs, a frypan, and a wine bottle between a wooden cabinet, coffee table, and microwave.",open the microwave,[HOLD],599,3
coffee_table/case282,1595,coffee_table/case282,3,open the microwave,0,"Organize a culinary scene by relocating items, including chocolate pudding, mugs, a frypan, and a wine bottle between a wooden cabinet, coffee table, and microwave.",open the microwave,[HOLD],600,3
coffee_table/case282,1596,coffee_table/case282,3,open the microwave,0,"Organize a culinary scene by relocating items, including chocolate pudding, mugs, a frypan, and a wine bottle between a wooden cabinet, coffee table, and microwave.",open the microwave,[HOLD],601,3
coffee_table/case282,1597,coffee_table/case282,3,open the microwave,0,"Organize a culinary scene by relocating items, including chocolate pudding, mugs, a frypan, and a wine bottle between a wooden cabinet, coffee table, and microwave.",open the microwave,[HOLD],602,3
coffee_table/case282,1598,coffee_table/case282,3,open the microwave,0,"Organize a culinary scene by relocating items, including chocolate pudding, mugs, a frypan, and a wine bottle between a wooden cabinet, coffee table, and microwave.",open the microwave,[HOLD],603,3
coffee_table/case282,1599,coffee_table/case282,3,open the microwave,0,"Organize a culinary scene by relocating items, including chocolate pudding, mugs, a frypan, and a wine bottle between a wooden cabinet, coffee table, and microwave.",open the microwave,[HOLD],604,3
coffee_table/case282,1600,coffee_table/case282,3,open the microwave,0,"Organize a culinary scene by relocating items, including chocolate pudding, mugs, a frypan, and a wine bottle between a wooden cabinet, coffee table, and microwave.",open the microwave,[HOLD],605,3
coffee_table/case282,1601,coffee_table/case282,3,open the microwave,0,"Organize a culinary scene by relocating items, including chocolate pudding, mugs, a frypan, and a wine bottle between a wooden cabinet, coffee table, and microwave.",open the microwave,[HOLD],606,3
coffee_table/case282,1602,coffee_table/case282,3,open the microwave,0,"Organize a culinary scene by relocating items, including chocolate pudding, mugs, a frypan, and a wine bottle between a wooden cabinet, coffee table, and microwave.",open the microwave,[HOLD],607,3
coffee_table/case282,1603,coffee_table/case282,3,open the microwave,0,"Organize a culinary scene by relocating items, including chocolate pudding, mugs, a frypan, and a wine bottle between a wooden cabinet, coffee table, and microwave.",open the microwave,[HOLD],608,3
coffee_table/case282,1604,coffee_table/case282,3,open the microwave,0,"Organize a culinary scene by relocating items, including chocolate pudding, mugs, a frypan, and a wine bottle between a wooden cabinet, coffee table, and microwave.",open the microwave,[HOLD],609,3
coffee_table/case282,1605,coffee_table/case282,3,open the microwave,0,"Organize a culinary scene by relocating items, including chocolate pudding, mugs, a frypan, and a wine bottle between a wooden cabinet, coffee table, and microwave.",open the microwave,[HOLD],610,3
coffee_table/case282,1606,coffee_table/case282,3,open the microwave,0,"Organize a culinary scene by relocating items, including chocolate pudding, mugs, a frypan, and a wine bottle between a wooden cabinet, coffee table, and microwave.",open the microwave,[HOLD],611,3
coffee_table/case282,1607,coffee_table/case282,3,open the microwave,0,"Organize a culinary scene by relocating items, including chocolate pudding, mugs, a frypan, and a wine bottle between a wooden cabinet, coffee table, and microwave.",open the microwave,[HOLD],612,3
coffee_table/case282,1608,coffee_table/case282,3,open the microwave,0,"Organize a culinary scene by relocating items, including chocolate pudding, mugs, a frypan, and a wine bottle between a wooden cabinet, coffee table, and microwave.",open the microwave,[HOLD],613,3
coffee_table/case282,1609,coffee_table/case282,3,open the microwave,0,"Organize a culinary scene by relocating items, including chocolate pudding, mugs, a frypan, and a wine bottle between a wooden cabinet, coffee table, and microwave.",open the microwave,[HOLD],614,3
coffee_table/case282,1610,coffee_table/case282,3,open the microwave,0,"Organize a culinary scene by relocating items, including chocolate pudding, mugs, a frypan, and a wine bottle between a wooden cabinet, coffee table, and microwave.",open the microwave,[HOLD],615,3
coffee_table/case282,1611,coffee_table/case282,3,open the microwave,0,"Organize a culinary scene by relocating items, including chocolate pudding, mugs, a frypan, and a wine bottle between a wooden cabinet, coffee table, and microwave.",open the microwave,[HOLD],616,3
coffee_table/case282,1612,coffee_table/case282,3,open the microwave,0,"Organize a culinary scene by relocating items, including chocolate pudding, mugs, a frypan, and a wine bottle between a wooden cabinet, coffee table, and microwave.",open the microwave,[HOLD],617,3
coffee_table/case282,1613,coffee_table/case282,3,open the microwave,0,"Organize a culinary scene by relocating items, including chocolate pudding, mugs, a frypan, and a wine bottle between a wooden cabinet, coffee table, and microwave.",open the microwave,[HOLD],618,3
coffee_table/case282,1614,coffee_table/case282,3,open the microwave,0,"Organize a culinary scene by relocating items, including chocolate pudding, mugs, a frypan, and a wine bottle between a wooden cabinet, coffee table, and microwave.",open the microwave,[HOLD],619,3
coffee_table/case282,1615,coffee_table/case282,3,open the microwave,0,"Organize a culinary scene by relocating items, including chocolate pudding, mugs, a frypan, and a wine bottle between a wooden cabinet, coffee table, and microwave.",open the microwave,[HOLD],620,3
coffee_table/case282,1616,coffee_table/case282,3,open the microwave,0,"Organize a culinary scene by relocating items, including chocolate pudding, mugs, a frypan, and a wine bottle between a wooden cabinet, coffee table, and microwave.",open the microwave,[HOLD],621,3
coffee_table/case282,1617,coffee_table/case282,3,open the microwave,0,"Organize a culinary scene by relocating items, including chocolate pudding, mugs, a frypan, and a wine bottle between a wooden cabinet, coffee table, and microwave.",open the microwave,[HOLD],622,3
coffee_table/case282,1618,coffee_table/case282,3,open the microwave,0,"Organize a culinary scene by relocating items, including chocolate pudding, mugs, a frypan, and a wine bottle between a wooden cabinet, coffee table, and microwave.",open the microwave,[HOLD],623,3
coffee_table/case282,1619,coffee_table/case282,3,open the microwave,0,"Organize a culinary scene by relocating items, including chocolate pudding, mugs, a frypan, and a wine bottle between a wooden cabinet, coffee table, and microwave.",open the microwave,[HOLD],624,3
coffee_table/case282,1620,coffee_table/case282,3,open the microwave,0,"Organize a culinary scene by relocating items, including chocolate pudding, mugs, a frypan, and a wine bottle between a wooden cabinet, coffee table, and microwave.",open the microwave,[HOLD],625,3
coffee_table/case282,1621,coffee_table/case282,3,open the microwave,0,"Organize a culinary scene by relocating items, including chocolate pudding, mugs, a frypan, and a wine bottle between a wooden cabinet, coffee table, and microwave.",open the microwave,[HOLD],626,3
coffee_table/case282,1622,coffee_table/case282,3,open the microwave,0,"Organize a culinary scene by relocating items, including chocolate pudding, mugs, a frypan, and a wine bottle between a wooden cabinet, coffee table, and microwave.",open the microwave,[HOLD],627,3
coffee_table/case282,1623,coffee_table/case282,3,open the microwave,0,"Organize a culinary scene by relocating items, including chocolate pudding, mugs, a frypan, and a wine bottle between a wooden cabinet, coffee table, and microwave.",open the microwave,[HOLD],628,3
coffee_table/case282,1624,coffee_table/case282,3,open the microwave,0,"Organize a culinary scene by relocating items, including chocolate pudding, mugs, a frypan, and a wine bottle between a wooden cabinet, coffee table, and microwave.",open the microwave,[HOLD],629,3
coffee_table/case282,1625,coffee_table/case282,3,open the microwave,0,"Organize a culinary scene by relocating items, including chocolate pudding, mugs, a frypan, and a wine bottle between a wooden cabinet, coffee table, and microwave.",open the microwave,[HOLD],630,3
coffee_table/case282,1626,coffee_table/case282,3,open the microwave,0,"Organize a culinary scene by relocating items, including chocolate pudding, mugs, a frypan, and a wine bottle between a wooden cabinet, coffee table, and microwave.",open the microwave,[HOLD],631,3
coffee_table/case282,1627,coffee_table/case282,3,open the microwave,0,"Organize a culinary scene by relocating items, including chocolate pudding, mugs, a frypan, and a wine bottle between a wooden cabinet, coffee table, and microwave.",open the microwave,[HOLD],632,3
coffee_table/case282,1628,coffee_table/case282,3,open the microwave,0,"Organize a culinary scene by relocating items, including chocolate pudding, mugs, a frypan, and a wine bottle between a wooden cabinet, coffee table, and microwave.",open the microwave,[HOLD],633,3
coffee_table/case282,1629,coffee_table/case282,3,open the microwave,0,"Organize a culinary scene by relocating items, including chocolate pudding, mugs, a frypan, and a wine bottle between a wooden cabinet, coffee table, and microwave.",open the microwave,[HOLD],634,3
coffee_table/case282,1630,coffee_table/case282,3,open the microwave,0,"Organize a culinary scene by relocating items, including chocolate pudding, mugs, a frypan, and a wine bottle between a wooden cabinet, coffee table, and microwave.",open the microwave,[HOLD],635,3
coffee_table/case282,1631,coffee_table/case282,3,open the microwave,0,"Organize a culinary scene by relocating items, including chocolate pudding, mugs, a frypan, and a wine bottle between a wooden cabinet, coffee table, and microwave.",open the microwave,[HOLD],636,3
coffee_table/case282,1632,coffee_table/case282,3,open the microwave,0,"Organize a culinary scene by relocating items, including chocolate pudding, mugs, a frypan, and a wine bottle between a wooden cabinet, coffee table, and microwave.",open the microwave,[HOLD],637,3
coffee_table/case282,1633,coffee_table/case282,3,open the microwave,0,"Organize a culinary scene by relocating items, including chocolate pudding, mugs, a frypan, and a wine bottle between a wooden cabinet, coffee table, and microwave.",open the microwave,[HOLD],638,3
coffee_table/case282,1634,coffee_table/case282,3,open the microwave,0,"Organize a culinary scene by relocating items, including chocolate pudding, mugs, a frypan, and a wine bottle between a wooden cabinet, coffee table, and microwave.",open the microwave,[HOLD],639,3
coffee_table/case282,1635,coffee_table/case282,3,open the microwave,0,"Organize a culinary scene by relocating items, including chocolate pudding, mugs, a frypan, and a wine bottle between a wooden cabinet, coffee table, and microwave.",open the microwave,[HOLD],640,3
coffee_table/case282,1636,coffee_table/case282,3,open the microwave,0,"Organize a culinary scene by relocating items, including chocolate pudding, mugs, a frypan, and a wine bottle between a wooden cabinet, coffee table, and microwave.",open the microwave,[HOLD],641,3
coffee_table/case282,1637,coffee_table/case282,3,open the microwave,0,"Organize a culinary scene by relocating items, including chocolate pudding, mugs, a frypan, and a wine bottle between a wooden cabinet, coffee table, and microwave.",open the microwave,[HOLD],642,3
coffee_table/case282,1638,coffee_table/case282,3,open the microwave,0,"Organize a culinary scene by relocating items, including chocolate pudding, mugs, a frypan, and a wine bottle between a wooden cabinet, coffee table, and microwave.",open the microwave,[HOLD],643,3
coffee_table/case282,1639,coffee_table/case282,3,open the microwave,0,"Organize a culinary scene by relocating items, including chocolate pudding, mugs, a frypan, and a wine bottle between a wooden cabinet, coffee table, and microwave.",open the microwave,[HOLD],644,3
coffee_table/case282,1640,coffee_table/case282,3,open the microwave,0,"Organize a culinary scene by relocating items, including chocolate pudding, mugs, a frypan, and a wine bottle between a wooden cabinet, coffee table, and microwave.",open the microwave,[HOLD],645,3
coffee_table/case282,1641,coffee_table/case282,3,open the microwave,0,"Organize a culinary scene by relocating items, including chocolate pudding, mugs, a frypan, and a wine bottle between a wooden cabinet, coffee table, and microwave.",open the microwave,[HOLD],646,3
coffee_table/case282,1642,coffee_table/case282,3,open the microwave,0,"Organize a culinary scene by relocating items, including chocolate pudding, mugs, a frypan, and a wine bottle between a wooden cabinet, coffee table, and microwave.",open the microwave,[HOLD],647,3
coffee_table/case282,1643,coffee_table/case282,3,open the microwave,0,"Organize a culinary scene by relocating items, including chocolate pudding, mugs, a frypan, and a wine bottle between a wooden cabinet, coffee table, and microwave.",open the microwave,[HOLD],648,3
coffee_table/case282,1644,coffee_table/case282,3,open the microwave,0,"Organize a culinary scene by relocating items, including chocolate pudding, mugs, a frypan, and a wine bottle between a wooden cabinet, coffee table, and microwave.",open the microwave,[HOLD],649,3
coffee_table/case282,1645,coffee_table/case282,3,open the microwave,0,"Organize a culinary scene by relocating items, including chocolate pudding, mugs, a frypan, and a wine bottle between a wooden cabinet, coffee table, and microwave.",open the microwave,[HOLD],650,3
coffee_table/case282,1646,coffee_table/case282,3,open the microwave,0,"Organize a culinary scene by relocating items, including chocolate pudding, mugs, a frypan, and a wine bottle between a wooden cabinet, coffee table, and microwave.",open the microwave,[HOLD],651,3
coffee_table/case282,1647,coffee_table/case282,3,open the microwave,0,"Organize a culinary scene by relocating items, including chocolate pudding, mugs, a frypan, and a wine bottle between a wooden cabinet, coffee table, and microwave.",open the microwave,[HOLD],652,3
coffee_table/case282,1648,coffee_table/case282,3,open the microwave,0,"Organize a culinary scene by relocating items, including chocolate pudding, mugs, a frypan, and a wine bottle between a wooden cabinet, coffee table, and microwave.",open the microwave,[HOLD],653,3
coffee_table/case282,1649,coffee_table/case282,3,open the microwave,0,"Organize a culinary scene by relocating items, including chocolate pudding, mugs, a frypan, and a wine bottle between a wooden cabinet, coffee table, and microwave.",open the microwave,[HOLD],654,3
coffee_table/case282,1650,coffee_table/case282,3,open the microwave,0,"Organize a culinary scene by relocating items, including chocolate pudding, mugs, a frypan, and a wine bottle between a wooden cabinet, coffee table, and microwave.",open the microwave,[HOLD],655,3
coffee_table/case282,1651,coffee_table/case282,3,open the microwave,0,"Organize a culinary scene by relocating items, including chocolate pudding, mugs, a frypan, and a wine bottle between a wooden cabinet, coffee table, and microwave.",open the microwave,[HOLD],656,3
coffee_table/case282,1652,coffee_table/case282,3,open the microwave,0,"Organize a culinary scene by relocating items, including chocolate pudding, mugs, a frypan, and a wine bottle between a wooden cabinet, coffee table, and microwave.",open the microwave,[HOLD],657,3
coffee_table/case282,1653,coffee_table/case282,3,open the microwave,0,"Organize a culinary scene by relocating items, including chocolate pudding, mugs, a frypan, and a wine bottle between a wooden cabinet, coffee table, and microwave.",open the microwave,[HOLD],658,3
coffee_table/case282,1654,coffee_table/case282,3,open the microwave,0,"Organize a culinary scene by relocating items, including chocolate pudding, mugs, a frypan, and a wine bottle between a wooden cabinet, coffee table, and microwave.",open the microwave,[HOLD],659,3
coffee_table/case282,1655,coffee_table/case282,3,open the microwave,0,"Organize a culinary scene by relocating items, including chocolate pudding, mugs, a frypan, and a wine bottle between a wooden cabinet, coffee table, and microwave.",open the microwave,[HOLD],660,3
coffee_table/case282,1656,coffee_table/case282,3,open the microwave,0,"Organize a culinary scene by relocating items, including chocolate pudding, mugs, a frypan, and a wine bottle between a wooden cabinet, coffee table, and microwave.",open the microwave,[HOLD],661,3
coffee_table/case282,1657,coffee_table/case282,3,open the microwave,0,"Organize a culinary scene by relocating items, including chocolate pudding, mugs, a frypan, and a wine bottle between a wooden cabinet, coffee table, and microwave.",open the microwave,[HOLD],662,3
coffee_table/case282,1658,coffee_table/case282,3,open the microwave,0,"Organize a culinary scene by relocating items, including chocolate pudding, mugs, a frypan, and a wine bottle between a wooden cabinet, coffee table, and microwave.",open the microwave,[HOLD],663,3
coffee_table/case282,1659,coffee_table/case282,3,open the microwave,0,"Organize a culinary scene by relocating items, including chocolate pudding, mugs, a frypan, and a wine bottle between a wooden cabinet, coffee table, and microwave.",open the microwave,[HOLD],664,3
coffee_table/case282,1660,coffee_table/case282,3,open the microwave,0,"Organize a culinary scene by relocating items, including chocolate pudding, mugs, a frypan, and a wine bottle between a wooden cabinet, coffee table, and microwave.",open the microwave,[HOLD],665,3
coffee_table/case282,1661,coffee_table/case282,3,open the microwave,0,"Organize a culinary scene by relocating items, including chocolate pudding, mugs, a frypan, and a wine bottle between a wooden cabinet, coffee table, and microwave.",open the microwave,[HOLD],666,3
coffee_table/case282,1662,coffee_table/case282,3,open the microwave,0,"Organize a culinary scene by relocating items, including chocolate pudding, mugs, a frypan, and a wine bottle between a wooden cabinet, coffee table, and microwave.",open the microwave,[HOLD],667,3
coffee_table/case282,1663,coffee_table/case282,3,open the microwave,0,"Organize a culinary scene by relocating items, including chocolate pudding, mugs, a frypan, and a wine bottle between a wooden cabinet, coffee table, and microwave.",open the microwave,[HOLD],668,3
coffee_table/case282,1664,coffee_table/case282,3,open the microwave,0,"Organize a culinary scene by relocating items, including chocolate pudding, mugs, a frypan, and a wine bottle between a wooden cabinet, coffee table, and microwave.",open the microwave,[HOLD],669,3
coffee_table/case282,1665,coffee_table/case282,3,open the microwave,0,"Organize a culinary scene by relocating items, including chocolate pudding, mugs, a frypan, and a wine bottle between a wooden cabinet, coffee table, and microwave.",open the microwave,[HOLD],670,3
coffee_table/case282,1666,coffee_table/case282,3,open the microwave,0,"Organize a culinary scene by relocating items, including chocolate pudding, mugs, a frypan, and a wine bottle between a wooden cabinet, coffee table, and microwave.",open the microwave,[HOLD],671,3
coffee_table/case282,1667,coffee_table/case282,3,open the microwave,0,"Organize a culinary scene by relocating items, including chocolate pudding, mugs, a frypan, and a wine bottle between a wooden cabinet, coffee table, and microwave.",open the microwave,[HOLD],672,3
coffee_table/case282,1668,coffee_table/case282,3,open the microwave,0,"Organize a culinary scene by relocating items, including chocolate pudding, mugs, a frypan, and a wine bottle between a wooden cabinet, coffee table, and microwave.",open the microwave,[HOLD],673,3
coffee_table/case282,1669,coffee_table/case282,3,open the microwave,0,"Organize a culinary scene by relocating items, including chocolate pudding, mugs, a frypan, and a wine bottle between a wooden cabinet, coffee table, and microwave.",open the microwave,[HOLD],674,3
coffee_table/case282,1670,coffee_table/case282,3,open the microwave,0,"Organize a culinary scene by relocating items, including chocolate pudding, mugs, a frypan, and a wine bottle between a wooden cabinet, coffee table, and microwave.",open the microwave,[HOLD],675,3
coffee_table/case282,1671,coffee_table/case282,3,open the microwave,0,"Organize a culinary scene by relocating items, including chocolate pudding, mugs, a frypan, and a wine bottle between a wooden cabinet, coffee table, and microwave.",open the microwave,[HOLD],676,3
coffee_table/case282,1672,coffee_table/case282,3,open the microwave,0,"Organize a culinary scene by relocating items, including chocolate pudding, mugs, a frypan, and a wine bottle between a wooden cabinet, coffee table, and microwave.",open the microwave,[HOLD],677,3
coffee_table/case282,1673,coffee_table/case282,3,open the microwave,0,"Organize a culinary scene by relocating items, including chocolate pudding, mugs, a frypan, and a wine bottle between a wooden cabinet, coffee table, and microwave.",open the microwave,[HOLD],678,3
coffee_table/case282,1674,coffee_table/case282,3,open the microwave,0,"Organize a culinary scene by relocating items, including chocolate pudding, mugs, a frypan, and a wine bottle between a wooden cabinet, coffee table, and microwave.",open the microwave,[HOLD],679,3
coffee_table/case282,1675,coffee_table/case282,3,open the microwave,0,"Organize a culinary scene by relocating items, including chocolate pudding, mugs, a frypan, and a wine bottle between a wooden cabinet, coffee table, and microwave.",open the microwave,[HOLD],680,3
coffee_table/case282,1676,coffee_table/case282,3,open the microwave,0,"Organize a culinary scene by relocating items, including chocolate pudding, mugs, a frypan, and a wine bottle between a wooden cabinet, coffee table, and microwave.",open the microwave,[HOLD],681,3
coffee_table/case282,1677,coffee_table/case282,3,open the microwave,0,"Organize a culinary scene by relocating items, including chocolate pudding, mugs, a frypan, and a wine bottle between a wooden cabinet, coffee table, and microwave.",open the microwave,[HOLD],682,3
coffee_table/case282,1678,coffee_table/case282,3,open the microwave,0,"Organize a culinary scene by relocating items, including chocolate pudding, mugs, a frypan, and a wine bottle between a wooden cabinet, coffee table, and microwave.",open the microwave,[HOLD],683,3
coffee_table/case282,1679,coffee_table/case282,3,open the microwave,0,"Organize a culinary scene by relocating items, including chocolate pudding, mugs, a frypan, and a wine bottle between a wooden cabinet, coffee table, and microwave.",open the microwave,[HOLD],684,3
coffee_table/case282,1680,coffee_table/case282,3,open the microwave,0,"Organize a culinary scene by relocating items, including chocolate pudding, mugs, a frypan, and a wine bottle between a wooden cabinet, coffee table, and microwave.",open the microwave,[HOLD],685,3
coffee_table/case282,1681,coffee_table/case282,3,open the microwave,0,"Organize a culinary scene by relocating items, including chocolate pudding, mugs, a frypan, and a wine bottle between a wooden cabinet, coffee table, and microwave.",open the microwave,[HOLD],686,3
coffee_table/case282,1682,coffee_table/case282,3,open the microwave,0,"Organize a culinary scene by relocating items, including chocolate pudding, mugs, a frypan, and a wine bottle between a wooden cabinet, coffee table, and microwave.",open the microwave,[HOLD],687,3
coffee_table/case282,1683,coffee_table/case282,3,open the microwave,0,"Organize a culinary scene by relocating items, including chocolate pudding, mugs, a frypan, and a wine bottle between a wooden cabinet, coffee table, and microwave.",open the microwave,[HOLD],688,3
coffee_table/case282,1684,coffee_table/case282,3,open the microwave,0,"Organize a culinary scene by relocating items, including chocolate pudding, mugs, a frypan, and a wine bottle between a wooden cabinet, coffee table, and microwave.",open the microwave,[HOLD],689,3
coffee_table/case282,1685,coffee_table/case282,3,open the microwave,0,"Organize a culinary scene by relocating items, including chocolate pudding, mugs, a frypan, and a wine bottle between a wooden cabinet, coffee table, and microwave.",open the microwave,[HOLD],690,3
coffee_table/case282,1686,coffee_table/case282,3,open the microwave,0,"Organize a culinary scene by relocating items, including chocolate pudding, mugs, a frypan, and a wine bottle between a wooden cabinet, coffee table, and microwave.",open the microwave,[HOLD],691,3
coffee_table/case282,1687,coffee_table/case282,3,open the microwave,0,"Organize a culinary scene by relocating items, including chocolate pudding, mugs, a frypan, and a wine bottle between a wooden cabinet, coffee table, and microwave.",open the microwave,[HOLD],692,3
coffee_table/case282,1688,coffee_table/case282,3,open the microwave,0,"Organize a culinary scene by relocating items, including chocolate pudding, mugs, a frypan, and a wine bottle between a wooden cabinet, coffee table, and microwave.",open the microwave,[HOLD],693,3
coffee_table/case282,1689,coffee_table/case282,3,open the microwave,0,"Organize a culinary scene by relocating items, including chocolate pudding, mugs, a frypan, and a wine bottle between a wooden cabinet, coffee table, and microwave.",open the microwave,[HOLD],694,3
coffee_table/case282,1690,coffee_table/case282,3,open the microwave,0,"Organize a culinary scene by relocating items, including chocolate pudding, mugs, a frypan, and a wine bottle between a wooden cabinet, coffee table, and microwave.",open the microwave,[HOLD],695,3
coffee_table/case282,1691,coffee_table/case282,3,open the microwave,0,"Organize a culinary scene by relocating items, including chocolate pudding, mugs, a frypan, and a wine bottle between a wooden cabinet, coffee table, and microwave.",open the microwave,[HOLD],696,3
coffee_table/case282,1692,coffee_table/case282,3,open the microwave,0,"Organize a culinary scene by relocating items, including chocolate pudding, mugs, a frypan, and a wine bottle between a wooden cabinet, coffee table, and microwave.",open the microwave,[HOLD],697,3
coffee_table/case282,1693,coffee_table/case282,3,open the microwave,0,"Organize a culinary scene by relocating items, including chocolate pudding, mugs, a frypan, and a wine bottle between a wooden cabinet, coffee table, and microwave.",open the microwave,[HOLD],698,3
coffee_table/case282,1694,coffee_table/case282,3,open the microwave,0,"Organize a culinary scene by relocating items, including chocolate pudding, mugs, a frypan, and a wine bottle between a wooden cabinet, coffee table, and microwave.",open the microwave,[HOLD],699,3
coffee_table/case282,1695,coffee_table/case282,3,open the microwave,0,"Organize a culinary scene by relocating items, including chocolate pudding, mugs, a frypan, and a wine bottle between a wooden cabinet, coffee table, and microwave.",open the microwave,[HOLD],700,3
coffee_table/case282,1696,coffee_table/case282,3,open the microwave,0,"Organize a culinary scene by relocating items, including chocolate pudding, mugs, a frypan, and a wine bottle between a wooden cabinet, coffee table, and microwave.",open the microwave,[HOLD],701,3
coffee_table/case282,1697,coffee_table/case282,3,open the microwave,0,"Organize a culinary scene by relocating items, including chocolate pudding, mugs, a frypan, and a wine bottle between a wooden cabinet, coffee table, and microwave.",open the microwave,[HOLD],702,3
coffee_table/case282,1698,coffee_table/case282,3,open the microwave,0,"Organize a culinary scene by relocating items, including chocolate pudding, mugs, a frypan, and a wine bottle between a wooden cabinet, coffee table, and microwave.",open the microwave,[HOLD],703,3
coffee_table/case282,1699,coffee_table/case282,3,open the microwave,0,"Organize a culinary scene by relocating items, including chocolate pudding, mugs, a frypan, and a wine bottle between a wooden cabinet, coffee table, and microwave.",open the microwave,[HOLD],704,3
coffee_table/case282,1700,coffee_table/case282,3,open the microwave,0,"Organize a culinary scene by relocating items, including chocolate pudding, mugs, a frypan, and a wine bottle between a wooden cabinet, coffee table, and microwave.",open the microwave,[HOLD],705,3
coffee_table/case282,1701,coffee_table/case282,3,open the microwave,0,"Organize a culinary scene by relocating items, including chocolate pudding, mugs, a frypan, and a wine bottle between a wooden cabinet, coffee table, and microwave.",open the microwave,[HOLD],706,3
coffee_table/case282,1702,coffee_table/case282,3,open the microwave,0,"Organize a culinary scene by relocating items, including chocolate pudding, mugs, a frypan, and a wine bottle between a wooden cabinet, coffee table, and microwave.",open the microwave,[HOLD],707,3
coffee_table/case282,1703,coffee_table/case282,3,open the microwave,0,"Organize a culinary scene by relocating items, including chocolate pudding, mugs, a frypan, and a wine bottle between a wooden cabinet, coffee table, and microwave.",open the microwave,[HOLD],708,3
coffee_table/case282,1704,coffee_table/case282,3,open the microwave,0,"Organize a culinary scene by relocating items, including chocolate pudding, mugs, a frypan, and a wine bottle between a wooden cabinet, coffee table, and microwave.",open the microwave,[HOLD],709,3
coffee_table/case282,1705,coffee_table/case282,3,open the microwave,0,"Organize a culinary scene by relocating items, including chocolate pudding, mugs, a frypan, and a wine bottle between a wooden cabinet, coffee table, and microwave.",open the microwave,[HOLD],710,3
coffee_table/case282,1706,coffee_table/case282,3,open the microwave,0,"Organize a culinary scene by relocating items, including chocolate pudding, mugs, a frypan, and a wine bottle between a wooden cabinet, coffee table, and microwave.",open the microwave,[HOLD],711,3
coffee_table/case282,1707,coffee_table/case282,3,open the microwave,0,"Organize a culinary scene by relocating items, including chocolate pudding, mugs, a frypan, and a wine bottle between a wooden cabinet, coffee table, and microwave.",open the microwave,[HOLD],712,3
coffee_table/case282,1708,coffee_table/case282,3,open the microwave,0,"Organize a culinary scene by relocating items, including chocolate pudding, mugs, a frypan, and a wine bottle between a wooden cabinet, coffee table, and microwave.",open the microwave,[HOLD],713,3
coffee_table/case282,1709,coffee_table/case282,3,open the microwave,0,"Organize a culinary scene by relocating items, including chocolate pudding, mugs, a frypan, and a wine bottle between a wooden cabinet, coffee table, and microwave.",open the microwave,[HOLD],714,3
coffee_table/case282,1710,coffee_table/case282,3,open the microwave,0,"Organize a culinary scene by relocating items, including chocolate pudding, mugs, a frypan, and a wine bottle between a wooden cabinet, coffee table, and microwave.",open the microwave,[HOLD],715,3
coffee_table/case282,1711,coffee_table/case282,3,open the microwave,0,"Organize a culinary scene by relocating items, including chocolate pudding, mugs, a frypan, and a wine bottle between a wooden cabinet, coffee table, and microwave.",open the microwave,[HOLD],716,3
coffee_table/case282,1712,coffee_table/case282,3,open the microwave,0,"Organize a culinary scene by relocating items, including chocolate pudding, mugs, a frypan, and a wine bottle between a wooden cabinet, coffee table, and microwave.",open the microwave,[HOLD],717,3
coffee_table/case282,1713,coffee_table/case282,3,open the microwave,0,"Organize a culinary scene by relocating items, including chocolate pudding, mugs, a frypan, and a wine bottle between a wooden cabinet, coffee table, and microwave.",open the microwave,[HOLD],718,3
coffee_table/case282,1714,coffee_table/case282,3,open the microwave,0,"Organize a culinary scene by relocating items, including chocolate pudding, mugs, a frypan, and a wine bottle between a wooden cabinet, coffee table, and microwave.",open the microwave,[HOLD],719,3
coffee_table/case282,1715,coffee_table/case282,3,open the microwave,0,"Organize a culinary scene by relocating items, including chocolate pudding, mugs, a frypan, and a wine bottle between a wooden cabinet, coffee table, and microwave.",open the microwave,[HOLD],720,3
coffee_table/case282,1716,coffee_table/case282,3,open the microwave,0,"Organize a culinary scene by relocating items, including chocolate pudding, mugs, a frypan, and a wine bottle between a wooden cabinet, coffee table, and microwave.",open the microwave,[HOLD],721,3
coffee_table/case282,1717,coffee_table/case282,3,open the microwave,0,"Organize a culinary scene by relocating items, including chocolate pudding, mugs, a frypan, and a wine bottle between a wooden cabinet, coffee table, and microwave.",open the microwave,[HOLD],722,3
coffee_table/case282,1718,coffee_table/case282,3,open the microwave,0,"Organize a culinary scene by relocating items, including chocolate pudding, mugs, a frypan, and a wine bottle between a wooden cabinet, coffee table, and microwave.",open the microwave,[HOLD],723,3
coffee_table/case282,1719,coffee_table/case282,3,open the microwave,0,"Organize a culinary scene by relocating items, including chocolate pudding, mugs, a frypan, and a wine bottle between a wooden cabinet, coffee table, and microwave.",open the microwave,[HOLD],724,3
coffee_table/case282,1720,coffee_table/case282,3,open the microwave,0,"Organize a culinary scene by relocating items, including chocolate pudding, mugs, a frypan, and a wine bottle between a wooden cabinet, coffee table, and microwave.",open the microwave,[HOLD],725,3
coffee_table/case282,1721,coffee_table/case282,3,open the microwave,0,"Organize a culinary scene by relocating items, including chocolate pudding, mugs, a frypan, and a wine bottle between a wooden cabinet, coffee table, and microwave.",open the microwave,[HOLD],726,3
coffee_table/case282,1722,coffee_table/case282,3,open the microwave,0,"Organize a culinary scene by relocating items, including chocolate pudding, mugs, a frypan, and a wine bottle between a wooden cabinet, coffee table, and microwave.",open the microwave,[HOLD],727,3
coffee_table/case282,1723,coffee_table/case282,3,open the microwave,0,"Organize a culinary scene by relocating items, including chocolate pudding, mugs, a frypan, and a wine bottle between a wooden cabinet, coffee table, and microwave.",open the microwave,[HOLD],728,3
coffee_table/case282,1724,coffee_table/case282,3,open the microwave,0,"Organize a culinary scene by relocating items, including chocolate pudding, mugs, a frypan, and a wine bottle between a wooden cabinet, coffee table, and microwave.",open the microwave,[HOLD],729,3
coffee_table/case282,1725,coffee_table/case282,3,open the microwave,0,"Organize a culinary scene by relocating items, including chocolate pudding, mugs, a frypan, and a wine bottle between a wooden cabinet, coffee table, and microwave.",open the microwave,[HOLD],730,3
coffee_table/case282,1726,coffee_table/case282,3,open the microwave,0,"Organize a culinary scene by relocating items, including chocolate pudding, mugs, a frypan, and a wine bottle between a wooden cabinet, coffee table, and microwave.",open the microwave,[HOLD],731,3
coffee_table/case282,1727,coffee_table/case282,3,open the microwave,0,"Organize a culinary scene by relocating items, including chocolate pudding, mugs, a frypan, and a wine bottle between a wooden cabinet, coffee table, and microwave.",open the microwave,[HOLD],732,3
coffee_table/case282,1728,coffee_table/case282,3,open the microwave,0,"Organize a culinary scene by relocating items, including chocolate pudding, mugs, a frypan, and a wine bottle between a wooden cabinet, coffee table, and microwave.",open the microwave,[HOLD],733,3
coffee_table/case282,1729,coffee_table/case282,3,open the microwave,0,"Organize a culinary scene by relocating items, including chocolate pudding, mugs, a frypan, and a wine bottle between a wooden cabinet, coffee table, and microwave.",open the microwave,[HOLD],734,3
coffee_table/case282,1730,coffee_table/case282,3,open the microwave,0,"Organize a culinary scene by relocating items, including chocolate pudding, mugs, a frypan, and a wine bottle between a wooden cabinet, coffee table, and microwave.",open the microwave,[HOLD],735,3
coffee_table/case282,1731,coffee_table/case282,3,open the microwave,0,"Organize a culinary scene by relocating items, including chocolate pudding, mugs, a frypan, and a wine bottle between a wooden cabinet, coffee table, and microwave.",open the microwave,[HOLD],736,3
coffee_table/case282,1732,coffee_table/case282,3,open the microwave,0,"Organize a culinary scene by relocating items, including chocolate pudding, mugs, a frypan, and a wine bottle between a wooden cabinet, coffee table, and microwave.",open the microwave,[HOLD],737,3
coffee_table/case282,1733,coffee_table/case282,3,open the microwave,0,"Organize a culinary scene by relocating items, including chocolate pudding, mugs, a frypan, and a wine bottle between a wooden cabinet, coffee table, and microwave.",open the microwave,[HOLD],738,3
coffee_table/case282,1734,coffee_table/case282,3,open the microwave,0,"Organize a culinary scene by relocating items, including chocolate pudding, mugs, a frypan, and a wine bottle between a wooden cabinet, coffee table, and microwave.",open the microwave,[HOLD],739,3
coffee_table/case282,1735,coffee_table/case282,3,open the microwave,0,"Organize a culinary scene by relocating items, including chocolate pudding, mugs, a frypan, and a wine bottle between a wooden cabinet, coffee table, and microwave.",open the microwave,[HOLD],740,3
coffee_table/case282,1736,coffee_table/case282,3,open the microwave,0,"Organize a culinary scene by relocating items, including chocolate pudding, mugs, a frypan, and a wine bottle between a wooden cabinet, coffee table, and microwave.",open the microwave,[HOLD],741,3
coffee_table/case282,1737,coffee_table/case282,3,open the microwave,0,"Organize a culinary scene by relocating items, including chocolate pudding, mugs, a frypan, and a wine bottle between a wooden cabinet, coffee table, and microwave.",open the microwave,[HOLD],742,3
coffee_table/case282,1738,coffee_table/case282,3,open the microwave,0,"Organize a culinary scene by relocating items, including chocolate pudding, mugs, a frypan, and a wine bottle between a wooden cabinet, coffee table, and microwave.",open the microwave,[HOLD],743,3
coffee_table/case282,1739,coffee_table/case282,3,open the microwave,0,"Organize a culinary scene by relocating items, including chocolate pudding, mugs, a frypan, and a wine bottle between a wooden cabinet, coffee table, and microwave.",open the microwave,[HOLD],744,3
coffee_table/case282,1740,coffee_table/case282,3,open the microwave,0,"Organize a culinary scene by relocating items, including chocolate pudding, mugs, a frypan, and a wine bottle between a wooden cabinet, coffee table, and microwave.",open the microwave,[HOLD],745,3
coffee_table/case282,1741,coffee_table/case282,3,open the microwave,0,"Organize a culinary scene by relocating items, including chocolate pudding, mugs, a frypan, and a wine bottle between a wooden cabinet, coffee table, and microwave.",open the microwave,[HOLD],746,3
coffee_table/case282,1742,coffee_table/case282,3,open the microwave,0,"Organize a culinary scene by relocating items, including chocolate pudding, mugs, a frypan, and a wine bottle between a wooden cabinet, coffee table, and microwave.",open the microwave,[HOLD],747,3
coffee_table/case282,1743,coffee_table/case282,3,open the microwave,0,"Organize a culinary scene by relocating items, including chocolate pudding, mugs, a frypan, and a wine bottle between a wooden cabinet, coffee table, and microwave.",open the microwave,[HOLD],748,3
coffee_table/case282,1744,coffee_table/case282,3,open the microwave,0,"Organize a culinary scene by relocating items, including chocolate pudding, mugs, a frypan, and a wine bottle between a wooden cabinet, coffee table, and microwave.",open the microwave,[HOLD],749,3
coffee_table/case282,1745,coffee_table/case282,3,open the microwave,0,"Organize a culinary scene by relocating items, including chocolate pudding, mugs, a frypan, and a wine bottle between a wooden cabinet, coffee table, and microwave.",open the microwave,[HOLD],750,3
coffee_table/case282,1746,coffee_table/case282,3,open the microwave,0,"Organize a culinary scene by relocating items, including chocolate pudding, mugs, a frypan, and a wine bottle between a wooden cabinet, coffee table, and microwave.",open the microwave,[HOLD],751,3
coffee_table/case282,1747,coffee_table/case282,3,open the microwave,0,"Organize a culinary scene by relocating items, including chocolate pudding, mugs, a frypan, and a wine bottle between a wooden cabinet, coffee table, and microwave.",open the microwave,[HOLD],752,3
coffee_table/case282,1748,coffee_table/case282,3,open the microwave,0,"Organize a culinary scene by relocating items, including chocolate pudding, mugs, a frypan, and a wine bottle between a wooden cabinet, coffee table, and microwave.",open the microwave,[HOLD],753,3
coffee_table/case282,1749,coffee_table/case282,3,open the microwave,0,"Organize a culinary scene by relocating items, including chocolate pudding, mugs, a frypan, and a wine bottle between a wooden cabinet, coffee table, and microwave.",open the microwave,[HOLD],754,3
coffee_table/case282,1750,coffee_table/case282,3,open the microwave,0,"Organize a culinary scene by relocating items, including chocolate pudding, mugs, a frypan, and a wine bottle between a wooden cabinet, coffee table, and microwave.",open the microwave,[HOLD],755,3
coffee_table/case282,1751,coffee_table/case282,3,open the microwave,0,"Organize a culinary scene by relocating items, including chocolate pudding, mugs, a frypan, and a wine bottle between a wooden cabinet, coffee table, and microwave.",open the microwave,[HOLD],756,3
coffee_table/case282,1752,coffee_table/case282,3,open the microwave,0,"Organize a culinary scene by relocating items, including chocolate pudding, mugs, a frypan, and a wine bottle between a wooden cabinet, coffee table, and microwave.",open the microwave,[HOLD],757,3
coffee_table/case282,1753,coffee_table/case282,3,open the microwave,0,"Organize a culinary scene by relocating items, including chocolate pudding, mugs, a frypan, and a wine bottle between a wooden cabinet, coffee table, and microwave.",open the microwave,[HOLD],758,3
coffee_table/case282,1754,coffee_table/case282,3,open the microwave,0,"Organize a culinary scene by relocating items, including chocolate pudding, mugs, a frypan, and a wine bottle between a wooden cabinet, coffee table, and microwave.",open the microwave,[HOLD],759,3
coffee_table/case282,1755,coffee_table/case282,3,open the microwave,0,"Organize a culinary scene by relocating items, including chocolate pudding, mugs, a frypan, and a wine bottle between a wooden cabinet, coffee table, and microwave.",open the microwave,[HOLD],760,3
coffee_table/case282,1756,coffee_table/case282,3,open the microwave,0,"Organize a culinary scene by relocating items, including chocolate pudding, mugs, a frypan, and a wine bottle between a wooden cabinet, coffee table, and microwave.",open the microwave,[HOLD],761,3
coffee_table/case282,1757,coffee_table/case282,3,open the microwave,0,"Organize a culinary scene by relocating items, including chocolate pudding, mugs, a frypan, and a wine bottle between a wooden cabinet, coffee table, and microwave.",open the microwave,[HOLD],762,3
coffee_table/case282,1758,coffee_table/case282,3,open the microwave,0,"Organize a culinary scene by relocating items, including chocolate pudding, mugs, a frypan, and a wine bottle between a wooden cabinet, coffee table, and microwave.",open the microwave,[HOLD],763,3
coffee_table/case282,1759,coffee_table/case282,3,open the microwave,0,"Organize a culinary scene by relocating items, including chocolate pudding, mugs, a frypan, and a wine bottle between a wooden cabinet, coffee table, and microwave.",open the microwave,[HOLD],764,3
coffee_table/case282,1760,coffee_table/case282,3,open the microwave,0,"Organize a culinary scene by relocating items, including chocolate pudding, mugs, a frypan, and a wine bottle between a wooden cabinet, coffee table, and microwave.",open the microwave,[HOLD],765,3
coffee_table/case282,1761,coffee_table/case282,3,open the microwave,0,"Organize a culinary scene by relocating items, including chocolate pudding, mugs, a frypan, and a wine bottle between a wooden cabinet, coffee table, and microwave.",open the microwave,[HOLD],766,3
coffee_table/case282,1762,coffee_table/case282,3,open the microwave,0,"Organize a culinary scene by relocating items, including chocolate pudding, mugs, a frypan, and a wine bottle between a wooden cabinet, coffee table, and microwave.",open the microwave,[HOLD],767,3
coffee_table/case282,1763,coffee_table/case282,3,open the microwave,0,"Organize a culinary scene by relocating items, including chocolate pudding, mugs, a frypan, and a wine bottle between a wooden cabinet, coffee table, and microwave.",open the microwave,[HOLD],768,3
coffee_table/case282,1764,coffee_table/case282,3,open the microwave,0,"Organize a culinary scene by relocating items, including chocolate pudding, mugs, a frypan, and a wine bottle between a wooden cabinet, coffee table, and microwave.",open the microwave,[HOLD],769,3
coffee_table/case282,1765,coffee_table/case282,3,open the microwave,0,"Organize a culinary scene by relocating items, including chocolate pudding, mugs, a frypan, and a wine bottle between a wooden cabinet, coffee table, and microwave.",open the microwave,[HOLD],770,3
coffee_table/case282,1766,coffee_table/case282,3,open the microwave,0,"Organize a culinary scene by relocating items, including chocolate pudding, mugs, a frypan, and a wine bottle between a wooden cabinet, coffee table, and microwave.",open the microwave,[HOLD],771,3
coffee_table/case282,1767,coffee_table/case282,3,open the microwave,0,"Organize a culinary scene by relocating items, including chocolate pudding, mugs, a frypan, and a wine bottle between a wooden cabinet, coffee table, and microwave.",open the microwave,[HOLD],772,3
coffee_table/case282,1768,coffee_table/case282,3,open the microwave,0,"Organize a culinary scene by relocating items, including chocolate pudding, mugs, a frypan, and a wine bottle between a wooden cabinet, coffee table, and microwave.",open the microwave,[HOLD],773,3
coffee_table/case282,1769,coffee_table/case282,3,open the microwave,0,"Organize a culinary scene by relocating items, including chocolate pudding, mugs, a frypan, and a wine bottle between a wooden cabinet, coffee table, and microwave.",open the microwave,[HOLD],774,3
coffee_table/case282,1770,coffee_table/case282,3,open the microwave,0,"Organize a culinary scene by relocating items, including chocolate pudding, mugs, a frypan, and a wine bottle between a wooden cabinet, coffee table, and microwave.",open the microwave,[HOLD],775,3
coffee_table/case282,1771,coffee_table/case282,3,open the microwave,0,"Organize a culinary scene by relocating items, including chocolate pudding, mugs, a frypan, and a wine bottle between a wooden cabinet, coffee table, and microwave.",open the microwave,[HOLD],776,3
coffee_table/case282,1772,coffee_table/case282,3,open the microwave,0,"Organize a culinary scene by relocating items, including chocolate pudding, mugs, a frypan, and a wine bottle between a wooden cabinet, coffee table, and microwave.",open the microwave,[HOLD],777,3
coffee_table/case282,1773,coffee_table/case282,3,open the microwave,0,"Organize a culinary scene by relocating items, including chocolate pudding, mugs, a frypan, and a wine bottle between a wooden cabinet, coffee table, and microwave.",open the microwave,[HOLD],778,3
coffee_table/case282,1774,coffee_table/case282,3,open the microwave,0,"Organize a culinary scene by relocating items, including chocolate pudding, mugs, a frypan, and a wine bottle between a wooden cabinet, coffee table, and microwave.",open the microwave,[HOLD],779,3
coffee_table/case282,1775,coffee_table/case282,3,open the microwave,0,"Organize a culinary scene by relocating items, including chocolate pudding, mugs, a frypan, and a wine bottle between a wooden cabinet, coffee table, and microwave.",open the microwave,[HOLD],780,3
coffee_table/case282,1776,coffee_table/case282,3,open the microwave,0,"Organize a culinary scene by relocating items, including chocolate pudding, mugs, a frypan, and a wine bottle between a wooden cabinet, coffee table, and microwave.",open the microwave,[HOLD],781,3
coffee_table/case282,1777,coffee_table/case282,3,open the microwave,0,"Organize a culinary scene by relocating items, including chocolate pudding, mugs, a frypan, and a wine bottle between a wooden cabinet, coffee table, and microwave.",open the microwave,[HOLD],782,3
coffee_table/case282,1778,coffee_table/case282,3,open the microwave,0,"Organize a culinary scene by relocating items, including chocolate pudding, mugs, a frypan, and a wine bottle between a wooden cabinet, coffee table, and microwave.",open the microwave,[HOLD],783,3
coffee_table/case282,1779,coffee_table/case282,3,open the microwave,0,"Organize a culinary scene by relocating items, including chocolate pudding, mugs, a frypan, and a wine bottle between a wooden cabinet, coffee table, and microwave.",open the microwave,[HOLD],784,3
coffee_table/case282,1780,coffee_table/case282,3,open the microwave,0,"Organize a culinary scene by relocating items, including chocolate pudding, mugs, a frypan, and a wine bottle between a wooden cabinet, coffee table, and microwave.",open the microwave,[HOLD],785,3
coffee_table/case282,1781,coffee_table/case282,3,open the microwave,0,"Organize a culinary scene by relocating items, including chocolate pudding, mugs, a frypan, and a wine bottle between a wooden cabinet, coffee table, and microwave.",open the microwave,[HOLD],786,3
coffee_table/case282,1782,coffee_table/case282,3,open the microwave,0,"Organize a culinary scene by relocating items, including chocolate pudding, mugs, a frypan, and a wine bottle between a wooden cabinet, coffee table, and microwave.",open the microwave,[HOLD],787,3
coffee_table/case282,1783,coffee_table/case282,3,open the microwave,0,"Organize a culinary scene by relocating items, including chocolate pudding, mugs, a frypan, and a wine bottle between a wooden cabinet, coffee table, and microwave.",open the microwave,[HOLD],788,3
coffee_table/case282,1784,coffee_table/case282,3,open the microwave,0,"Organize a culinary scene by relocating items, including chocolate pudding, mugs, a frypan, and a wine bottle between a wooden cabinet, coffee table, and microwave.",open the microwave,[HOLD],789,3
coffee_table/case282,1785,coffee_table/case282,3,open the microwave,0,"Organize a culinary scene by relocating items, including chocolate pudding, mugs, a frypan, and a wine bottle between a wooden cabinet, coffee table, and microwave.",open the microwave,[HOLD],790,3
coffee_table/case282,1786,coffee_table/case282,3,open the microwave,0,"Organize a culinary scene by relocating items, including chocolate pudding, mugs, a frypan, and a wine bottle between a wooden cabinet, coffee table, and microwave.",open the microwave,[HOLD],791,3
coffee_table/case282,1787,coffee_table/case282,3,open the microwave,0,"Organize a culinary scene by relocating items, including chocolate pudding, mugs, a frypan, and a wine bottle between a wooden cabinet, coffee table, and microwave.",open the microwave,[HOLD],792,3
coffee_table/case282,1788,coffee_table/case282,3,open the microwave,0,"Organize a culinary scene by relocating items, including chocolate pudding, mugs, a frypan, and a wine bottle between a wooden cabinet, coffee table, and microwave.",open the microwave,[HOLD],793,3
coffee_table/case282,1789,coffee_table/case282,3,open the microwave,0,"Organize a culinary scene by relocating items, including chocolate pudding, mugs, a frypan, and a wine bottle between a wooden cabinet, coffee table, and microwave.",open the microwave,[HOLD],794,3
coffee_table/case282,1790,coffee_table/case282,3,open the microwave,0,"Organize a culinary scene by relocating items, including chocolate pudding, mugs, a frypan, and a wine bottle between a wooden cabinet, coffee table, and microwave.",open the microwave,[HOLD],795,3
coffee_table/case282,1791,coffee_table/case282,3,open the microwave,0,"Organize a culinary scene by relocating items, including chocolate pudding, mugs, a frypan, and a wine bottle between a wooden cabinet, coffee table, and microwave.",open the microwave,[HOLD],796,3
coffee_table/case282,1792,coffee_table/case282,3,open the microwave,0,"Organize a culinary scene by relocating items, including chocolate pudding, mugs, a frypan, and a wine bottle between a wooden cabinet, coffee table, and microwave.",open the microwave,[HOLD],797,3
coffee_table/case282,1793,coffee_table/case282,3,open the microwave,0,"Organize a culinary scene by relocating items, including chocolate pudding, mugs, a frypan, and a wine bottle between a wooden cabinet, coffee table, and microwave.",open the microwave,[HOLD],798,3
coffee_table/case282,1794,coffee_table/case282,3,open the microwave,0,"Organize a culinary scene by relocating items, including chocolate pudding, mugs, a frypan, and a wine bottle between a wooden cabinet, coffee table, and microwave.",open the microwave,[HOLD],799,3
coffee_table/case282,1795,coffee_table/case282,3,open the microwave,0,"Organize a culinary scene by relocating items, including chocolate pudding, mugs, a frypan, and a wine bottle between a wooden cabinet, coffee table, and microwave.",open the microwave,[HOLD],800,3
coffee_table/case282,1796,coffee_table/case282,3,open the microwave,0,"Organize a culinary scene by relocating items, including chocolate pudding, mugs, a frypan, and a wine bottle between a wooden cabinet, coffee table, and microwave.",open the microwave,[HOLD],801,3
coffee_table/case282,1797,coffee_table/case282,3,open the microwave,0,"Organize a culinary scene by relocating items, including chocolate pudding, mugs, a frypan, and a wine bottle between a wooden cabinet, coffee table, and microwave.",open the microwave,[HOLD],802,3
coffee_table/case282,1798,coffee_table/case282,3,open the microwave,0,"Organize a culinary scene by relocating items, including chocolate pudding, mugs, a frypan, and a wine bottle between a wooden cabinet, coffee table, and microwave.",open the microwave,[HOLD],803,3
coffee_table/case282,1799,coffee_table/case282,3,open the microwave,0,"Organize a culinary scene by relocating items, including chocolate pudding, mugs, a frypan, and a wine bottle between a wooden cabinet, coffee table, and microwave.",open the microwave,[HOLD],804,3
coffee_table/case282,1800,coffee_table/case282,3,open the microwave,0,"Organize a culinary scene by relocating items, including chocolate pudding, mugs, a frypan, and a wine bottle between a wooden cabinet, coffee table, and microwave.",open the microwave,[HOLD],805,3
coffee_table/case282,1801,coffee_table/case282,3,open the microwave,0,"Organize a culinary scene by relocating items, including chocolate pudding, mugs, a frypan, and a wine bottle between a wooden cabinet, coffee table, and microwave.",open the microwave,[HOLD],806,3
coffee_table/case282,1802,coffee_table/case282,3,open the microwave,0,"Organize a culinary scene by relocating items, including chocolate pudding, mugs, a frypan, and a wine bottle between a wooden cabinet, coffee table, and microwave.",open the microwave,[HOLD],807,3
coffee_table/case282,1803,coffee_table/case282,3,open the microwave,0,"Organize a culinary scene by relocating items, including chocolate pudding, mugs, a frypan, and a wine bottle between a wooden cabinet, coffee table, and microwave.",open the microwave,[HOLD],808,3
coffee_table/case282,1804,coffee_table/case282,3,open the microwave,0,"Organize a culinary scene by relocating items, including chocolate pudding, mugs, a frypan, and a wine bottle between a wooden cabinet, coffee table, and microwave.",open the microwave,[HOLD],809,3
coffee_table/case282,1805,coffee_table/case282,3,open the microwave,0,"Organize a culinary scene by relocating items, including chocolate pudding, mugs, a frypan, and a wine bottle between a wooden cabinet, coffee table, and microwave.",open the microwave,[HOLD],810,3
coffee_table/case282,1806,coffee_table/case282,3,open the microwave,0,"Organize a culinary scene by relocating items, including chocolate pudding, mugs, a frypan, and a wine bottle between a wooden cabinet, coffee table, and microwave.",open the microwave,[HOLD],811,3
coffee_table/case282,1807,coffee_table/case282,3,open the microwave,0,"Organize a culinary scene by relocating items, including chocolate pudding, mugs, a frypan, and a wine bottle between a wooden cabinet, coffee table, and microwave.",open the microwave,[HOLD],812,3
coffee_table/case282,1808,coffee_table/case282,3,open the microwave,0,"Organize a culinary scene by relocating items, including chocolate pudding, mugs, a frypan, and a wine bottle between a wooden cabinet, coffee table, and microwave.",open the microwave,[HOLD],813,3
coffee_table/case282,1809,coffee_table/case282,3,open the microwave,0,"Organize a culinary scene by relocating items, including chocolate pudding, mugs, a frypan, and a wine bottle between a wooden cabinet, coffee table, and microwave.",open the microwave,[HOLD],814,3
coffee_table/case282,1810,coffee_table/case282,3,open the microwave,0,"Organize a culinary scene by relocating items, including chocolate pudding, mugs, a frypan, and a wine bottle between a wooden cabinet, coffee table, and microwave.",open the microwave,[HOLD],815,3
coffee_table/case282,1811,coffee_table/case282,3,open the microwave,0,"Organize a culinary scene by relocating items, including chocolate pudding, mugs, a frypan, and a wine bottle between a wooden cabinet, coffee table, and microwave.",open the microwave,[HOLD],816,3
coffee_table/case282,1812,coffee_table/case282,3,open the microwave,0,"Organize a culinary scene by relocating items, including chocolate pudding, mugs, a frypan, and a wine bottle between a wooden cabinet, coffee table, and microwave.",open the microwave,[HOLD],817,3
coffee_table/case282,1813,coffee_table/case282,3,open the microwave,0,"Organize a culinary scene by relocating items, including chocolate pudding, mugs, a frypan, and a wine bottle between a wooden cabinet, coffee table, and microwave.",open the microwave,[HOLD],818,3
coffee_table/case282,1814,coffee_table/case282,3,open the microwave,0,"Organize a culinary scene by relocating items, including chocolate pudding, mugs, a frypan, and a wine bottle between a wooden cabinet, coffee table, and microwave.",open the microwave,[HOLD],819,3
coffee_table/case282,1815,coffee_table/case282,3,open the microwave,0,"Organize a culinary scene by relocating items, including chocolate pudding, mugs, a frypan, and a wine bottle between a wooden cabinet, coffee table, and microwave.",open the microwave,[HOLD],820,3
coffee_table/case282,1816,coffee_table/case282,3,open the microwave,0,"Organize a culinary scene by relocating items, including chocolate pudding, mugs, a frypan, and a wine bottle between a wooden cabinet, coffee table, and microwave.",open the microwave,[HOLD],821,3
coffee_table/case282,1817,coffee_table/case282,3,open the microwave,0,"Organize a culinary scene by relocating items, including chocolate pudding, mugs, a frypan, and a wine bottle between a wooden cabinet, coffee table, and microwave.",open the microwave,[HOLD],822,3
coffee_table/case282,1818,coffee_table/case282,3,open the microwave,0,"Organize a culinary scene by relocating items, including chocolate pudding, mugs, a frypan, and a wine bottle between a wooden cabinet, coffee table, and microwave.",open the microwave,[HOLD],823,3
coffee_table/case282,1819,coffee_table/case282,3,open the microwave,0,"Organize a culinary scene by relocating items, including chocolate pudding, mugs, a frypan, and a wine bottle between a wooden cabinet, coffee table, and microwave.",open the microwave,[HOLD],824,3
coffee_table/case282,1820,coffee_table/case282,3,open the microwave,0,"Organize a culinary scene by relocating items, including chocolate pudding, mugs, a frypan, and a wine bottle between a wooden cabinet, coffee table, and microwave.",open the microwave,[HOLD],825,3
coffee_table/case282,1821,coffee_table/case282,3,open the microwave,0,"Organize a culinary scene by relocating items, including chocolate pudding, mugs, a frypan, and a wine bottle between a wooden cabinet, coffee table, and microwave.",open the microwave,[HOLD],826,3
coffee_table/case282,1822,coffee_table/case282,3,open the microwave,0,"Organize a culinary scene by relocating items, including chocolate pudding, mugs, a frypan, and a wine bottle between a wooden cabinet, coffee table, and microwave.",open the microwave,[HOLD],827,3
coffee_table/case282,1823,coffee_table/case282,3,open the microwave,0,"Organize a culinary scene by relocating items, including chocolate pudding, mugs, a frypan, and a wine bottle between a wooden cabinet, coffee table, and microwave.",open the microwave,[HOLD],828,3
coffee_table/case282,1824,coffee_table/case282,3,open the microwave,0,"Organize a culinary scene by relocating items, including chocolate pudding, mugs, a frypan, and a wine bottle between a wooden cabinet, coffee table, and microwave.",open the microwave,[HOLD],829,3
coffee_table/case282,1825,coffee_table/case282,3,open the microwave,0,"Organize a culinary scene by relocating items, including chocolate pudding, mugs, a frypan, and a wine bottle between a wooden cabinet, coffee table, and microwave.",open the microwave,[HOLD],830,3
coffee_table/case282,1826,coffee_table/case282,3,open the microwave,0,"Organize a culinary scene by relocating items, including chocolate pudding, mugs, a frypan, and a wine bottle between a wooden cabinet, coffee table, and microwave.",open the microwave,[HOLD],831,3
coffee_table/case282,1827,coffee_table/case282,3,open the microwave,0,"Organize a culinary scene by relocating items, including chocolate pudding, mugs, a frypan, and a wine bottle between a wooden cabinet, coffee table, and microwave.",open the microwave,[HOLD],832,3
coffee_table/case282,1828,coffee_table/case282,3,open the microwave,0,"Organize a culinary scene by relocating items, including chocolate pudding, mugs, a frypan, and a wine bottle between a wooden cabinet, coffee table, and microwave.",open the microwave,[HOLD],833,3
coffee_table/case282,1829,coffee_table/case282,3,open the microwave,0,"Organize a culinary scene by relocating items, including chocolate pudding, mugs, a frypan, and a wine bottle between a wooden cabinet, coffee table, and microwave.",open the microwave,[HOLD],834,3
coffee_table/case282,1830,coffee_table/case282,3,open the microwave,0,"Organize a culinary scene by relocating items, including chocolate pudding, mugs, a frypan, and a wine bottle between a wooden cabinet, coffee table, and microwave.",open the microwave,[HOLD],835,3
coffee_table/case282,1831,coffee_table/case282,3,open the microwave,0,"Organize a culinary scene by relocating items, including chocolate pudding, mugs, a frypan, and a wine bottle between a wooden cabinet, coffee table, and microwave.",open the microwave,[HOLD],836,3
coffee_table/case282,1832,coffee_table/case282,3,open the microwave,0,"Organize a culinary scene by relocating items, including chocolate pudding, mugs, a frypan, and a wine bottle between a wooden cabinet, coffee table, and microwave.",open the microwave,[HOLD],837,3
coffee_table/case282,1833,coffee_table/case282,3,open the microwave,0,"Organize a culinary scene by relocating items, including chocolate pudding, mugs, a frypan, and a wine bottle between a wooden cabinet, coffee table, and microwave.",open the microwave,[HOLD],838,3
coffee_table/case282,1834,coffee_table/case282,3,open the microwave,0,"Organize a culinary scene by relocating items, including chocolate pudding, mugs, a frypan, and a wine bottle between a wooden cabinet, coffee table, and microwave.",open the microwave,[HOLD],839,3
coffee_table/case282,1835,coffee_table/case282,3,open the microwave,0,"Organize a culinary scene by relocating items, including chocolate pudding, mugs, a frypan, and a wine bottle between a wooden cabinet, coffee table, and microwave.",open the microwave,[HOLD],840,3
coffee_table/case282,1836,coffee_table/case282,3,open the microwave,0,"Organize a culinary scene by relocating items, including chocolate pudding, mugs, a frypan, and a wine bottle between a wooden cabinet, coffee table, and microwave.",open the microwave,[HOLD],841,3
coffee_table/case282,1837,coffee_table/case282,3,open the microwave,0,"Organize a culinary scene by relocating items, including chocolate pudding, mugs, a frypan, and a wine bottle between a wooden cabinet, coffee table, and microwave.",open the microwave,[HOLD],842,3
coffee_table/case282,1838,coffee_table/case282,3,open the microwave,0,"Organize a culinary scene by relocating items, including chocolate pudding, mugs, a frypan, and a wine bottle between a wooden cabinet, coffee table, and microwave.",open the microwave,[HOLD],843,3
coffee_table/case282,1839,coffee_table/case282,3,open the microwave,0,"Organize a culinary scene by relocating items, including chocolate pudding, mugs, a frypan, and a wine bottle between a wooden cabinet, coffee table, and microwave.",open the microwave,[HOLD],844,3
coffee_table/case282,1840,coffee_table/case282,3,open the microwave,0,"Organize a culinary scene by relocating items, including chocolate pudding, mugs, a frypan, and a wine bottle between a wooden cabinet, coffee table, and microwave.",open the microwave,[HOLD],845,3
coffee_table/case282,1841,coffee_table/case282,3,open the microwave,0,"Organize a culinary scene by relocating items, including chocolate pudding, mugs, a frypan, and a wine bottle between a wooden cabinet, coffee table, and microwave.",open the microwave,[HOLD],846,3
coffee_table/case282,1842,coffee_table/case282,3,open the microwave,0,"Organize a culinary scene by relocating items, including chocolate pudding, mugs, a frypan, and a wine bottle between a wooden cabinet, coffee table, and microwave.",open the microwave,[HOLD],847,3
coffee_table/case282,1843,coffee_table/case282,3,open the microwave,0,"Organize a culinary scene by relocating items, including chocolate pudding, mugs, a frypan, and a wine bottle between a wooden cabinet, coffee table, and microwave.",open the microwave,[HOLD],848,3
coffee_table/case282,1844,coffee_table/case282,3,open the microwave,0,"Organize a culinary scene by relocating items, including chocolate pudding, mugs, a frypan, and a wine bottle between a wooden cabinet, coffee table, and microwave.",open the microwave,[HOLD],849,3
coffee_table/case282,1845,coffee_table/case282,3,open the microwave,0,"Organize a culinary scene by relocating items, including chocolate pudding, mugs, a frypan, and a wine bottle between a wooden cabinet, coffee table, and microwave.",open the microwave,[HOLD],850,3
coffee_table/case282,1846,coffee_table/case282,3,open the microwave,0,"Organize a culinary scene by relocating items, including chocolate pudding, mugs, a frypan, and a wine bottle between a wooden cabinet, coffee table, and microwave.",open the microwave,[HOLD],851,3
coffee_table/case282,1847,coffee_table/case282,3,open the microwave,0,"Organize a culinary scene by relocating items, including chocolate pudding, mugs, a frypan, and a wine bottle between a wooden cabinet, coffee table, and microwave.",open the microwave,[HOLD],852,3
coffee_table/case282,1848,coffee_table/case282,3,open the microwave,0,"Organize a culinary scene by relocating items, including chocolate pudding, mugs, a frypan, and a wine bottle between a wooden cabinet, coffee table, and microwave.",open the microwave,[HOLD],853,3
coffee_table/case282,1849,coffee_table/case282,3,open the microwave,0,"Organize a culinary scene by relocating items, including chocolate pudding, mugs, a frypan, and a wine bottle between a wooden cabinet, coffee table, and microwave.",open the microwave,[HOLD],854,3
coffee_table/case282,1850,coffee_table/case282,3,open the microwave,0,"Organize a culinary scene by relocating items, including chocolate pudding, mugs, a frypan, and a wine bottle between a wooden cabinet, coffee table, and microwave.",open the microwave,[HOLD],855,3
coffee_table/case282,1851,coffee_table/case282,3,open the microwave,0,"Organize a culinary scene by relocating items, including chocolate pudding, mugs, a frypan, and a wine bottle between a wooden cabinet, coffee table, and microwave.",open the microwave,[HOLD],856,3
coffee_table/case282,1852,coffee_table/case282,3,open the microwave,0,"Organize a culinary scene by relocating items, including chocolate pudding, mugs, a frypan, and a wine bottle between a wooden cabinet, coffee table, and microwave.",open the microwave,[HOLD],857,3
coffee_table/case282,1853,coffee_table/case282,3,open the microwave,0,"Organize a culinary scene by relocating items, including chocolate pudding, mugs, a frypan, and a wine bottle between a wooden cabinet, coffee table, and microwave.",open the microwave,[HOLD],858,3
coffee_table/case282,1854,coffee_table/case282,3,open the microwave,0,"Organize a culinary scene by relocating items, including chocolate pudding, mugs, a frypan, and a wine bottle between a wooden cabinet, coffee table, and microwave.",open the microwave,[HOLD],859,3
coffee_table/case282,1855,coffee_table/case282,3,open the microwave,0,"Organize a culinary scene by relocating items, including chocolate pudding, mugs, a frypan, and a wine bottle between a wooden cabinet, coffee table, and microwave.",open the microwave,[HOLD],860,3
coffee_table/case282,1856,coffee_table/case282,3,open the microwave,0,"Organize a culinary scene by relocating items, including chocolate pudding, mugs, a frypan, and a wine bottle between a wooden cabinet, coffee table, and microwave.",open the microwave,[HOLD],861,3
coffee_table/case282,1857,coffee_table/case282,3,open the microwave,0,"Organize a culinary scene by relocating items, including chocolate pudding, mugs, a frypan, and a wine bottle between a wooden cabinet, coffee table, and microwave.",open the microwave,[HOLD],862,3
coffee_table/case282,1858,coffee_table/case282,3,open the microwave,0,"Organize a culinary scene by relocating items, including chocolate pudding, mugs, a frypan, and a wine bottle between a wooden cabinet, coffee table, and microwave.",open the microwave,[HOLD],863,3
coffee_table/case282,1859,coffee_table/case282,3,open the microwave,0,"Organize a culinary scene by relocating items, including chocolate pudding, mugs, a frypan, and a wine bottle between a wooden cabinet, coffee table, and microwave.",open the microwave,[HOLD],864,3
coffee_table/case282,1860,coffee_table/case282,3,open the microwave,0,"Organize a culinary scene by relocating items, including chocolate pudding, mugs, a frypan, and a wine bottle between a wooden cabinet, coffee table, and microwave.",open the microwave,[HOLD],865,3
coffee_table/case282,1861,coffee_table/case282,3,open the microwave,0,"Organize a culinary scene by relocating items, including chocolate pudding, mugs, a frypan, and a wine bottle between a wooden cabinet, coffee table, and microwave.",open the microwave,[HOLD],866,3
coffee_table/case282,1862,coffee_table/case282,3,open the microwave,0,"Organize a culinary scene by relocating items, including chocolate pudding, mugs, a frypan, and a wine bottle between a wooden cabinet, coffee table, and microwave.",open the microwave,[HOLD],867,3
coffee_table/case282,1863,coffee_table/case282,3,open the microwave,0,"Organize a culinary scene by relocating items, including chocolate pudding, mugs, a frypan, and a wine bottle between a wooden cabinet, coffee table, and microwave.",open the microwave,[HOLD],868,3
coffee_table/case282,1864,coffee_table/case282,3,open the microwave,0,"Organize a culinary scene by relocating items, including chocolate pudding, mugs, a frypan, and a wine bottle between a wooden cabinet, coffee table, and microwave.",open the microwave,[HOLD],869,3
coffee_table/case282,1865,coffee_table/case282,3,open the microwave,0,"Organize a culinary scene by relocating items, including chocolate pudding, mugs, a frypan, and a wine bottle between a wooden cabinet, coffee table, and microwave.",open the microwave,[HOLD],870,3
coffee_table/case282,1866,coffee_table/case282,3,open the microwave,0,"Organize a culinary scene by relocating items, including chocolate pudding, mugs, a frypan, and a wine bottle between a wooden cabinet, coffee table, and microwave.",open the microwave,[HOLD],871,3
coffee_table/case282,1867,coffee_table/case282,3,open the microwave,0,"Organize a culinary scene by relocating items, including chocolate pudding, mugs, a frypan, and a wine bottle between a wooden cabinet, coffee table, and microwave.",open the microwave,[HOLD],872,3
coffee_table/case282,1868,coffee_table/case282,3,open the microwave,0,"Organize a culinary scene by relocating items, including chocolate pudding, mugs, a frypan, and a wine bottle between a wooden cabinet, coffee table, and microwave.",open the microwave,[HOLD],873,3
coffee_table/case282,1869,coffee_table/case282,3,open the microwave,0,"Organize a culinary scene by relocating items, including chocolate pudding, mugs, a frypan, and a wine bottle between a wooden cabinet, coffee table, and microwave.",open the microwave,[HOLD],874,3
coffee_table/case282,1870,coffee_table/case282,3,open the microwave,0,"Organize a culinary scene by relocating items, including chocolate pudding, mugs, a frypan, and a wine bottle between a wooden cabinet, coffee table, and microwave.",open the microwave,[HOLD],875,3
coffee_table/case282,1871,coffee_table/case282,3,open the microwave,0,"Organize a culinary scene by relocating items, including chocolate pudding, mugs, a frypan, and a wine bottle between a wooden cabinet, coffee table, and microwave.",open the microwave,[HOLD],876,3
coffee_table/case282,1872,coffee_table/case282,3,open the microwave,0,"Organize a culinary scene by relocating items, including chocolate pudding, mugs, a frypan, and a wine bottle between a wooden cabinet, coffee table, and microwave.",open the microwave,[HOLD],877,3
coffee_table/case282,1873,coffee_table/case282,3,open the microwave,0,"Organize a culinary scene by relocating items, including chocolate pudding, mugs, a frypan, and a wine bottle between a wooden cabinet, coffee table, and microwave.",open the microwave,[HOLD],878,3
coffee_table/case282,1874,coffee_table/case282,3,open the microwave,0,"Organize a culinary scene by relocating items, including chocolate pudding, mugs, a frypan, and a wine bottle between a wooden cabinet, coffee table, and microwave.",open the microwave,[HOLD],879,3
coffee_table/case282,1875,coffee_table/case282,3,open the microwave,0,"Organize a culinary scene by relocating items, including chocolate pudding, mugs, a frypan, and a wine bottle between a wooden cabinet, coffee table, and microwave.",open the microwave,[HOLD],880,3
coffee_table/case282,1876,coffee_table/case282,3,open the microwave,0,"Organize a culinary scene by relocating items, including chocolate pudding, mugs, a frypan, and a wine bottle between a wooden cabinet, coffee table, and microwave.",open the microwave,[HOLD],881,3
coffee_table/case282,1877,coffee_table/case282,3,open the microwave,0,"Organize a culinary scene by relocating items, including chocolate pudding, mugs, a frypan, and a wine bottle between a wooden cabinet, coffee table, and microwave.",open the microwave,[HOLD],882,3
coffee_table/case282,1878,coffee_table/case282,3,open the microwave,0,"Organize a culinary scene by relocating items, including chocolate pudding, mugs, a frypan, and a wine bottle between a wooden cabinet, coffee table, and microwave.",open the microwave,[HOLD],883,3
coffee_table/case282,1879,coffee_table/case282,3,open the microwave,0,"Organize a culinary scene by relocating items, including chocolate pudding, mugs, a frypan, and a wine bottle between a wooden cabinet, coffee table, and microwave.",open the microwave,[HOLD],884,3
coffee_table/case282,1880,coffee_table/case282,3,open the microwave,0,"Organize a culinary scene by relocating items, including chocolate pudding, mugs, a frypan, and a wine bottle between a wooden cabinet, coffee table, and microwave.",open the microwave,[HOLD],885,3
coffee_table/case282,1881,coffee_table/case282,3,open the microwave,0,"Organize a culinary scene by relocating items, including chocolate pudding, mugs, a frypan, and a wine bottle between a wooden cabinet, coffee table, and microwave.",open the microwave,[HOLD],886,3
coffee_table/case282,1882,coffee_table/case282,3,open the microwave,0,"Organize a culinary scene by relocating items, including chocolate pudding, mugs, a frypan, and a wine bottle between a wooden cabinet, coffee table, and microwave.",open the microwave,[HOLD],887,3
coffee_table/case282,1883,coffee_table/case282,3,open the microwave,0,"Organize a culinary scene by relocating items, including chocolate pudding, mugs, a frypan, and a wine bottle between a wooden cabinet, coffee table, and microwave.",open the microwave,[HOLD],888,3
coffee_table/case282,1884,coffee_table/case282,3,open the microwave,0,"Organize a culinary scene by relocating items, including chocolate pudding, mugs, a frypan, and a wine bottle between a wooden cabinet, coffee table, and microwave.",open the microwave,[HOLD],889,3
coffee_table/case282,1885,coffee_table/case282,3,open the microwave,0,"Organize a culinary scene by relocating items, including chocolate pudding, mugs, a frypan, and a wine bottle between a wooden cabinet, coffee table, and microwave.",open the microwave,[HOLD],890,3
coffee_table/case282,1886,coffee_table/case282,3,open the microwave,0,"Organize a culinary scene by relocating items, including chocolate pudding, mugs, a frypan, and a wine bottle between a wooden cabinet, coffee table, and microwave.",open the microwave,[HOLD],891,3
coffee_table/case282,1887,coffee_table/case282,3,open the microwave,0,"Organize a culinary scene by relocating items, including chocolate pudding, mugs, a frypan, and a wine bottle between a wooden cabinet, coffee table, and microwave.",open the microwave,[HOLD],892,3
coffee_table/case282,1888,coffee_table/case282,3,open the microwave,0,"Organize a culinary scene by relocating items, including chocolate pudding, mugs, a frypan, and a wine bottle between a wooden cabinet, coffee table, and microwave.",open the microwave,[HOLD],893,3
coffee_table/case282,1889,coffee_table/case282,3,open the microwave,0,"Organize a culinary scene by relocating items, including chocolate pudding, mugs, a frypan, and a wine bottle between a wooden cabinet, coffee table, and microwave.",open the microwave,[HOLD],894,3
coffee_table/case282,1890,coffee_table/case282,3,open the microwave,0,"Organize a culinary scene by relocating items, including chocolate pudding, mugs, a frypan, and a wine bottle between a wooden cabinet, coffee table, and microwave.",open the microwave,[HOLD],895,3
coffee_table/case282,1891,coffee_table/case282,3,open the microwave,0,"Organize a culinary scene by relocating items, including chocolate pudding, mugs, a frypan, and a wine bottle between a wooden cabinet, coffee table, and microwave.",open the microwave,[HOLD],896,3
coffee_table/case282,1892,coffee_table/case282,3,open the microwave,0,"Organize a culinary scene by relocating items, including chocolate pudding, mugs, a frypan, and a wine bottle between a wooden cabinet, coffee table, and microwave.",open the microwave,[HOLD],897,3
coffee_table/case282,1893,coffee_table/case282,3,open the microwave,0,"Organize a culinary scene by relocating items, including chocolate pudding, mugs, a frypan, and a wine bottle between a wooden cabinet, coffee table, and microwave.",open the microwave,[HOLD],898,3
coffee_table/case282,1894,coffee_table/case282,3,open the microwave,0,"Organize a culinary scene by relocating items, including chocolate pudding, mugs, a frypan, and a wine bottle between a wooden cabinet, coffee table, and microwave.",open the microwave,[HOLD],899,3
coffee_table/case282,1895,coffee_table/case282,3,open the microwave,0,"Organize a culinary scene by relocating items, including chocolate pudding, mugs, a frypan, and a wine bottle between a wooden cabinet, coffee table, and microwave.",open the microwave,[HOLD],900,3
coffee_table/case282,1896,coffee_table/case282,3,open the microwave,0,"Organize a culinary scene by relocating items, including chocolate pudding, mugs, a frypan, and a wine bottle between a wooden cabinet, coffee table, and microwave.",open the microwave,[HOLD],901,3
coffee_table/case282,1897,coffee_table/case282,3,open the microwave,0,"Organize a culinary scene by relocating items, including chocolate pudding, mugs, a frypan, and a wine bottle between a wooden cabinet, coffee table, and microwave.",open the microwave,[HOLD],902,3
coffee_table/case282,1898,coffee_table/case282,3,open the microwave,0,"Organize a culinary scene by relocating items, including chocolate pudding, mugs, a frypan, and a wine bottle between a wooden cabinet, coffee table, and microwave.",open the microwave,[HOLD],903,3
coffee_table/case282,1899,coffee_table/case282,3,open the microwave,0,"Organize a culinary scene by relocating items, including chocolate pudding, mugs, a frypan, and a wine bottle between a wooden cabinet, coffee table, and microwave.",open the microwave,[HOLD],904,3
coffee_table/case282,1900,coffee_table/case282,3,open the microwave,0,"Organize a culinary scene by relocating items, including chocolate pudding, mugs, a frypan, and a wine bottle between a wooden cabinet, coffee table, and microwave.",open the microwave,[HOLD],905,3
coffee_table/case282,1901,coffee_table/case282,4,pour out the wine bottle from coffee table,1,"Organize a culinary scene by relocating items, including chocolate pudding, mugs, a frypan, and a wine bottle between a wooden cabinet, coffee table, and microwave.",pour out the wine bottle from coffee table,pour out the wine bottle from coffee table,0,4
coffee_table/case282,1902,coffee_table/case282,4,pour out the wine bottle from coffee table,0,"Organize a culinary scene by relocating items, including chocolate pudding, mugs, a frypan, and a wine bottle between a wooden cabinet, coffee table, and microwave.",pour out the wine bottle from coffee table,[HOLD],1,4
coffee_table/case282,1903,coffee_table/case282,4,pour out the wine bottle from coffee table,0,"Organize a culinary scene by relocating items, including chocolate pudding, mugs, a frypan, and a wine bottle between a wooden cabinet, coffee table, and microwave.",pour out the wine bottle from coffee table,[HOLD],2,4
coffee_table/case282,1904,coffee_table/case282,4,pour out the wine bottle from coffee table,0,"Organize a culinary scene by relocating items, including chocolate pudding, mugs, a frypan, and a wine bottle between a wooden cabinet, coffee table, and microwave.",pour out the wine bottle from coffee table,[HOLD],3,4
coffee_table/case282,1905,coffee_table/case282,4,pour out the wine bottle from coffee table,0,"Organize a culinary scene by relocating items, including chocolate pudding, mugs, a frypan, and a wine bottle between a wooden cabinet, coffee table, and microwave.",pour out the wine bottle from coffee table,[HOLD],4,4
coffee_table/case282,1906,coffee_table/case282,4,pour out the wine bottle from coffee table,0,"Organize a culinary scene by relocating items, including chocolate pudding, mugs, a frypan, and a wine bottle between a wooden cabinet, coffee table, and microwave.",pour out the wine bottle from coffee table,[HOLD],5,4
coffee_table/case282,1907,coffee_table/case282,4,pour out the wine bottle from coffee table,0,"Organize a culinary scene by relocating items, including chocolate pudding, mugs, a frypan, and a wine bottle between a wooden cabinet, coffee table, and microwave.",pour out the wine bottle from coffee table,[HOLD],6,4
coffee_table/case282,1908,coffee_table/case282,4,pour out the wine bottle from coffee table,0,"Organize a culinary scene by relocating items, including chocolate pudding, mugs, a frypan, and a wine bottle between a wooden cabinet, coffee table, and microwave.",pour out the wine bottle from coffee table,[HOLD],7,4
coffee_table/case282,1909,coffee_table/case282,4,pour out the wine bottle from coffee table,0,"Organize a culinary scene by relocating items, including chocolate pudding, mugs, a frypan, and a wine bottle between a wooden cabinet, coffee table, and microwave.",pour out the wine bottle from coffee table,[HOLD],8,4
coffee_table/case282,1910,coffee_table/case282,4,pour out the wine bottle from coffee table,0,"Organize a culinary scene by relocating items, including chocolate pudding, mugs, a frypan, and a wine bottle between a wooden cabinet, coffee table, and microwave.",pour out the wine bottle from coffee table,[HOLD],9,4
coffee_table/case282,1911,coffee_table/case282,4,pour out the wine bottle from coffee table,0,"Organize a culinary scene by relocating items, including chocolate pudding, mugs, a frypan, and a wine bottle between a wooden cabinet, coffee table, and microwave.",pour out the wine bottle from coffee table,[HOLD],10,4
coffee_table/case282,1912,coffee_table/case282,4,pour out the wine bottle from coffee table,0,"Organize a culinary scene by relocating items, including chocolate pudding, mugs, a frypan, and a wine bottle between a wooden cabinet, coffee table, and microwave.",pour out the wine bottle from coffee table,[HOLD],11,4
coffee_table/case282,1913,coffee_table/case282,4,pour out the wine bottle from coffee table,0,"Organize a culinary scene by relocating items, including chocolate pudding, mugs, a frypan, and a wine bottle between a wooden cabinet, coffee table, and microwave.",pour out the wine bottle from coffee table,[HOLD],12,4
coffee_table/case282,1914,coffee_table/case282,4,pour out the wine bottle from coffee table,0,"Organize a culinary scene by relocating items, including chocolate pudding, mugs, a frypan, and a wine bottle between a wooden cabinet, coffee table, and microwave.",pour out the wine bottle from coffee table,[HOLD],13,4
coffee_table/case282,1915,coffee_table/case282,4,pour out the wine bottle from coffee table,0,"Organize a culinary scene by relocating items, including chocolate pudding, mugs, a frypan, and a wine bottle between a wooden cabinet, coffee table, and microwave.",pour out the wine bottle from coffee table,[HOLD],14,4
coffee_table/case282,1916,coffee_table/case282,4,pour out the wine bottle from coffee table,0,"Organize a culinary scene by relocating items, including chocolate pudding, mugs, a frypan, and a wine bottle between a wooden cabinet, coffee table, and microwave.",pour out the wine bottle from coffee table,[HOLD],15,4
coffee_table/case282,1917,coffee_table/case282,4,pour out the wine bottle from coffee table,0,"Organize a culinary scene by relocating items, including chocolate pudding, mugs, a frypan, and a wine bottle between a wooden cabinet, coffee table, and microwave.",pour out the wine bottle from coffee table,[HOLD],16,4
coffee_table/case282,1918,coffee_table/case282,4,pour out the wine bottle from coffee table,0,"Organize a culinary scene by relocating items, including chocolate pudding, mugs, a frypan, and a wine bottle between a wooden cabinet, coffee table, and microwave.",pour out the wine bottle from coffee table,[HOLD],17,4
coffee_table/case282,1919,coffee_table/case282,4,pour out the wine bottle from coffee table,0,"Organize a culinary scene by relocating items, including chocolate pudding, mugs, a frypan, and a wine bottle between a wooden cabinet, coffee table, and microwave.",pour out the wine bottle from coffee table,[HOLD],18,4
coffee_table/case282,1920,coffee_table/case282,4,pour out the wine bottle from coffee table,0,"Organize a culinary scene by relocating items, including chocolate pudding, mugs, a frypan, and a wine bottle between a wooden cabinet, coffee table, and microwave.",pour out the wine bottle from coffee table,[HOLD],19,4
coffee_table/case282,1921,coffee_table/case282,4,pour out the wine bottle from coffee table,0,"Organize a culinary scene by relocating items, including chocolate pudding, mugs, a frypan, and a wine bottle between a wooden cabinet, coffee table, and microwave.",pour out the wine bottle from coffee table,[HOLD],20,4
coffee_table/case282,1922,coffee_table/case282,4,pour out the wine bottle from coffee table,0,"Organize a culinary scene by relocating items, including chocolate pudding, mugs, a frypan, and a wine bottle between a wooden cabinet, coffee table, and microwave.",pour out the wine bottle from coffee table,[HOLD],21,4
coffee_table/case282,1923,coffee_table/case282,4,pour out the wine bottle from coffee table,0,"Organize a culinary scene by relocating items, including chocolate pudding, mugs, a frypan, and a wine bottle between a wooden cabinet, coffee table, and microwave.",pour out the wine bottle from coffee table,[HOLD],22,4
coffee_table/case282,1924,coffee_table/case282,4,pour out the wine bottle from coffee table,0,"Organize a culinary scene by relocating items, including chocolate pudding, mugs, a frypan, and a wine bottle between a wooden cabinet, coffee table, and microwave.",pour out the wine bottle from coffee table,[HOLD],23,4
coffee_table/case282,1925,coffee_table/case282,4,pour out the wine bottle from coffee table,0,"Organize a culinary scene by relocating items, including chocolate pudding, mugs, a frypan, and a wine bottle between a wooden cabinet, coffee table, and microwave.",pour out the wine bottle from coffee table,[HOLD],24,4
coffee_table/case282,1926,coffee_table/case282,4,pour out the wine bottle from coffee table,0,"Organize a culinary scene by relocating items, including chocolate pudding, mugs, a frypan, and a wine bottle between a wooden cabinet, coffee table, and microwave.",pour out the wine bottle from coffee table,[HOLD],25,4
coffee_table/case282,1927,coffee_table/case282,4,pour out the wine bottle from coffee table,0,"Organize a culinary scene by relocating items, including chocolate pudding, mugs, a frypan, and a wine bottle between a wooden cabinet, coffee table, and microwave.",pour out the wine bottle from coffee table,[HOLD],26,4
coffee_table/case282,1928,coffee_table/case282,4,pour out the wine bottle from coffee table,0,"Organize a culinary scene by relocating items, including chocolate pudding, mugs, a frypan, and a wine bottle between a wooden cabinet, coffee table, and microwave.",pour out the wine bottle from coffee table,[HOLD],27,4
coffee_table/case282,1929,coffee_table/case282,4,pour out the wine bottle from coffee table,0,"Organize a culinary scene by relocating items, including chocolate pudding, mugs, a frypan, and a wine bottle between a wooden cabinet, coffee table, and microwave.",pour out the wine bottle from coffee table,[HOLD],28,4
coffee_table/case282,1930,coffee_table/case282,4,pour out the wine bottle from coffee table,0,"Organize a culinary scene by relocating items, including chocolate pudding, mugs, a frypan, and a wine bottle between a wooden cabinet, coffee table, and microwave.",pour out the wine bottle from coffee table,[HOLD],29,4
coffee_table/case282,1931,coffee_table/case282,4,pour out the wine bottle from coffee table,0,"Organize a culinary scene by relocating items, including chocolate pudding, mugs, a frypan, and a wine bottle between a wooden cabinet, coffee table, and microwave.",pour out the wine bottle from coffee table,[HOLD],30,4
coffee_table/case282,1932,coffee_table/case282,4,pour out the wine bottle from coffee table,0,"Organize a culinary scene by relocating items, including chocolate pudding, mugs, a frypan, and a wine bottle between a wooden cabinet, coffee table, and microwave.",pour out the wine bottle from coffee table,[HOLD],31,4
coffee_table/case282,1933,coffee_table/case282,4,pour out the wine bottle from coffee table,0,"Organize a culinary scene by relocating items, including chocolate pudding, mugs, a frypan, and a wine bottle between a wooden cabinet, coffee table, and microwave.",pour out the wine bottle from coffee table,[HOLD],32,4
coffee_table/case282,1934,coffee_table/case282,4,pour out the wine bottle from coffee table,0,"Organize a culinary scene by relocating items, including chocolate pudding, mugs, a frypan, and a wine bottle between a wooden cabinet, coffee table, and microwave.",pour out the wine bottle from coffee table,[HOLD],33,4
coffee_table/case282,1935,coffee_table/case282,4,pour out the wine bottle from coffee table,0,"Organize a culinary scene by relocating items, including chocolate pudding, mugs, a frypan, and a wine bottle between a wooden cabinet, coffee table, and microwave.",pour out the wine bottle from coffee table,[HOLD],34,4
coffee_table/case282,1936,coffee_table/case282,4,pour out the wine bottle from coffee table,0,"Organize a culinary scene by relocating items, including chocolate pudding, mugs, a frypan, and a wine bottle between a wooden cabinet, coffee table, and microwave.",pour out the wine bottle from coffee table,[HOLD],35,4
coffee_table/case282,1937,coffee_table/case282,4,pour out the wine bottle from coffee table,0,"Organize a culinary scene by relocating items, including chocolate pudding, mugs, a frypan, and a wine bottle between a wooden cabinet, coffee table, and microwave.",pour out the wine bottle from coffee table,[HOLD],36,4
coffee_table/case282,1938,coffee_table/case282,4,pour out the wine bottle from coffee table,0,"Organize a culinary scene by relocating items, including chocolate pudding, mugs, a frypan, and a wine bottle between a wooden cabinet, coffee table, and microwave.",pour out the wine bottle from coffee table,[HOLD],37,4
coffee_table/case282,1939,coffee_table/case282,4,pour out the wine bottle from coffee table,0,"Organize a culinary scene by relocating items, including chocolate pudding, mugs, a frypan, and a wine bottle between a wooden cabinet, coffee table, and microwave.",pour out the wine bottle from coffee table,[HOLD],38,4
coffee_table/case282,1940,coffee_table/case282,4,pour out the wine bottle from coffee table,0,"Organize a culinary scene by relocating items, including chocolate pudding, mugs, a frypan, and a wine bottle between a wooden cabinet, coffee table, and microwave.",pour out the wine bottle from coffee table,[HOLD],39,4
coffee_table/case282,1941,coffee_table/case282,4,pour out the wine bottle from coffee table,0,"Organize a culinary scene by relocating items, including chocolate pudding, mugs, a frypan, and a wine bottle between a wooden cabinet, coffee table, and microwave.",pour out the wine bottle from coffee table,[HOLD],40,4
coffee_table/case282,1942,coffee_table/case282,4,pour out the wine bottle from coffee table,0,"Organize a culinary scene by relocating items, including chocolate pudding, mugs, a frypan, and a wine bottle between a wooden cabinet, coffee table, and microwave.",pour out the wine bottle from coffee table,[HOLD],41,4
coffee_table/case282,1943,coffee_table/case282,4,pour out the wine bottle from coffee table,0,"Organize a culinary scene by relocating items, including chocolate pudding, mugs, a frypan, and a wine bottle between a wooden cabinet, coffee table, and microwave.",pour out the wine bottle from coffee table,[HOLD],42,4
coffee_table/case282,1944,coffee_table/case282,4,pour out the wine bottle from coffee table,0,"Organize a culinary scene by relocating items, including chocolate pudding, mugs, a frypan, and a wine bottle between a wooden cabinet, coffee table, and microwave.",pour out the wine bottle from coffee table,[HOLD],43,4
coffee_table/case282,1945,coffee_table/case282,4,pour out the wine bottle from coffee table,0,"Organize a culinary scene by relocating items, including chocolate pudding, mugs, a frypan, and a wine bottle between a wooden cabinet, coffee table, and microwave.",pour out the wine bottle from coffee table,[HOLD],44,4
coffee_table/case282,1946,coffee_table/case282,4,pour out the wine bottle from coffee table,0,"Organize a culinary scene by relocating items, including chocolate pudding, mugs, a frypan, and a wine bottle between a wooden cabinet, coffee table, and microwave.",pour out the wine bottle from coffee table,[HOLD],45,4
coffee_table/case282,1947,coffee_table/case282,4,pour out the wine bottle from coffee table,0,"Organize a culinary scene by relocating items, including chocolate pudding, mugs, a frypan, and a wine bottle between a wooden cabinet, coffee table, and microwave.",pour out the wine bottle from coffee table,[HOLD],46,4
coffee_table/case282,1948,coffee_table/case282,4,pour out the wine bottle from coffee table,0,"Organize a culinary scene by relocating items, including chocolate pudding, mugs, a frypan, and a wine bottle between a wooden cabinet, coffee table, and microwave.",pour out the wine bottle from coffee table,[HOLD],47,4
coffee_table/case282,1949,coffee_table/case282,4,pour out the wine bottle from coffee table,0,"Organize a culinary scene by relocating items, including chocolate pudding, mugs, a frypan, and a wine bottle between a wooden cabinet, coffee table, and microwave.",pour out the wine bottle from coffee table,[HOLD],48,4
coffee_table/case282,1950,coffee_table/case282,4,pour out the wine bottle from coffee table,0,"Organize a culinary scene by relocating items, including chocolate pudding, mugs, a frypan, and a wine bottle between a wooden cabinet, coffee table, and microwave.",pour out the wine bottle from coffee table,[HOLD],49,4
coffee_table/case282,1951,coffee_table/case282,4,pour out the wine bottle from coffee table,0,"Organize a culinary scene by relocating items, including chocolate pudding, mugs, a frypan, and a wine bottle between a wooden cabinet, coffee table, and microwave.",pour out the wine bottle from coffee table,[HOLD],50,4
coffee_table/case282,1952,coffee_table/case282,4,pour out the wine bottle from coffee table,0,"Organize a culinary scene by relocating items, including chocolate pudding, mugs, a frypan, and a wine bottle between a wooden cabinet, coffee table, and microwave.",pour out the wine bottle from coffee table,[HOLD],51,4
coffee_table/case282,1953,coffee_table/case282,4,pour out the wine bottle from coffee table,0,"Organize a culinary scene by relocating items, including chocolate pudding, mugs, a frypan, and a wine bottle between a wooden cabinet, coffee table, and microwave.",pour out the wine bottle from coffee table,[HOLD],52,4
coffee_table/case282,1954,coffee_table/case282,4,pour out the wine bottle from coffee table,0,"Organize a culinary scene by relocating items, including chocolate pudding, mugs, a frypan, and a wine bottle between a wooden cabinet, coffee table, and microwave.",pour out the wine bottle from coffee table,[HOLD],53,4
coffee_table/case282,1955,coffee_table/case282,4,pour out the wine bottle from coffee table,0,"Organize a culinary scene by relocating items, including chocolate pudding, mugs, a frypan, and a wine bottle between a wooden cabinet, coffee table, and microwave.",pour out the wine bottle from coffee table,[HOLD],54,4
coffee_table/case282,1956,coffee_table/case282,4,pour out the wine bottle from coffee table,0,"Organize a culinary scene by relocating items, including chocolate pudding, mugs, a frypan, and a wine bottle between a wooden cabinet, coffee table, and microwave.",pour out the wine bottle from coffee table,[HOLD],55,4
coffee_table/case282,1957,coffee_table/case282,4,pour out the wine bottle from coffee table,0,"Organize a culinary scene by relocating items, including chocolate pudding, mugs, a frypan, and a wine bottle between a wooden cabinet, coffee table, and microwave.",pour out the wine bottle from coffee table,[HOLD],56,4
coffee_table/case282,1958,coffee_table/case282,4,pour out the wine bottle from coffee table,0,"Organize a culinary scene by relocating items, including chocolate pudding, mugs, a frypan, and a wine bottle between a wooden cabinet, coffee table, and microwave.",pour out the wine bottle from coffee table,[HOLD],57,4
coffee_table/case282,1959,coffee_table/case282,4,pour out the wine bottle from coffee table,0,"Organize a culinary scene by relocating items, including chocolate pudding, mugs, a frypan, and a wine bottle between a wooden cabinet, coffee table, and microwave.",pour out the wine bottle from coffee table,[HOLD],58,4
coffee_table/case282,1960,coffee_table/case282,4,pour out the wine bottle from coffee table,0,"Organize a culinary scene by relocating items, including chocolate pudding, mugs, a frypan, and a wine bottle between a wooden cabinet, coffee table, and microwave.",pour out the wine bottle from coffee table,[HOLD],59,4
coffee_table/case282,1961,coffee_table/case282,4,pour out the wine bottle from coffee table,0,"Organize a culinary scene by relocating items, including chocolate pudding, mugs, a frypan, and a wine bottle between a wooden cabinet, coffee table, and microwave.",pour out the wine bottle from coffee table,[HOLD],60,4
coffee_table/case282,1962,coffee_table/case282,4,pour out the wine bottle from coffee table,0,"Organize a culinary scene by relocating items, including chocolate pudding, mugs, a frypan, and a wine bottle between a wooden cabinet, coffee table, and microwave.",pour out the wine bottle from coffee table,[HOLD],61,4
coffee_table/case282,1963,coffee_table/case282,4,pour out the wine bottle from coffee table,0,"Organize a culinary scene by relocating items, including chocolate pudding, mugs, a frypan, and a wine bottle between a wooden cabinet, coffee table, and microwave.",pour out the wine bottle from coffee table,[HOLD],62,4
coffee_table/case282,1964,coffee_table/case282,4,pour out the wine bottle from coffee table,0,"Organize a culinary scene by relocating items, including chocolate pudding, mugs, a frypan, and a wine bottle between a wooden cabinet, coffee table, and microwave.",pour out the wine bottle from coffee table,[HOLD],63,4
coffee_table/case282,1965,coffee_table/case282,4,pour out the wine bottle from coffee table,0,"Organize a culinary scene by relocating items, including chocolate pudding, mugs, a frypan, and a wine bottle between a wooden cabinet, coffee table, and microwave.",pour out the wine bottle from coffee table,[HOLD],64,4
coffee_table/case282,1966,coffee_table/case282,4,pour out the wine bottle from coffee table,0,"Organize a culinary scene by relocating items, including chocolate pudding, mugs, a frypan, and a wine bottle between a wooden cabinet, coffee table, and microwave.",pour out the wine bottle from coffee table,[HOLD],65,4
coffee_table/case282,1967,coffee_table/case282,4,pour out the wine bottle from coffee table,0,"Organize a culinary scene by relocating items, including chocolate pudding, mugs, a frypan, and a wine bottle between a wooden cabinet, coffee table, and microwave.",pour out the wine bottle from coffee table,[HOLD],66,4
coffee_table/case282,1968,coffee_table/case282,4,pour out the wine bottle from coffee table,0,"Organize a culinary scene by relocating items, including chocolate pudding, mugs, a frypan, and a wine bottle between a wooden cabinet, coffee table, and microwave.",pour out the wine bottle from coffee table,[HOLD],67,4
coffee_table/case282,1969,coffee_table/case282,4,pour out the wine bottle from coffee table,0,"Organize a culinary scene by relocating items, including chocolate pudding, mugs, a frypan, and a wine bottle between a wooden cabinet, coffee table, and microwave.",pour out the wine bottle from coffee table,[HOLD],68,4
coffee_table/case282,1970,coffee_table/case282,4,pour out the wine bottle from coffee table,0,"Organize a culinary scene by relocating items, including chocolate pudding, mugs, a frypan, and a wine bottle between a wooden cabinet, coffee table, and microwave.",pour out the wine bottle from coffee table,[HOLD],69,4
coffee_table/case282,1971,coffee_table/case282,4,pour out the wine bottle from coffee table,0,"Organize a culinary scene by relocating items, including chocolate pudding, mugs, a frypan, and a wine bottle between a wooden cabinet, coffee table, and microwave.",pour out the wine bottle from coffee table,[HOLD],70,4
coffee_table/case282,1972,coffee_table/case282,4,pour out the wine bottle from coffee table,0,"Organize a culinary scene by relocating items, including chocolate pudding, mugs, a frypan, and a wine bottle between a wooden cabinet, coffee table, and microwave.",pour out the wine bottle from coffee table,[HOLD],71,4
coffee_table/case282,1973,coffee_table/case282,4,pour out the wine bottle from coffee table,0,"Organize a culinary scene by relocating items, including chocolate pudding, mugs, a frypan, and a wine bottle between a wooden cabinet, coffee table, and microwave.",pour out the wine bottle from coffee table,[HOLD],72,4
coffee_table/case282,1974,coffee_table/case282,4,pour out the wine bottle from coffee table,0,"Organize a culinary scene by relocating items, including chocolate pudding, mugs, a frypan, and a wine bottle between a wooden cabinet, coffee table, and microwave.",pour out the wine bottle from coffee table,[HOLD],73,4
coffee_table/case282,1975,coffee_table/case282,4,pour out the wine bottle from coffee table,0,"Organize a culinary scene by relocating items, including chocolate pudding, mugs, a frypan, and a wine bottle between a wooden cabinet, coffee table, and microwave.",pour out the wine bottle from coffee table,[HOLD],74,4
coffee_table/case282,1976,coffee_table/case282,4,pour out the wine bottle from coffee table,0,"Organize a culinary scene by relocating items, including chocolate pudding, mugs, a frypan, and a wine bottle between a wooden cabinet, coffee table, and microwave.",pour out the wine bottle from coffee table,[HOLD],75,4
coffee_table/case282,1977,coffee_table/case282,4,pour out the wine bottle from coffee table,0,"Organize a culinary scene by relocating items, including chocolate pudding, mugs, a frypan, and a wine bottle between a wooden cabinet, coffee table, and microwave.",pour out the wine bottle from coffee table,[HOLD],76,4
coffee_table/case282,1978,coffee_table/case282,4,pour out the wine bottle from coffee table,0,"Organize a culinary scene by relocating items, including chocolate pudding, mugs, a frypan, and a wine bottle between a wooden cabinet, coffee table, and microwave.",pour out the wine bottle from coffee table,[HOLD],77,4
coffee_table/case282,1979,coffee_table/case282,4,pour out the wine bottle from coffee table,0,"Organize a culinary scene by relocating items, including chocolate pudding, mugs, a frypan, and a wine bottle between a wooden cabinet, coffee table, and microwave.",pour out the wine bottle from coffee table,[HOLD],78,4
coffee_table/case282,1980,coffee_table/case282,4,pour out the wine bottle from coffee table,0,"Organize a culinary scene by relocating items, including chocolate pudding, mugs, a frypan, and a wine bottle between a wooden cabinet, coffee table, and microwave.",pour out the wine bottle from coffee table,[HOLD],79,4
coffee_table/case282,1981,coffee_table/case282,4,pour out the wine bottle from coffee table,0,"Organize a culinary scene by relocating items, including chocolate pudding, mugs, a frypan, and a wine bottle between a wooden cabinet, coffee table, and microwave.",pour out the wine bottle from coffee table,[HOLD],80,4
coffee_table/case282,1982,coffee_table/case282,4,pour out the wine bottle from coffee table,0,"Organize a culinary scene by relocating items, including chocolate pudding, mugs, a frypan, and a wine bottle between a wooden cabinet, coffee table, and microwave.",pour out the wine bottle from coffee table,[HOLD],81,4
coffee_table/case282,1983,coffee_table/case282,4,pour out the wine bottle from coffee table,0,"Organize a culinary scene by relocating items, including chocolate pudding, mugs, a frypan, and a wine bottle between a wooden cabinet, coffee table, and microwave.",pour out the wine bottle from coffee table,[HOLD],82,4
coffee_table/case282,1984,coffee_table/case282,4,pour out the wine bottle from coffee table,0,"Organize a culinary scene by relocating items, including chocolate pudding, mugs, a frypan, and a wine bottle between a wooden cabinet, coffee table, and microwave.",pour out the wine bottle from coffee table,[HOLD],83,4
coffee_table/case282,1985,coffee_table/case282,4,pour out the wine bottle from coffee table,0,"Organize a culinary scene by relocating items, including chocolate pudding, mugs, a frypan, and a wine bottle between a wooden cabinet, coffee table, and microwave.",pour out the wine bottle from coffee table,[HOLD],84,4
coffee_table/case282,1986,coffee_table/case282,4,pour out the wine bottle from coffee table,0,"Organize a culinary scene by relocating items, including chocolate pudding, mugs, a frypan, and a wine bottle between a wooden cabinet, coffee table, and microwave.",pour out the wine bottle from coffee table,[HOLD],85,4
coffee_table/case282,1987,coffee_table/case282,4,pour out the wine bottle from coffee table,0,"Organize a culinary scene by relocating items, including chocolate pudding, mugs, a frypan, and a wine bottle between a wooden cabinet, coffee table, and microwave.",pour out the wine bottle from coffee table,[HOLD],86,4
coffee_table/case282,1988,coffee_table/case282,4,pour out the wine bottle from coffee table,0,"Organize a culinary scene by relocating items, including chocolate pudding, mugs, a frypan, and a wine bottle between a wooden cabinet, coffee table, and microwave.",pour out the wine bottle from coffee table,[HOLD],87,4
coffee_table/case282,1989,coffee_table/case282,4,pour out the wine bottle from coffee table,0,"Organize a culinary scene by relocating items, including chocolate pudding, mugs, a frypan, and a wine bottle between a wooden cabinet, coffee table, and microwave.",pour out the wine bottle from coffee table,[HOLD],88,4
coffee_table/case282,1990,coffee_table/case282,4,pour out the wine bottle from coffee table,0,"Organize a culinary scene by relocating items, including chocolate pudding, mugs, a frypan, and a wine bottle between a wooden cabinet, coffee table, and microwave.",pour out the wine bottle from coffee table,[HOLD],89,4
coffee_table/case282,1991,coffee_table/case282,4,pour out the wine bottle from coffee table,0,"Organize a culinary scene by relocating items, including chocolate pudding, mugs, a frypan, and a wine bottle between a wooden cabinet, coffee table, and microwave.",pour out the wine bottle from coffee table,[HOLD],90,4
coffee_table/case282,1992,coffee_table/case282,4,pour out the wine bottle from coffee table,0,"Organize a culinary scene by relocating items, including chocolate pudding, mugs, a frypan, and a wine bottle between a wooden cabinet, coffee table, and microwave.",pour out the wine bottle from coffee table,[HOLD],91,4
coffee_table/case282,1993,coffee_table/case282,4,pour out the wine bottle from coffee table,0,"Organize a culinary scene by relocating items, including chocolate pudding, mugs, a frypan, and a wine bottle between a wooden cabinet, coffee table, and microwave.",pour out the wine bottle from coffee table,[HOLD],92,4
coffee_table/case282,1994,coffee_table/case282,4,pour out the wine bottle from coffee table,0,"Organize a culinary scene by relocating items, including chocolate pudding, mugs, a frypan, and a wine bottle between a wooden cabinet, coffee table, and microwave.",pour out the wine bottle from coffee table,[HOLD],93,4
coffee_table/case282,1995,coffee_table/case282,4,pour out the wine bottle from coffee table,0,"Organize a culinary scene by relocating items, including chocolate pudding, mugs, a frypan, and a wine bottle between a wooden cabinet, coffee table, and microwave.",pour out the wine bottle from coffee table,[HOLD],94,4
coffee_table/case282,1996,coffee_table/case282,4,pour out the wine bottle from coffee table,0,"Organize a culinary scene by relocating items, including chocolate pudding, mugs, a frypan, and a wine bottle between a wooden cabinet, coffee table, and microwave.",pour out the wine bottle from coffee table,[HOLD],95,4
coffee_table/case282,1997,coffee_table/case282,4,pour out the wine bottle from coffee table,0,"Organize a culinary scene by relocating items, including chocolate pudding, mugs, a frypan, and a wine bottle between a wooden cabinet, coffee table, and microwave.",pour out the wine bottle from coffee table,[HOLD],96,4
coffee_table/case282,1998,coffee_table/case282,4,pour out the wine bottle from coffee table,0,"Organize a culinary scene by relocating items, including chocolate pudding, mugs, a frypan, and a wine bottle between a wooden cabinet, coffee table, and microwave.",pour out the wine bottle from coffee table,[HOLD],97,4
coffee_table/case282,1999,coffee_table/case282,4,pour out the wine bottle from coffee table,0,"Organize a culinary scene by relocating items, including chocolate pudding, mugs, a frypan, and a wine bottle between a wooden cabinet, coffee table, and microwave.",pour out the wine bottle from coffee table,[HOLD],98,4
coffee_table/case282,2000,coffee_table/case282,4,pour out the wine bottle from coffee table,0,"Organize a culinary scene by relocating items, including chocolate pudding, mugs, a frypan, and a wine bottle between a wooden cabinet, coffee table, and microwave.",pour out the wine bottle from coffee table,[HOLD],99,4
coffee_table/case282,2001,coffee_table/case282,4,pour out the wine bottle from coffee table,0,"Organize a culinary scene by relocating items, including chocolate pudding, mugs, a frypan, and a wine bottle between a wooden cabinet, coffee table, and microwave.",pour out the wine bottle from coffee table,[HOLD],100,4
coffee_table/case282,2002,coffee_table/case282,4,pour out the wine bottle from coffee table,0,"Organize a culinary scene by relocating items, including chocolate pudding, mugs, a frypan, and a wine bottle between a wooden cabinet, coffee table, and microwave.",pour out the wine bottle from coffee table,[HOLD],101,4
coffee_table/case282,2003,coffee_table/case282,4,pour out the wine bottle from coffee table,0,"Organize a culinary scene by relocating items, including chocolate pudding, mugs, a frypan, and a wine bottle between a wooden cabinet, coffee table, and microwave.",pour out the wine bottle from coffee table,[HOLD],102,4
coffee_table/case282,2004,coffee_table/case282,4,pour out the wine bottle from coffee table,0,"Organize a culinary scene by relocating items, including chocolate pudding, mugs, a frypan, and a wine bottle between a wooden cabinet, coffee table, and microwave.",pour out the wine bottle from coffee table,[HOLD],103,4
coffee_table/case282,2005,coffee_table/case282,4,pour out the wine bottle from coffee table,0,"Organize a culinary scene by relocating items, including chocolate pudding, mugs, a frypan, and a wine bottle between a wooden cabinet, coffee table, and microwave.",pour out the wine bottle from coffee table,[HOLD],104,4
coffee_table/case282,2006,coffee_table/case282,4,pour out the wine bottle from coffee table,0,"Organize a culinary scene by relocating items, including chocolate pudding, mugs, a frypan, and a wine bottle between a wooden cabinet, coffee table, and microwave.",pour out the wine bottle from coffee table,[HOLD],105,4
coffee_table/case282,2007,coffee_table/case282,4,pour out the wine bottle from coffee table,0,"Organize a culinary scene by relocating items, including chocolate pudding, mugs, a frypan, and a wine bottle between a wooden cabinet, coffee table, and microwave.",pour out the wine bottle from coffee table,[HOLD],106,4
coffee_table/case282,2008,coffee_table/case282,4,pour out the wine bottle from coffee table,0,"Organize a culinary scene by relocating items, including chocolate pudding, mugs, a frypan, and a wine bottle between a wooden cabinet, coffee table, and microwave.",pour out the wine bottle from coffee table,[HOLD],107,4
coffee_table/case282,2009,coffee_table/case282,4,pour out the wine bottle from coffee table,0,"Organize a culinary scene by relocating items, including chocolate pudding, mugs, a frypan, and a wine bottle between a wooden cabinet, coffee table, and microwave.",pour out the wine bottle from coffee table,[HOLD],108,4
coffee_table/case282,2010,coffee_table/case282,4,pour out the wine bottle from coffee table,0,"Organize a culinary scene by relocating items, including chocolate pudding, mugs, a frypan, and a wine bottle between a wooden cabinet, coffee table, and microwave.",pour out the wine bottle from coffee table,[HOLD],109,4
coffee_table/case282,2011,coffee_table/case282,4,pour out the wine bottle from coffee table,0,"Organize a culinary scene by relocating items, including chocolate pudding, mugs, a frypan, and a wine bottle between a wooden cabinet, coffee table, and microwave.",pour out the wine bottle from coffee table,[HOLD],110,4
coffee_table/case282,2012,coffee_table/case282,4,pour out the wine bottle from coffee table,0,"Organize a culinary scene by relocating items, including chocolate pudding, mugs, a frypan, and a wine bottle between a wooden cabinet, coffee table, and microwave.",pour out the wine bottle from coffee table,[HOLD],111,4
coffee_table/case282,2013,coffee_table/case282,4,pour out the wine bottle from coffee table,0,"Organize a culinary scene by relocating items, including chocolate pudding, mugs, a frypan, and a wine bottle between a wooden cabinet, coffee table, and microwave.",pour out the wine bottle from coffee table,[HOLD],112,4
coffee_table/case282,2014,coffee_table/case282,4,pour out the wine bottle from coffee table,0,"Organize a culinary scene by relocating items, including chocolate pudding, mugs, a frypan, and a wine bottle between a wooden cabinet, coffee table, and microwave.",pour out the wine bottle from coffee table,[HOLD],113,4
coffee_table/case282,2015,coffee_table/case282,4,pour out the wine bottle from coffee table,0,"Organize a culinary scene by relocating items, including chocolate pudding, mugs, a frypan, and a wine bottle between a wooden cabinet, coffee table, and microwave.",pour out the wine bottle from coffee table,[HOLD],114,4
coffee_table/case282,2016,coffee_table/case282,4,pour out the wine bottle from coffee table,0,"Organize a culinary scene by relocating items, including chocolate pudding, mugs, a frypan, and a wine bottle between a wooden cabinet, coffee table, and microwave.",pour out the wine bottle from coffee table,[HOLD],115,4
coffee_table/case282,2017,coffee_table/case282,4,pour out the wine bottle from coffee table,0,"Organize a culinary scene by relocating items, including chocolate pudding, mugs, a frypan, and a wine bottle between a wooden cabinet, coffee table, and microwave.",pour out the wine bottle from coffee table,[HOLD],116,4
coffee_table/case282,2018,coffee_table/case282,4,pour out the wine bottle from coffee table,0,"Organize a culinary scene by relocating items, including chocolate pudding, mugs, a frypan, and a wine bottle between a wooden cabinet, coffee table, and microwave.",pour out the wine bottle from coffee table,[HOLD],117,4
coffee_table/case282,2019,coffee_table/case282,4,pour out the wine bottle from coffee table,0,"Organize a culinary scene by relocating items, including chocolate pudding, mugs, a frypan, and a wine bottle between a wooden cabinet, coffee table, and microwave.",pour out the wine bottle from coffee table,[HOLD],118,4
coffee_table/case282,2020,coffee_table/case282,4,pour out the wine bottle from coffee table,0,"Organize a culinary scene by relocating items, including chocolate pudding, mugs, a frypan, and a wine bottle between a wooden cabinet, coffee table, and microwave.",pour out the wine bottle from coffee table,[HOLD],119,4
coffee_table/case282,2021,coffee_table/case282,4,pour out the wine bottle from coffee table,0,"Organize a culinary scene by relocating items, including chocolate pudding, mugs, a frypan, and a wine bottle between a wooden cabinet, coffee table, and microwave.",pour out the wine bottle from coffee table,[HOLD],120,4
coffee_table/case282,2022,coffee_table/case282,4,pour out the wine bottle from coffee table,0,"Organize a culinary scene by relocating items, including chocolate pudding, mugs, a frypan, and a wine bottle between a wooden cabinet, coffee table, and microwave.",pour out the wine bottle from coffee table,[HOLD],121,4
coffee_table/case282,2023,coffee_table/case282,4,pour out the wine bottle from coffee table,0,"Organize a culinary scene by relocating items, including chocolate pudding, mugs, a frypan, and a wine bottle between a wooden cabinet, coffee table, and microwave.",pour out the wine bottle from coffee table,[HOLD],122,4
coffee_table/case282,2024,coffee_table/case282,4,pour out the wine bottle from coffee table,0,"Organize a culinary scene by relocating items, including chocolate pudding, mugs, a frypan, and a wine bottle between a wooden cabinet, coffee table, and microwave.",pour out the wine bottle from coffee table,[HOLD],123,4
coffee_table/case282,2025,coffee_table/case282,4,pour out the wine bottle from coffee table,0,"Organize a culinary scene by relocating items, including chocolate pudding, mugs, a frypan, and a wine bottle between a wooden cabinet, coffee table, and microwave.",pour out the wine bottle from coffee table,[HOLD],124,4
coffee_table/case282,2026,coffee_table/case282,4,pour out the wine bottle from coffee table,0,"Organize a culinary scene by relocating items, including chocolate pudding, mugs, a frypan, and a wine bottle between a wooden cabinet, coffee table, and microwave.",pour out the wine bottle from coffee table,[HOLD],125,4
coffee_table/case282,2027,coffee_table/case282,4,pour out the wine bottle from coffee table,0,"Organize a culinary scene by relocating items, including chocolate pudding, mugs, a frypan, and a wine bottle between a wooden cabinet, coffee table, and microwave.",pour out the wine bottle from coffee table,[HOLD],126,4
coffee_table/case282,2028,coffee_table/case282,4,pour out the wine bottle from coffee table,0,"Organize a culinary scene by relocating items, including chocolate pudding, mugs, a frypan, and a wine bottle between a wooden cabinet, coffee table, and microwave.",pour out the wine bottle from coffee table,[HOLD],127,4
coffee_table/case282,2029,coffee_table/case282,4,pour out the wine bottle from coffee table,0,"Organize a culinary scene by relocating items, including chocolate pudding, mugs, a frypan, and a wine bottle between a wooden cabinet, coffee table, and microwave.",pour out the wine bottle from coffee table,[HOLD],128,4
coffee_table/case282,2030,coffee_table/case282,4,pour out the wine bottle from coffee table,0,"Organize a culinary scene by relocating items, including chocolate pudding, mugs, a frypan, and a wine bottle between a wooden cabinet, coffee table, and microwave.",pour out the wine bottle from coffee table,[HOLD],129,4
coffee_table/case282,2031,coffee_table/case282,4,pour out the wine bottle from coffee table,0,"Organize a culinary scene by relocating items, including chocolate pudding, mugs, a frypan, and a wine bottle between a wooden cabinet, coffee table, and microwave.",pour out the wine bottle from coffee table,[HOLD],130,4
coffee_table/case282,2032,coffee_table/case282,4,pour out the wine bottle from coffee table,0,"Organize a culinary scene by relocating items, including chocolate pudding, mugs, a frypan, and a wine bottle between a wooden cabinet, coffee table, and microwave.",pour out the wine bottle from coffee table,[HOLD],131,4
coffee_table/case282,2033,coffee_table/case282,4,pour out the wine bottle from coffee table,0,"Organize a culinary scene by relocating items, including chocolate pudding, mugs, a frypan, and a wine bottle between a wooden cabinet, coffee table, and microwave.",pour out the wine bottle from coffee table,[HOLD],132,4
coffee_table/case282,2034,coffee_table/case282,4,pour out the wine bottle from coffee table,0,"Organize a culinary scene by relocating items, including chocolate pudding, mugs, a frypan, and a wine bottle between a wooden cabinet, coffee table, and microwave.",pour out the wine bottle from coffee table,[HOLD],133,4
coffee_table/case282,2035,coffee_table/case282,4,pour out the wine bottle from coffee table,0,"Organize a culinary scene by relocating items, including chocolate pudding, mugs, a frypan, and a wine bottle between a wooden cabinet, coffee table, and microwave.",pour out the wine bottle from coffee table,[HOLD],134,4
coffee_table/case282,2036,coffee_table/case282,4,pour out the wine bottle from coffee table,0,"Organize a culinary scene by relocating items, including chocolate pudding, mugs, a frypan, and a wine bottle between a wooden cabinet, coffee table, and microwave.",pour out the wine bottle from coffee table,[HOLD],135,4
coffee_table/case282,2037,coffee_table/case282,4,pour out the wine bottle from coffee table,0,"Organize a culinary scene by relocating items, including chocolate pudding, mugs, a frypan, and a wine bottle between a wooden cabinet, coffee table, and microwave.",pour out the wine bottle from coffee table,[HOLD],136,4
coffee_table/case282,2038,coffee_table/case282,4,pour out the wine bottle from coffee table,0,"Organize a culinary scene by relocating items, including chocolate pudding, mugs, a frypan, and a wine bottle between a wooden cabinet, coffee table, and microwave.",pour out the wine bottle from coffee table,[HOLD],137,4
coffee_table/case282,2039,coffee_table/case282,4,pour out the wine bottle from coffee table,0,"Organize a culinary scene by relocating items, including chocolate pudding, mugs, a frypan, and a wine bottle between a wooden cabinet, coffee table, and microwave.",pour out the wine bottle from coffee table,[HOLD],138,4
coffee_table/case282,2040,coffee_table/case282,4,pour out the wine bottle from coffee table,0,"Organize a culinary scene by relocating items, including chocolate pudding, mugs, a frypan, and a wine bottle between a wooden cabinet, coffee table, and microwave.",pour out the wine bottle from coffee table,[HOLD],139,4
coffee_table/case282,2041,coffee_table/case282,4,pour out the wine bottle from coffee table,0,"Organize a culinary scene by relocating items, including chocolate pudding, mugs, a frypan, and a wine bottle between a wooden cabinet, coffee table, and microwave.",pour out the wine bottle from coffee table,[HOLD],140,4
coffee_table/case282,2042,coffee_table/case282,4,pour out the wine bottle from coffee table,0,"Organize a culinary scene by relocating items, including chocolate pudding, mugs, a frypan, and a wine bottle between a wooden cabinet, coffee table, and microwave.",pour out the wine bottle from coffee table,[HOLD],141,4
coffee_table/case282,2043,coffee_table/case282,4,pour out the wine bottle from coffee table,0,"Organize a culinary scene by relocating items, including chocolate pudding, mugs, a frypan, and a wine bottle between a wooden cabinet, coffee table, and microwave.",pour out the wine bottle from coffee table,[HOLD],142,4
coffee_table/case282,2044,coffee_table/case282,4,pour out the wine bottle from coffee table,0,"Organize a culinary scene by relocating items, including chocolate pudding, mugs, a frypan, and a wine bottle between a wooden cabinet, coffee table, and microwave.",pour out the wine bottle from coffee table,[HOLD],143,4
coffee_table/case282,2045,coffee_table/case282,4,pour out the wine bottle from coffee table,0,"Organize a culinary scene by relocating items, including chocolate pudding, mugs, a frypan, and a wine bottle between a wooden cabinet, coffee table, and microwave.",pour out the wine bottle from coffee table,[HOLD],144,4
coffee_table/case282,2046,coffee_table/case282,4,pour out the wine bottle from coffee table,0,"Organize a culinary scene by relocating items, including chocolate pudding, mugs, a frypan, and a wine bottle between a wooden cabinet, coffee table, and microwave.",pour out the wine bottle from coffee table,[HOLD],145,4
coffee_table/case282,2047,coffee_table/case282,4,pour out the wine bottle from coffee table,0,"Organize a culinary scene by relocating items, including chocolate pudding, mugs, a frypan, and a wine bottle between a wooden cabinet, coffee table, and microwave.",pour out the wine bottle from coffee table,[HOLD],146,4
coffee_table/case282,2048,coffee_table/case282,4,pour out the wine bottle from coffee table,0,"Organize a culinary scene by relocating items, including chocolate pudding, mugs, a frypan, and a wine bottle between a wooden cabinet, coffee table, and microwave.",pour out the wine bottle from coffee table,[HOLD],147,4
coffee_table/case282,2049,coffee_table/case282,4,pour out the wine bottle from coffee table,0,"Organize a culinary scene by relocating items, including chocolate pudding, mugs, a frypan, and a wine bottle between a wooden cabinet, coffee table, and microwave.",pour out the wine bottle from coffee table,[HOLD],148,4
coffee_table/case282,2050,coffee_table/case282,4,pour out the wine bottle from coffee table,0,"Organize a culinary scene by relocating items, including chocolate pudding, mugs, a frypan, and a wine bottle between a wooden cabinet, coffee table, and microwave.",pour out the wine bottle from coffee table,[HOLD],149,4
coffee_table/case282,2051,coffee_table/case282,4,pour out the wine bottle from coffee table,0,"Organize a culinary scene by relocating items, including chocolate pudding, mugs, a frypan, and a wine bottle between a wooden cabinet, coffee table, and microwave.",pour out the wine bottle from coffee table,[HOLD],150,4
coffee_table/case282,2052,coffee_table/case282,4,pour out the wine bottle from coffee table,0,"Organize a culinary scene by relocating items, including chocolate pudding, mugs, a frypan, and a wine bottle between a wooden cabinet, coffee table, and microwave.",pour out the wine bottle from coffee table,[HOLD],151,4
coffee_table/case282,2053,coffee_table/case282,4,pour out the wine bottle from coffee table,0,"Organize a culinary scene by relocating items, including chocolate pudding, mugs, a frypan, and a wine bottle between a wooden cabinet, coffee table, and microwave.",pour out the wine bottle from coffee table,[HOLD],152,4
coffee_table/case282,2054,coffee_table/case282,4,pour out the wine bottle from coffee table,0,"Organize a culinary scene by relocating items, including chocolate pudding, mugs, a frypan, and a wine bottle between a wooden cabinet, coffee table, and microwave.",pour out the wine bottle from coffee table,[HOLD],153,4
coffee_table/case282,2055,coffee_table/case282,4,pour out the wine bottle from coffee table,0,"Organize a culinary scene by relocating items, including chocolate pudding, mugs, a frypan, and a wine bottle between a wooden cabinet, coffee table, and microwave.",pour out the wine bottle from coffee table,[HOLD],154,4
coffee_table/case282,2056,coffee_table/case282,4,pour out the wine bottle from coffee table,0,"Organize a culinary scene by relocating items, including chocolate pudding, mugs, a frypan, and a wine bottle between a wooden cabinet, coffee table, and microwave.",pour out the wine bottle from coffee table,[HOLD],155,4
coffee_table/case282,2057,coffee_table/case282,4,pour out the wine bottle from coffee table,0,"Organize a culinary scene by relocating items, including chocolate pudding, mugs, a frypan, and a wine bottle between a wooden cabinet, coffee table, and microwave.",pour out the wine bottle from coffee table,[HOLD],156,4
coffee_table/case282,2058,coffee_table/case282,4,pour out the wine bottle from coffee table,0,"Organize a culinary scene by relocating items, including chocolate pudding, mugs, a frypan, and a wine bottle between a wooden cabinet, coffee table, and microwave.",pour out the wine bottle from coffee table,[HOLD],157,4
coffee_table/case282,2059,coffee_table/case282,4,pour out the wine bottle from coffee table,0,"Organize a culinary scene by relocating items, including chocolate pudding, mugs, a frypan, and a wine bottle between a wooden cabinet, coffee table, and microwave.",pour out the wine bottle from coffee table,[HOLD],158,4
coffee_table/case282,2060,coffee_table/case282,4,pour out the wine bottle from coffee table,0,"Organize a culinary scene by relocating items, including chocolate pudding, mugs, a frypan, and a wine bottle between a wooden cabinet, coffee table, and microwave.",pour out the wine bottle from coffee table,[HOLD],159,4
coffee_table/case282,2061,coffee_table/case282,4,pour out the wine bottle from coffee table,0,"Organize a culinary scene by relocating items, including chocolate pudding, mugs, a frypan, and a wine bottle between a wooden cabinet, coffee table, and microwave.",pour out the wine bottle from coffee table,[HOLD],160,4
coffee_table/case282,2062,coffee_table/case282,4,pour out the wine bottle from coffee table,0,"Organize a culinary scene by relocating items, including chocolate pudding, mugs, a frypan, and a wine bottle between a wooden cabinet, coffee table, and microwave.",pour out the wine bottle from coffee table,[HOLD],161,4
coffee_table/case282,2063,coffee_table/case282,4,pour out the wine bottle from coffee table,0,"Organize a culinary scene by relocating items, including chocolate pudding, mugs, a frypan, and a wine bottle between a wooden cabinet, coffee table, and microwave.",pour out the wine bottle from coffee table,[HOLD],162,4
coffee_table/case282,2064,coffee_table/case282,4,pour out the wine bottle from coffee table,0,"Organize a culinary scene by relocating items, including chocolate pudding, mugs, a frypan, and a wine bottle between a wooden cabinet, coffee table, and microwave.",pour out the wine bottle from coffee table,[HOLD],163,4
coffee_table/case282,2065,coffee_table/case282,4,pour out the wine bottle from coffee table,0,"Organize a culinary scene by relocating items, including chocolate pudding, mugs, a frypan, and a wine bottle between a wooden cabinet, coffee table, and microwave.",pour out the wine bottle from coffee table,[HOLD],164,4
coffee_table/case282,2066,coffee_table/case282,4,pour out the wine bottle from coffee table,0,"Organize a culinary scene by relocating items, including chocolate pudding, mugs, a frypan, and a wine bottle between a wooden cabinet, coffee table, and microwave.",pour out the wine bottle from coffee table,[HOLD],165,4
coffee_table/case282,2067,coffee_table/case282,4,pour out the wine bottle from coffee table,0,"Organize a culinary scene by relocating items, including chocolate pudding, mugs, a frypan, and a wine bottle between a wooden cabinet, coffee table, and microwave.",pour out the wine bottle from coffee table,[HOLD],166,4
coffee_table/case282,2068,coffee_table/case282,4,pour out the wine bottle from coffee table,0,"Organize a culinary scene by relocating items, including chocolate pudding, mugs, a frypan, and a wine bottle between a wooden cabinet, coffee table, and microwave.",pour out the wine bottle from coffee table,[HOLD],167,4
coffee_table/case282,2069,coffee_table/case282,4,pour out the wine bottle from coffee table,0,"Organize a culinary scene by relocating items, including chocolate pudding, mugs, a frypan, and a wine bottle between a wooden cabinet, coffee table, and microwave.",pour out the wine bottle from coffee table,[HOLD],168,4
coffee_table/case282,2070,coffee_table/case282,4,pour out the wine bottle from coffee table,0,"Organize a culinary scene by relocating items, including chocolate pudding, mugs, a frypan, and a wine bottle between a wooden cabinet, coffee table, and microwave.",pour out the wine bottle from coffee table,[HOLD],169,4
coffee_table/case282,2071,coffee_table/case282,4,pour out the wine bottle from coffee table,0,"Organize a culinary scene by relocating items, including chocolate pudding, mugs, a frypan, and a wine bottle between a wooden cabinet, coffee table, and microwave.",pour out the wine bottle from coffee table,[HOLD],170,4
coffee_table/case282,2072,coffee_table/case282,4,pour out the wine bottle from coffee table,0,"Organize a culinary scene by relocating items, including chocolate pudding, mugs, a frypan, and a wine bottle between a wooden cabinet, coffee table, and microwave.",pour out the wine bottle from coffee table,[HOLD],171,4
coffee_table/case282,2073,coffee_table/case282,4,pour out the wine bottle from coffee table,0,"Organize a culinary scene by relocating items, including chocolate pudding, mugs, a frypan, and a wine bottle between a wooden cabinet, coffee table, and microwave.",pour out the wine bottle from coffee table,[HOLD],172,4
coffee_table/case282,2074,coffee_table/case282,4,pour out the wine bottle from coffee table,0,"Organize a culinary scene by relocating items, including chocolate pudding, mugs, a frypan, and a wine bottle between a wooden cabinet, coffee table, and microwave.",pour out the wine bottle from coffee table,[HOLD],173,4
coffee_table/case282,2075,coffee_table/case282,4,pour out the wine bottle from coffee table,0,"Organize a culinary scene by relocating items, including chocolate pudding, mugs, a frypan, and a wine bottle between a wooden cabinet, coffee table, and microwave.",pour out the wine bottle from coffee table,[HOLD],174,4
coffee_table/case282,2076,coffee_table/case282,4,pour out the wine bottle from coffee table,0,"Organize a culinary scene by relocating items, including chocolate pudding, mugs, a frypan, and a wine bottle between a wooden cabinet, coffee table, and microwave.",pour out the wine bottle from coffee table,[HOLD],175,4
coffee_table/case282,2077,coffee_table/case282,4,pour out the wine bottle from coffee table,0,"Organize a culinary scene by relocating items, including chocolate pudding, mugs, a frypan, and a wine bottle between a wooden cabinet, coffee table, and microwave.",pour out the wine bottle from coffee table,[HOLD],176,4
coffee_table/case282,2078,coffee_table/case282,4,pour out the wine bottle from coffee table,0,"Organize a culinary scene by relocating items, including chocolate pudding, mugs, a frypan, and a wine bottle between a wooden cabinet, coffee table, and microwave.",pour out the wine bottle from coffee table,[HOLD],177,4
coffee_table/case282,2079,coffee_table/case282,4,pour out the wine bottle from coffee table,0,"Organize a culinary scene by relocating items, including chocolate pudding, mugs, a frypan, and a wine bottle between a wooden cabinet, coffee table, and microwave.",pour out the wine bottle from coffee table,[HOLD],178,4
coffee_table/case282,2080,coffee_table/case282,4,pour out the wine bottle from coffee table,0,"Organize a culinary scene by relocating items, including chocolate pudding, mugs, a frypan, and a wine bottle between a wooden cabinet, coffee table, and microwave.",pour out the wine bottle from coffee table,[HOLD],179,4
coffee_table/case282,2081,coffee_table/case282,4,pour out the wine bottle from coffee table,0,"Organize a culinary scene by relocating items, including chocolate pudding, mugs, a frypan, and a wine bottle between a wooden cabinet, coffee table, and microwave.",pour out the wine bottle from coffee table,[HOLD],180,4
coffee_table/case282,2082,coffee_table/case282,4,pour out the wine bottle from coffee table,0,"Organize a culinary scene by relocating items, including chocolate pudding, mugs, a frypan, and a wine bottle between a wooden cabinet, coffee table, and microwave.",pour out the wine bottle from coffee table,[HOLD],181,4
coffee_table/case282,2083,coffee_table/case282,4,pour out the wine bottle from coffee table,0,"Organize a culinary scene by relocating items, including chocolate pudding, mugs, a frypan, and a wine bottle between a wooden cabinet, coffee table, and microwave.",pour out the wine bottle from coffee table,[HOLD],182,4
coffee_table/case282,2084,coffee_table/case282,4,pour out the wine bottle from coffee table,0,"Organize a culinary scene by relocating items, including chocolate pudding, mugs, a frypan, and a wine bottle between a wooden cabinet, coffee table, and microwave.",pour out the wine bottle from coffee table,[HOLD],183,4
coffee_table/case282,2085,coffee_table/case282,4,pour out the wine bottle from coffee table,0,"Organize a culinary scene by relocating items, including chocolate pudding, mugs, a frypan, and a wine bottle between a wooden cabinet, coffee table, and microwave.",pour out the wine bottle from coffee table,[HOLD],184,4
coffee_table/case282,2086,coffee_table/case282,4,pour out the wine bottle from coffee table,0,"Organize a culinary scene by relocating items, including chocolate pudding, mugs, a frypan, and a wine bottle between a wooden cabinet, coffee table, and microwave.",pour out the wine bottle from coffee table,[HOLD],185,4
coffee_table/case282,2087,coffee_table/case282,4,pour out the wine bottle from coffee table,0,"Organize a culinary scene by relocating items, including chocolate pudding, mugs, a frypan, and a wine bottle between a wooden cabinet, coffee table, and microwave.",pour out the wine bottle from coffee table,[HOLD],186,4
coffee_table/case282,2088,coffee_table/case282,4,pour out the wine bottle from coffee table,0,"Organize a culinary scene by relocating items, including chocolate pudding, mugs, a frypan, and a wine bottle between a wooden cabinet, coffee table, and microwave.",pour out the wine bottle from coffee table,[HOLD],187,4
coffee_table/case282,2089,coffee_table/case282,4,pour out the wine bottle from coffee table,0,"Organize a culinary scene by relocating items, including chocolate pudding, mugs, a frypan, and a wine bottle between a wooden cabinet, coffee table, and microwave.",pour out the wine bottle from coffee table,[HOLD],188,4
coffee_table/case282,2090,coffee_table/case282,4,pour out the wine bottle from coffee table,0,"Organize a culinary scene by relocating items, including chocolate pudding, mugs, a frypan, and a wine bottle between a wooden cabinet, coffee table, and microwave.",pour out the wine bottle from coffee table,[HOLD],189,4
coffee_table/case282,2091,coffee_table/case282,4,pour out the wine bottle from coffee table,0,"Organize a culinary scene by relocating items, including chocolate pudding, mugs, a frypan, and a wine bottle between a wooden cabinet, coffee table, and microwave.",pour out the wine bottle from coffee table,[HOLD],190,4
coffee_table/case282,2092,coffee_table/case282,4,pour out the wine bottle from coffee table,0,"Organize a culinary scene by relocating items, including chocolate pudding, mugs, a frypan, and a wine bottle between a wooden cabinet, coffee table, and microwave.",pour out the wine bottle from coffee table,[HOLD],191,4
coffee_table/case282,2093,coffee_table/case282,4,pour out the wine bottle from coffee table,0,"Organize a culinary scene by relocating items, including chocolate pudding, mugs, a frypan, and a wine bottle between a wooden cabinet, coffee table, and microwave.",pour out the wine bottle from coffee table,[HOLD],192,4
coffee_table/case282,2094,coffee_table/case282,4,pour out the wine bottle from coffee table,0,"Organize a culinary scene by relocating items, including chocolate pudding, mugs, a frypan, and a wine bottle between a wooden cabinet, coffee table, and microwave.",pour out the wine bottle from coffee table,[HOLD],193,4
coffee_table/case282,2095,coffee_table/case282,4,pour out the wine bottle from coffee table,0,"Organize a culinary scene by relocating items, including chocolate pudding, mugs, a frypan, and a wine bottle between a wooden cabinet, coffee table, and microwave.",pour out the wine bottle from coffee table,[HOLD],194,4
coffee_table/case282,2096,coffee_table/case282,4,pour out the wine bottle from coffee table,0,"Organize a culinary scene by relocating items, including chocolate pudding, mugs, a frypan, and a wine bottle between a wooden cabinet, coffee table, and microwave.",pour out the wine bottle from coffee table,[HOLD],195,4
coffee_table/case282,2097,coffee_table/case282,4,pour out the wine bottle from coffee table,0,"Organize a culinary scene by relocating items, including chocolate pudding, mugs, a frypan, and a wine bottle between a wooden cabinet, coffee table, and microwave.",pour out the wine bottle from coffee table,[HOLD],196,4
coffee_table/case282,2098,coffee_table/case282,4,pour out the wine bottle from coffee table,0,"Organize a culinary scene by relocating items, including chocolate pudding, mugs, a frypan, and a wine bottle between a wooden cabinet, coffee table, and microwave.",pour out the wine bottle from coffee table,[HOLD],197,4
coffee_table/case282,2099,coffee_table/case282,4,pour out the wine bottle from coffee table,0,"Organize a culinary scene by relocating items, including chocolate pudding, mugs, a frypan, and a wine bottle between a wooden cabinet, coffee table, and microwave.",pour out the wine bottle from coffee table,[HOLD],198,4
coffee_table/case282,2100,coffee_table/case282,4,pour out the wine bottle from coffee table,0,"Organize a culinary scene by relocating items, including chocolate pudding, mugs, a frypan, and a wine bottle between a wooden cabinet, coffee table, and microwave.",pour out the wine bottle from coffee table,[HOLD],199,4
coffee_table/case282,2101,coffee_table/case282,4,pour out the wine bottle from coffee table,0,"Organize a culinary scene by relocating items, including chocolate pudding, mugs, a frypan, and a wine bottle between a wooden cabinet, coffee table, and microwave.",pour out the wine bottle from coffee table,[HOLD],200,4
coffee_table/case282,2102,coffee_table/case282,4,pour out the wine bottle from coffee table,0,"Organize a culinary scene by relocating items, including chocolate pudding, mugs, a frypan, and a wine bottle between a wooden cabinet, coffee table, and microwave.",pour out the wine bottle from coffee table,[HOLD],201,4
coffee_table/case282,2103,coffee_table/case282,4,pour out the wine bottle from coffee table,0,"Organize a culinary scene by relocating items, including chocolate pudding, mugs, a frypan, and a wine bottle between a wooden cabinet, coffee table, and microwave.",pour out the wine bottle from coffee table,[HOLD],202,4
coffee_table/case282,2104,coffee_table/case282,4,pour out the wine bottle from coffee table,0,"Organize a culinary scene by relocating items, including chocolate pudding, mugs, a frypan, and a wine bottle between a wooden cabinet, coffee table, and microwave.",pour out the wine bottle from coffee table,[HOLD],203,4
coffee_table/case282,2105,coffee_table/case282,4,pour out the wine bottle from coffee table,0,"Organize a culinary scene by relocating items, including chocolate pudding, mugs, a frypan, and a wine bottle between a wooden cabinet, coffee table, and microwave.",pour out the wine bottle from coffee table,[HOLD],204,4
coffee_table/case282,2106,coffee_table/case282,4,pour out the wine bottle from coffee table,0,"Organize a culinary scene by relocating items, including chocolate pudding, mugs, a frypan, and a wine bottle between a wooden cabinet, coffee table, and microwave.",pour out the wine bottle from coffee table,[HOLD],205,4
coffee_table/case282,2107,coffee_table/case282,4,pour out the wine bottle from coffee table,0,"Organize a culinary scene by relocating items, including chocolate pudding, mugs, a frypan, and a wine bottle between a wooden cabinet, coffee table, and microwave.",pour out the wine bottle from coffee table,[HOLD],206,4
coffee_table/case282,2108,coffee_table/case282,4,pour out the wine bottle from coffee table,0,"Organize a culinary scene by relocating items, including chocolate pudding, mugs, a frypan, and a wine bottle between a wooden cabinet, coffee table, and microwave.",pour out the wine bottle from coffee table,[HOLD],207,4
coffee_table/case282,2109,coffee_table/case282,4,pour out the wine bottle from coffee table,0,"Organize a culinary scene by relocating items, including chocolate pudding, mugs, a frypan, and a wine bottle between a wooden cabinet, coffee table, and microwave.",pour out the wine bottle from coffee table,[HOLD],208,4
coffee_table/case282,2110,coffee_table/case282,4,pour out the wine bottle from coffee table,0,"Organize a culinary scene by relocating items, including chocolate pudding, mugs, a frypan, and a wine bottle between a wooden cabinet, coffee table, and microwave.",pour out the wine bottle from coffee table,[HOLD],209,4
coffee_table/case282,2111,coffee_table/case282,4,pour out the wine bottle from coffee table,0,"Organize a culinary scene by relocating items, including chocolate pudding, mugs, a frypan, and a wine bottle between a wooden cabinet, coffee table, and microwave.",pour out the wine bottle from coffee table,[HOLD],210,4
coffee_table/case282,2112,coffee_table/case282,4,pour out the wine bottle from coffee table,0,"Organize a culinary scene by relocating items, including chocolate pudding, mugs, a frypan, and a wine bottle between a wooden cabinet, coffee table, and microwave.",pour out the wine bottle from coffee table,[HOLD],211,4
coffee_table/case282,2113,coffee_table/case282,4,pour out the wine bottle from coffee table,0,"Organize a culinary scene by relocating items, including chocolate pudding, mugs, a frypan, and a wine bottle between a wooden cabinet, coffee table, and microwave.",pour out the wine bottle from coffee table,[HOLD],212,4
coffee_table/case282,2114,coffee_table/case282,4,pour out the wine bottle from coffee table,0,"Organize a culinary scene by relocating items, including chocolate pudding, mugs, a frypan, and a wine bottle between a wooden cabinet, coffee table, and microwave.",pour out the wine bottle from coffee table,[HOLD],213,4
coffee_table/case282,2115,coffee_table/case282,4,pour out the wine bottle from coffee table,0,"Organize a culinary scene by relocating items, including chocolate pudding, mugs, a frypan, and a wine bottle between a wooden cabinet, coffee table, and microwave.",pour out the wine bottle from coffee table,[HOLD],214,4
coffee_table/case282,2116,coffee_table/case282,4,pour out the wine bottle from coffee table,0,"Organize a culinary scene by relocating items, including chocolate pudding, mugs, a frypan, and a wine bottle between a wooden cabinet, coffee table, and microwave.",pour out the wine bottle from coffee table,[HOLD],215,4
coffee_table/case282,2117,coffee_table/case282,4,pour out the wine bottle from coffee table,0,"Organize a culinary scene by relocating items, including chocolate pudding, mugs, a frypan, and a wine bottle between a wooden cabinet, coffee table, and microwave.",pour out the wine bottle from coffee table,[HOLD],216,4
coffee_table/case282,2118,coffee_table/case282,4,pour out the wine bottle from coffee table,0,"Organize a culinary scene by relocating items, including chocolate pudding, mugs, a frypan, and a wine bottle between a wooden cabinet, coffee table, and microwave.",pour out the wine bottle from coffee table,[HOLD],217,4
coffee_table/case282,2119,coffee_table/case282,4,pour out the wine bottle from coffee table,0,"Organize a culinary scene by relocating items, including chocolate pudding, mugs, a frypan, and a wine bottle between a wooden cabinet, coffee table, and microwave.",pour out the wine bottle from coffee table,[HOLD],218,4
coffee_table/case282,2120,coffee_table/case282,4,pour out the wine bottle from coffee table,0,"Organize a culinary scene by relocating items, including chocolate pudding, mugs, a frypan, and a wine bottle between a wooden cabinet, coffee table, and microwave.",pour out the wine bottle from coffee table,[HOLD],219,4
coffee_table/case282,2121,coffee_table/case282,4,pour out the wine bottle from coffee table,0,"Organize a culinary scene by relocating items, including chocolate pudding, mugs, a frypan, and a wine bottle between a wooden cabinet, coffee table, and microwave.",pour out the wine bottle from coffee table,[HOLD],220,4
coffee_table/case282,2122,coffee_table/case282,4,pour out the wine bottle from coffee table,0,"Organize a culinary scene by relocating items, including chocolate pudding, mugs, a frypan, and a wine bottle between a wooden cabinet, coffee table, and microwave.",pour out the wine bottle from coffee table,[HOLD],221,4
coffee_table/case282,2123,coffee_table/case282,4,pour out the wine bottle from coffee table,0,"Organize a culinary scene by relocating items, including chocolate pudding, mugs, a frypan, and a wine bottle between a wooden cabinet, coffee table, and microwave.",pour out the wine bottle from coffee table,[HOLD],222,4
coffee_table/case282,2124,coffee_table/case282,4,pour out the wine bottle from coffee table,0,"Organize a culinary scene by relocating items, including chocolate pudding, mugs, a frypan, and a wine bottle between a wooden cabinet, coffee table, and microwave.",pour out the wine bottle from coffee table,[HOLD],223,4
coffee_table/case282,2125,coffee_table/case282,4,pour out the wine bottle from coffee table,0,"Organize a culinary scene by relocating items, including chocolate pudding, mugs, a frypan, and a wine bottle between a wooden cabinet, coffee table, and microwave.",pour out the wine bottle from coffee table,[HOLD],224,4
coffee_table/case282,2126,coffee_table/case282,4,pour out the wine bottle from coffee table,0,"Organize a culinary scene by relocating items, including chocolate pudding, mugs, a frypan, and a wine bottle between a wooden cabinet, coffee table, and microwave.",pour out the wine bottle from coffee table,[HOLD],225,4
coffee_table/case282,2127,coffee_table/case282,4,pour out the wine bottle from coffee table,0,"Organize a culinary scene by relocating items, including chocolate pudding, mugs, a frypan, and a wine bottle between a wooden cabinet, coffee table, and microwave.",pour out the wine bottle from coffee table,[HOLD],226,4
coffee_table/case282,2128,coffee_table/case282,4,pour out the wine bottle from coffee table,0,"Organize a culinary scene by relocating items, including chocolate pudding, mugs, a frypan, and a wine bottle between a wooden cabinet, coffee table, and microwave.",pour out the wine bottle from coffee table,[HOLD],227,4
coffee_table/case282,2129,coffee_table/case282,4,pour out the wine bottle from coffee table,0,"Organize a culinary scene by relocating items, including chocolate pudding, mugs, a frypan, and a wine bottle between a wooden cabinet, coffee table, and microwave.",pour out the wine bottle from coffee table,[HOLD],228,4
coffee_table/case282,2130,coffee_table/case282,4,pour out the wine bottle from coffee table,0,"Organize a culinary scene by relocating items, including chocolate pudding, mugs, a frypan, and a wine bottle between a wooden cabinet, coffee table, and microwave.",pour out the wine bottle from coffee table,[HOLD],229,4
coffee_table/case282,2131,coffee_table/case282,4,pour out the wine bottle from coffee table,0,"Organize a culinary scene by relocating items, including chocolate pudding, mugs, a frypan, and a wine bottle between a wooden cabinet, coffee table, and microwave.",pour out the wine bottle from coffee table,[HOLD],230,4
coffee_table/case282,2132,coffee_table/case282,4,pour out the wine bottle from coffee table,0,"Organize a culinary scene by relocating items, including chocolate pudding, mugs, a frypan, and a wine bottle between a wooden cabinet, coffee table, and microwave.",pour out the wine bottle from coffee table,[HOLD],231,4
coffee_table/case282,2133,coffee_table/case282,4,pour out the wine bottle from coffee table,0,"Organize a culinary scene by relocating items, including chocolate pudding, mugs, a frypan, and a wine bottle between a wooden cabinet, coffee table, and microwave.",pour out the wine bottle from coffee table,[HOLD],232,4
coffee_table/case282,2134,coffee_table/case282,4,pour out the wine bottle from coffee table,0,"Organize a culinary scene by relocating items, including chocolate pudding, mugs, a frypan, and a wine bottle between a wooden cabinet, coffee table, and microwave.",pour out the wine bottle from coffee table,[HOLD],233,4
coffee_table/case282,2135,coffee_table/case282,4,pour out the wine bottle from coffee table,0,"Organize a culinary scene by relocating items, including chocolate pudding, mugs, a frypan, and a wine bottle between a wooden cabinet, coffee table, and microwave.",pour out the wine bottle from coffee table,[HOLD],234,4
coffee_table/case282,2136,coffee_table/case282,4,pour out the wine bottle from coffee table,0,"Organize a culinary scene by relocating items, including chocolate pudding, mugs, a frypan, and a wine bottle between a wooden cabinet, coffee table, and microwave.",pour out the wine bottle from coffee table,[HOLD],235,4
coffee_table/case282,2137,coffee_table/case282,4,pour out the wine bottle from coffee table,0,"Organize a culinary scene by relocating items, including chocolate pudding, mugs, a frypan, and a wine bottle between a wooden cabinet, coffee table, and microwave.",pour out the wine bottle from coffee table,[HOLD],236,4
coffee_table/case282,2138,coffee_table/case282,4,pour out the wine bottle from coffee table,0,"Organize a culinary scene by relocating items, including chocolate pudding, mugs, a frypan, and a wine bottle between a wooden cabinet, coffee table, and microwave.",pour out the wine bottle from coffee table,[HOLD],237,4
coffee_table/case282,2139,coffee_table/case282,4,pour out the wine bottle from coffee table,0,"Organize a culinary scene by relocating items, including chocolate pudding, mugs, a frypan, and a wine bottle between a wooden cabinet, coffee table, and microwave.",pour out the wine bottle from coffee table,[HOLD],238,4
coffee_table/case282,2140,coffee_table/case282,4,pour out the wine bottle from coffee table,0,"Organize a culinary scene by relocating items, including chocolate pudding, mugs, a frypan, and a wine bottle between a wooden cabinet, coffee table, and microwave.",pour out the wine bottle from coffee table,[HOLD],239,4
coffee_table/case282,2141,coffee_table/case282,4,pour out the wine bottle from coffee table,0,"Organize a culinary scene by relocating items, including chocolate pudding, mugs, a frypan, and a wine bottle between a wooden cabinet, coffee table, and microwave.",pour out the wine bottle from coffee table,[HOLD],240,4
coffee_table/case282,2142,coffee_table/case282,4,pour out the wine bottle from coffee table,0,"Organize a culinary scene by relocating items, including chocolate pudding, mugs, a frypan, and a wine bottle between a wooden cabinet, coffee table, and microwave.",pour out the wine bottle from coffee table,[HOLD],241,4
coffee_table/case282,2143,coffee_table/case282,4,pour out the wine bottle from coffee table,0,"Organize a culinary scene by relocating items, including chocolate pudding, mugs, a frypan, and a wine bottle between a wooden cabinet, coffee table, and microwave.",pour out the wine bottle from coffee table,[HOLD],242,4
coffee_table/case282,2144,coffee_table/case282,4,pour out the wine bottle from coffee table,0,"Organize a culinary scene by relocating items, including chocolate pudding, mugs, a frypan, and a wine bottle between a wooden cabinet, coffee table, and microwave.",pour out the wine bottle from coffee table,[HOLD],243,4
coffee_table/case282,2145,coffee_table/case282,4,pour out the wine bottle from coffee table,0,"Organize a culinary scene by relocating items, including chocolate pudding, mugs, a frypan, and a wine bottle between a wooden cabinet, coffee table, and microwave.",pour out the wine bottle from coffee table,[HOLD],244,4
coffee_table/case282,2146,coffee_table/case282,4,pour out the wine bottle from coffee table,0,"Organize a culinary scene by relocating items, including chocolate pudding, mugs, a frypan, and a wine bottle between a wooden cabinet, coffee table, and microwave.",pour out the wine bottle from coffee table,[HOLD],245,4
coffee_table/case282,2147,coffee_table/case282,4,pour out the wine bottle from coffee table,0,"Organize a culinary scene by relocating items, including chocolate pudding, mugs, a frypan, and a wine bottle between a wooden cabinet, coffee table, and microwave.",pour out the wine bottle from coffee table,[HOLD],246,4
coffee_table/case282,2148,coffee_table/case282,4,pour out the wine bottle from coffee table,0,"Organize a culinary scene by relocating items, including chocolate pudding, mugs, a frypan, and a wine bottle between a wooden cabinet, coffee table, and microwave.",pour out the wine bottle from coffee table,[HOLD],247,4
coffee_table/case282,2149,coffee_table/case282,4,pour out the wine bottle from coffee table,0,"Organize a culinary scene by relocating items, including chocolate pudding, mugs, a frypan, and a wine bottle between a wooden cabinet, coffee table, and microwave.",pour out the wine bottle from coffee table,[HOLD],248,4
coffee_table/case282,2150,coffee_table/case282,4,pour out the wine bottle from coffee table,0,"Organize a culinary scene by relocating items, including chocolate pudding, mugs, a frypan, and a wine bottle between a wooden cabinet, coffee table, and microwave.",pour out the wine bottle from coffee table,[HOLD],249,4
coffee_table/case282,2151,coffee_table/case282,4,pour out the wine bottle from coffee table,0,"Organize a culinary scene by relocating items, including chocolate pudding, mugs, a frypan, and a wine bottle between a wooden cabinet, coffee table, and microwave.",pour out the wine bottle from coffee table,[HOLD],250,4
coffee_table/case282,2152,coffee_table/case282,4,pour out the wine bottle from coffee table,0,"Organize a culinary scene by relocating items, including chocolate pudding, mugs, a frypan, and a wine bottle between a wooden cabinet, coffee table, and microwave.",pour out the wine bottle from coffee table,[HOLD],251,4
coffee_table/case282,2153,coffee_table/case282,4,pour out the wine bottle from coffee table,0,"Organize a culinary scene by relocating items, including chocolate pudding, mugs, a frypan, and a wine bottle between a wooden cabinet, coffee table, and microwave.",pour out the wine bottle from coffee table,[HOLD],252,4
coffee_table/case282,2154,coffee_table/case282,4,pour out the wine bottle from coffee table,0,"Organize a culinary scene by relocating items, including chocolate pudding, mugs, a frypan, and a wine bottle between a wooden cabinet, coffee table, and microwave.",pour out the wine bottle from coffee table,[HOLD],253,4
coffee_table/case282,2155,coffee_table/case282,4,pour out the wine bottle from coffee table,0,"Organize a culinary scene by relocating items, including chocolate pudding, mugs, a frypan, and a wine bottle between a wooden cabinet, coffee table, and microwave.",pour out the wine bottle from coffee table,[HOLD],254,4
coffee_table/case282,2156,coffee_table/case282,4,pour out the wine bottle from coffee table,0,"Organize a culinary scene by relocating items, including chocolate pudding, mugs, a frypan, and a wine bottle between a wooden cabinet, coffee table, and microwave.",pour out the wine bottle from coffee table,[HOLD],255,4
coffee_table/case282,2157,coffee_table/case282,4,pour out the wine bottle from coffee table,0,"Organize a culinary scene by relocating items, including chocolate pudding, mugs, a frypan, and a wine bottle between a wooden cabinet, coffee table, and microwave.",pour out the wine bottle from coffee table,[HOLD],256,4
coffee_table/case282,2158,coffee_table/case282,4,pour out the wine bottle from coffee table,0,"Organize a culinary scene by relocating items, including chocolate pudding, mugs, a frypan, and a wine bottle between a wooden cabinet, coffee table, and microwave.",pour out the wine bottle from coffee table,[HOLD],257,4
coffee_table/case282,2159,coffee_table/case282,4,pour out the wine bottle from coffee table,0,"Organize a culinary scene by relocating items, including chocolate pudding, mugs, a frypan, and a wine bottle between a wooden cabinet, coffee table, and microwave.",pour out the wine bottle from coffee table,[HOLD],258,4
coffee_table/case282,2160,coffee_table/case282,4,pour out the wine bottle from coffee table,0,"Organize a culinary scene by relocating items, including chocolate pudding, mugs, a frypan, and a wine bottle between a wooden cabinet, coffee table, and microwave.",pour out the wine bottle from coffee table,[HOLD],259,4
coffee_table/case282,2161,coffee_table/case282,4,pour out the wine bottle from coffee table,0,"Organize a culinary scene by relocating items, including chocolate pudding, mugs, a frypan, and a wine bottle between a wooden cabinet, coffee table, and microwave.",pour out the wine bottle from coffee table,[HOLD],260,4
coffee_table/case282,2162,coffee_table/case282,4,pour out the wine bottle from coffee table,0,"Organize a culinary scene by relocating items, including chocolate pudding, mugs, a frypan, and a wine bottle between a wooden cabinet, coffee table, and microwave.",pour out the wine bottle from coffee table,[HOLD],261,4
coffee_table/case282,2163,coffee_table/case282,4,pour out the wine bottle from coffee table,0,"Organize a culinary scene by relocating items, including chocolate pudding, mugs, a frypan, and a wine bottle between a wooden cabinet, coffee table, and microwave.",pour out the wine bottle from coffee table,[HOLD],262,4
coffee_table/case282,2164,coffee_table/case282,4,pour out the wine bottle from coffee table,0,"Organize a culinary scene by relocating items, including chocolate pudding, mugs, a frypan, and a wine bottle between a wooden cabinet, coffee table, and microwave.",pour out the wine bottle from coffee table,[HOLD],263,4
coffee_table/case282,2165,coffee_table/case282,4,pour out the wine bottle from coffee table,0,"Organize a culinary scene by relocating items, including chocolate pudding, mugs, a frypan, and a wine bottle between a wooden cabinet, coffee table, and microwave.",pour out the wine bottle from coffee table,[HOLD],264,4
coffee_table/case282,2166,coffee_table/case282,4,pour out the wine bottle from coffee table,0,"Organize a culinary scene by relocating items, including chocolate pudding, mugs, a frypan, and a wine bottle between a wooden cabinet, coffee table, and microwave.",pour out the wine bottle from coffee table,[HOLD],265,4
coffee_table/case282,2167,coffee_table/case282,4,pour out the wine bottle from coffee table,0,"Organize a culinary scene by relocating items, including chocolate pudding, mugs, a frypan, and a wine bottle between a wooden cabinet, coffee table, and microwave.",pour out the wine bottle from coffee table,[HOLD],266,4
coffee_table/case282,2168,coffee_table/case282,4,pour out the wine bottle from coffee table,0,"Organize a culinary scene by relocating items, including chocolate pudding, mugs, a frypan, and a wine bottle between a wooden cabinet, coffee table, and microwave.",pour out the wine bottle from coffee table,[HOLD],267,4
coffee_table/case282,2169,coffee_table/case282,4,pour out the wine bottle from coffee table,0,"Organize a culinary scene by relocating items, including chocolate pudding, mugs, a frypan, and a wine bottle between a wooden cabinet, coffee table, and microwave.",pour out the wine bottle from coffee table,[HOLD],268,4
coffee_table/case282,2170,coffee_table/case282,4,pour out the wine bottle from coffee table,0,"Organize a culinary scene by relocating items, including chocolate pudding, mugs, a frypan, and a wine bottle between a wooden cabinet, coffee table, and microwave.",pour out the wine bottle from coffee table,[HOLD],269,4
coffee_table/case282,2171,coffee_table/case282,4,pour out the wine bottle from coffee table,0,"Organize a culinary scene by relocating items, including chocolate pudding, mugs, a frypan, and a wine bottle between a wooden cabinet, coffee table, and microwave.",pour out the wine bottle from coffee table,[HOLD],270,4
coffee_table/case282,2172,coffee_table/case282,4,pour out the wine bottle from coffee table,0,"Organize a culinary scene by relocating items, including chocolate pudding, mugs, a frypan, and a wine bottle between a wooden cabinet, coffee table, and microwave.",pour out the wine bottle from coffee table,[HOLD],271,4
coffee_table/case282,2173,coffee_table/case282,4,pour out the wine bottle from coffee table,0,"Organize a culinary scene by relocating items, including chocolate pudding, mugs, a frypan, and a wine bottle between a wooden cabinet, coffee table, and microwave.",pour out the wine bottle from coffee table,[HOLD],272,4
coffee_table/case282,2174,coffee_table/case282,4,pour out the wine bottle from coffee table,0,"Organize a culinary scene by relocating items, including chocolate pudding, mugs, a frypan, and a wine bottle between a wooden cabinet, coffee table, and microwave.",pour out the wine bottle from coffee table,[HOLD],273,4
coffee_table/case282,2175,coffee_table/case282,4,pour out the wine bottle from coffee table,0,"Organize a culinary scene by relocating items, including chocolate pudding, mugs, a frypan, and a wine bottle between a wooden cabinet, coffee table, and microwave.",pour out the wine bottle from coffee table,[HOLD],274,4
coffee_table/case282,2176,coffee_table/case282,4,pour out the wine bottle from coffee table,0,"Organize a culinary scene by relocating items, including chocolate pudding, mugs, a frypan, and a wine bottle between a wooden cabinet, coffee table, and microwave.",pour out the wine bottle from coffee table,[HOLD],275,4
coffee_table/case282,2177,coffee_table/case282,4,pour out the wine bottle from coffee table,0,"Organize a culinary scene by relocating items, including chocolate pudding, mugs, a frypan, and a wine bottle between a wooden cabinet, coffee table, and microwave.",pour out the wine bottle from coffee table,[HOLD],276,4
coffee_table/case282,2178,coffee_table/case282,4,pour out the wine bottle from coffee table,0,"Organize a culinary scene by relocating items, including chocolate pudding, mugs, a frypan, and a wine bottle between a wooden cabinet, coffee table, and microwave.",pour out the wine bottle from coffee table,[HOLD],277,4
coffee_table/case282,2179,coffee_table/case282,4,pour out the wine bottle from coffee table,0,"Organize a culinary scene by relocating items, including chocolate pudding, mugs, a frypan, and a wine bottle between a wooden cabinet, coffee table, and microwave.",pour out the wine bottle from coffee table,[HOLD],278,4
coffee_table/case282,2180,coffee_table/case282,4,pour out the wine bottle from coffee table,0,"Organize a culinary scene by relocating items, including chocolate pudding, mugs, a frypan, and a wine bottle between a wooden cabinet, coffee table, and microwave.",pour out the wine bottle from coffee table,[HOLD],279,4
coffee_table/case282,2181,coffee_table/case282,4,pour out the wine bottle from coffee table,0,"Organize a culinary scene by relocating items, including chocolate pudding, mugs, a frypan, and a wine bottle between a wooden cabinet, coffee table, and microwave.",pour out the wine bottle from coffee table,[HOLD],280,4
coffee_table/case282,2182,coffee_table/case282,4,pour out the wine bottle from coffee table,0,"Organize a culinary scene by relocating items, including chocolate pudding, mugs, a frypan, and a wine bottle between a wooden cabinet, coffee table, and microwave.",pour out the wine bottle from coffee table,[HOLD],281,4
coffee_table/case282,2183,coffee_table/case282,4,pour out the wine bottle from coffee table,0,"Organize a culinary scene by relocating items, including chocolate pudding, mugs, a frypan, and a wine bottle between a wooden cabinet, coffee table, and microwave.",pour out the wine bottle from coffee table,[HOLD],282,4
coffee_table/case282,2184,coffee_table/case282,4,pour out the wine bottle from coffee table,0,"Organize a culinary scene by relocating items, including chocolate pudding, mugs, a frypan, and a wine bottle between a wooden cabinet, coffee table, and microwave.",pour out the wine bottle from coffee table,[HOLD],283,4
coffee_table/case282,2185,coffee_table/case282,4,pour out the wine bottle from coffee table,0,"Organize a culinary scene by relocating items, including chocolate pudding, mugs, a frypan, and a wine bottle between a wooden cabinet, coffee table, and microwave.",pour out the wine bottle from coffee table,[HOLD],284,4
coffee_table/case282,2186,coffee_table/case282,4,pour out the wine bottle from coffee table,0,"Organize a culinary scene by relocating items, including chocolate pudding, mugs, a frypan, and a wine bottle between a wooden cabinet, coffee table, and microwave.",pour out the wine bottle from coffee table,[HOLD],285,4
coffee_table/case282,2187,coffee_table/case282,4,pour out the wine bottle from coffee table,0,"Organize a culinary scene by relocating items, including chocolate pudding, mugs, a frypan, and a wine bottle between a wooden cabinet, coffee table, and microwave.",pour out the wine bottle from coffee table,[HOLD],286,4
coffee_table/case282,2188,coffee_table/case282,4,pour out the wine bottle from coffee table,0,"Organize a culinary scene by relocating items, including chocolate pudding, mugs, a frypan, and a wine bottle between a wooden cabinet, coffee table, and microwave.",pour out the wine bottle from coffee table,[HOLD],287,4
coffee_table/case282,2189,coffee_table/case282,4,pour out the wine bottle from coffee table,0,"Organize a culinary scene by relocating items, including chocolate pudding, mugs, a frypan, and a wine bottle between a wooden cabinet, coffee table, and microwave.",pour out the wine bottle from coffee table,[HOLD],288,4
coffee_table/case282,2190,coffee_table/case282,4,pour out the wine bottle from coffee table,0,"Organize a culinary scene by relocating items, including chocolate pudding, mugs, a frypan, and a wine bottle between a wooden cabinet, coffee table, and microwave.",pour out the wine bottle from coffee table,[HOLD],289,4
coffee_table/case282,2191,coffee_table/case282,4,pour out the wine bottle from coffee table,0,"Organize a culinary scene by relocating items, including chocolate pudding, mugs, a frypan, and a wine bottle between a wooden cabinet, coffee table, and microwave.",pour out the wine bottle from coffee table,[HOLD],290,4
coffee_table/case282,2192,coffee_table/case282,4,pour out the wine bottle from coffee table,0,"Organize a culinary scene by relocating items, including chocolate pudding, mugs, a frypan, and a wine bottle between a wooden cabinet, coffee table, and microwave.",pour out the wine bottle from coffee table,[HOLD],291,4
coffee_table/case282,2193,coffee_table/case282,4,pour out the wine bottle from coffee table,0,"Organize a culinary scene by relocating items, including chocolate pudding, mugs, a frypan, and a wine bottle between a wooden cabinet, coffee table, and microwave.",pour out the wine bottle from coffee table,[HOLD],292,4
coffee_table/case282,2194,coffee_table/case282,4,pour out the wine bottle from coffee table,0,"Organize a culinary scene by relocating items, including chocolate pudding, mugs, a frypan, and a wine bottle between a wooden cabinet, coffee table, and microwave.",pour out the wine bottle from coffee table,[HOLD],293,4
coffee_table/case282,2195,coffee_table/case282,4,pour out the wine bottle from coffee table,0,"Organize a culinary scene by relocating items, including chocolate pudding, mugs, a frypan, and a wine bottle between a wooden cabinet, coffee table, and microwave.",pour out the wine bottle from coffee table,[HOLD],294,4
coffee_table/case282,2196,coffee_table/case282,4,pour out the wine bottle from coffee table,0,"Organize a culinary scene by relocating items, including chocolate pudding, mugs, a frypan, and a wine bottle between a wooden cabinet, coffee table, and microwave.",pour out the wine bottle from coffee table,[HOLD],295,4
coffee_table/case282,2197,coffee_table/case282,4,pour out the wine bottle from coffee table,0,"Organize a culinary scene by relocating items, including chocolate pudding, mugs, a frypan, and a wine bottle between a wooden cabinet, coffee table, and microwave.",pour out the wine bottle from coffee table,[HOLD],296,4
coffee_table/case282,2198,coffee_table/case282,4,pour out the wine bottle from coffee table,0,"Organize a culinary scene by relocating items, including chocolate pudding, mugs, a frypan, and a wine bottle between a wooden cabinet, coffee table, and microwave.",pour out the wine bottle from coffee table,[HOLD],297,4
coffee_table/case282,2199,coffee_table/case282,4,pour out the wine bottle from coffee table,0,"Organize a culinary scene by relocating items, including chocolate pudding, mugs, a frypan, and a wine bottle between a wooden cabinet, coffee table, and microwave.",pour out the wine bottle from coffee table,[HOLD],298,4
coffee_table/case282,2200,coffee_table/case282,4,pour out the wine bottle from coffee table,0,"Organize a culinary scene by relocating items, including chocolate pudding, mugs, a frypan, and a wine bottle between a wooden cabinet, coffee table, and microwave.",pour out the wine bottle from coffee table,[HOLD],299,4
coffee_table/case282,2201,coffee_table/case282,4,pour out the wine bottle from coffee table,0,"Organize a culinary scene by relocating items, including chocolate pudding, mugs, a frypan, and a wine bottle between a wooden cabinet, coffee table, and microwave.",pour out the wine bottle from coffee table,[HOLD],300,4
coffee_table/case282,2202,coffee_table/case282,4,pour out the wine bottle from coffee table,0,"Organize a culinary scene by relocating items, including chocolate pudding, mugs, a frypan, and a wine bottle between a wooden cabinet, coffee table, and microwave.",pour out the wine bottle from coffee table,[HOLD],301,4
coffee_table/case282,2203,coffee_table/case282,4,pour out the wine bottle from coffee table,0,"Organize a culinary scene by relocating items, including chocolate pudding, mugs, a frypan, and a wine bottle between a wooden cabinet, coffee table, and microwave.",pour out the wine bottle from coffee table,[HOLD],302,4
coffee_table/case282,2204,coffee_table/case282,4,pour out the wine bottle from coffee table,0,"Organize a culinary scene by relocating items, including chocolate pudding, mugs, a frypan, and a wine bottle between a wooden cabinet, coffee table, and microwave.",pour out the wine bottle from coffee table,[HOLD],303,4
coffee_table/case282,2205,coffee_table/case282,4,pour out the wine bottle from coffee table,0,"Organize a culinary scene by relocating items, including chocolate pudding, mugs, a frypan, and a wine bottle between a wooden cabinet, coffee table, and microwave.",pour out the wine bottle from coffee table,[HOLD],304,4
coffee_table/case282,2206,coffee_table/case282,4,pour out the wine bottle from coffee table,0,"Organize a culinary scene by relocating items, including chocolate pudding, mugs, a frypan, and a wine bottle between a wooden cabinet, coffee table, and microwave.",pour out the wine bottle from coffee table,[HOLD],305,4
coffee_table/case282,2207,coffee_table/case282,4,pour out the wine bottle from coffee table,0,"Organize a culinary scene by relocating items, including chocolate pudding, mugs, a frypan, and a wine bottle between a wooden cabinet, coffee table, and microwave.",pour out the wine bottle from coffee table,[HOLD],306,4
coffee_table/case282,2208,coffee_table/case282,4,pour out the wine bottle from coffee table,0,"Organize a culinary scene by relocating items, including chocolate pudding, mugs, a frypan, and a wine bottle between a wooden cabinet, coffee table, and microwave.",pour out the wine bottle from coffee table,[HOLD],307,4
coffee_table/case282,2209,coffee_table/case282,4,pour out the wine bottle from coffee table,0,"Organize a culinary scene by relocating items, including chocolate pudding, mugs, a frypan, and a wine bottle between a wooden cabinet, coffee table, and microwave.",pour out the wine bottle from coffee table,[HOLD],308,4
coffee_table/case282,2210,coffee_table/case282,4,pour out the wine bottle from coffee table,0,"Organize a culinary scene by relocating items, including chocolate pudding, mugs, a frypan, and a wine bottle between a wooden cabinet, coffee table, and microwave.",pour out the wine bottle from coffee table,[HOLD],309,4
coffee_table/case282,2211,coffee_table/case282,4,pour out the wine bottle from coffee table,0,"Organize a culinary scene by relocating items, including chocolate pudding, mugs, a frypan, and a wine bottle between a wooden cabinet, coffee table, and microwave.",pour out the wine bottle from coffee table,[HOLD],310,4
coffee_table/case282,2212,coffee_table/case282,4,pour out the wine bottle from coffee table,0,"Organize a culinary scene by relocating items, including chocolate pudding, mugs, a frypan, and a wine bottle between a wooden cabinet, coffee table, and microwave.",pour out the wine bottle from coffee table,[HOLD],311,4
coffee_table/case282,2213,coffee_table/case282,4,pour out the wine bottle from coffee table,0,"Organize a culinary scene by relocating items, including chocolate pudding, mugs, a frypan, and a wine bottle between a wooden cabinet, coffee table, and microwave.",pour out the wine bottle from coffee table,[HOLD],312,4
coffee_table/case282,2214,coffee_table/case282,4,pour out the wine bottle from coffee table,0,"Organize a culinary scene by relocating items, including chocolate pudding, mugs, a frypan, and a wine bottle between a wooden cabinet, coffee table, and microwave.",pour out the wine bottle from coffee table,[HOLD],313,4
coffee_table/case282,2215,coffee_table/case282,4,pour out the wine bottle from coffee table,0,"Organize a culinary scene by relocating items, including chocolate pudding, mugs, a frypan, and a wine bottle between a wooden cabinet, coffee table, and microwave.",pour out the wine bottle from coffee table,[HOLD],314,4
coffee_table/case282,2216,coffee_table/case282,4,pour out the wine bottle from coffee table,0,"Organize a culinary scene by relocating items, including chocolate pudding, mugs, a frypan, and a wine bottle between a wooden cabinet, coffee table, and microwave.",pour out the wine bottle from coffee table,[HOLD],315,4
coffee_table/case282,2217,coffee_table/case282,4,pour out the wine bottle from coffee table,0,"Organize a culinary scene by relocating items, including chocolate pudding, mugs, a frypan, and a wine bottle between a wooden cabinet, coffee table, and microwave.",pour out the wine bottle from coffee table,[HOLD],316,4
coffee_table/case282,2218,coffee_table/case282,4,pour out the wine bottle from coffee table,0,"Organize a culinary scene by relocating items, including chocolate pudding, mugs, a frypan, and a wine bottle between a wooden cabinet, coffee table, and microwave.",pour out the wine bottle from coffee table,[HOLD],317,4
coffee_table/case282,2219,coffee_table/case282,4,pour out the wine bottle from coffee table,0,"Organize a culinary scene by relocating items, including chocolate pudding, mugs, a frypan, and a wine bottle between a wooden cabinet, coffee table, and microwave.",pour out the wine bottle from coffee table,[HOLD],318,4
coffee_table/case282,2220,coffee_table/case282,4,pour out the wine bottle from coffee table,0,"Organize a culinary scene by relocating items, including chocolate pudding, mugs, a frypan, and a wine bottle between a wooden cabinet, coffee table, and microwave.",pour out the wine bottle from coffee table,[HOLD],319,4
coffee_table/case282,2221,coffee_table/case282,4,pour out the wine bottle from coffee table,0,"Organize a culinary scene by relocating items, including chocolate pudding, mugs, a frypan, and a wine bottle between a wooden cabinet, coffee table, and microwave.",pour out the wine bottle from coffee table,[HOLD],320,4
coffee_table/case282,2222,coffee_table/case282,4,pour out the wine bottle from coffee table,0,"Organize a culinary scene by relocating items, including chocolate pudding, mugs, a frypan, and a wine bottle between a wooden cabinet, coffee table, and microwave.",pour out the wine bottle from coffee table,[HOLD],321,4
coffee_table/case282,2223,coffee_table/case282,4,pour out the wine bottle from coffee table,0,"Organize a culinary scene by relocating items, including chocolate pudding, mugs, a frypan, and a wine bottle between a wooden cabinet, coffee table, and microwave.",pour out the wine bottle from coffee table,[HOLD],322,4
coffee_table/case282,2224,coffee_table/case282,4,pour out the wine bottle from coffee table,0,"Organize a culinary scene by relocating items, including chocolate pudding, mugs, a frypan, and a wine bottle between a wooden cabinet, coffee table, and microwave.",pour out the wine bottle from coffee table,[HOLD],323,4
coffee_table/case282,2225,coffee_table/case282,4,pour out the wine bottle from coffee table,0,"Organize a culinary scene by relocating items, including chocolate pudding, mugs, a frypan, and a wine bottle between a wooden cabinet, coffee table, and microwave.",pour out the wine bottle from coffee table,[HOLD],324,4
coffee_table/case282,2226,coffee_table/case282,4,pour out the wine bottle from coffee table,0,"Organize a culinary scene by relocating items, including chocolate pudding, mugs, a frypan, and a wine bottle between a wooden cabinet, coffee table, and microwave.",pour out the wine bottle from coffee table,[HOLD],325,4
coffee_table/case282,2227,coffee_table/case282,4,pour out the wine bottle from coffee table,0,"Organize a culinary scene by relocating items, including chocolate pudding, mugs, a frypan, and a wine bottle between a wooden cabinet, coffee table, and microwave.",pour out the wine bottle from coffee table,[HOLD],326,4
coffee_table/case282,2228,coffee_table/case282,4,pour out the wine bottle from coffee table,0,"Organize a culinary scene by relocating items, including chocolate pudding, mugs, a frypan, and a wine bottle between a wooden cabinet, coffee table, and microwave.",pour out the wine bottle from coffee table,[HOLD],327,4
coffee_table/case282,2229,coffee_table/case282,4,pour out the wine bottle from coffee table,0,"Organize a culinary scene by relocating items, including chocolate pudding, mugs, a frypan, and a wine bottle between a wooden cabinet, coffee table, and microwave.",pour out the wine bottle from coffee table,[HOLD],328,4
coffee_table/case282,2230,coffee_table/case282,4,pour out the wine bottle from coffee table,0,"Organize a culinary scene by relocating items, including chocolate pudding, mugs, a frypan, and a wine bottle between a wooden cabinet, coffee table, and microwave.",pour out the wine bottle from coffee table,[HOLD],329,4
coffee_table/case282,2231,coffee_table/case282,4,pour out the wine bottle from coffee table,0,"Organize a culinary scene by relocating items, including chocolate pudding, mugs, a frypan, and a wine bottle between a wooden cabinet, coffee table, and microwave.",pour out the wine bottle from coffee table,[HOLD],330,4
coffee_table/case282,2232,coffee_table/case282,4,pour out the wine bottle from coffee table,0,"Organize a culinary scene by relocating items, including chocolate pudding, mugs, a frypan, and a wine bottle between a wooden cabinet, coffee table, and microwave.",pour out the wine bottle from coffee table,[HOLD],331,4
coffee_table/case282,2233,coffee_table/case282,4,pour out the wine bottle from coffee table,0,"Organize a culinary scene by relocating items, including chocolate pudding, mugs, a frypan, and a wine bottle between a wooden cabinet, coffee table, and microwave.",pour out the wine bottle from coffee table,[HOLD],332,4
coffee_table/case282,2234,coffee_table/case282,4,pour out the wine bottle from coffee table,0,"Organize a culinary scene by relocating items, including chocolate pudding, mugs, a frypan, and a wine bottle between a wooden cabinet, coffee table, and microwave.",pour out the wine bottle from coffee table,[HOLD],333,4
coffee_table/case282,2235,coffee_table/case282,4,pour out the wine bottle from coffee table,0,"Organize a culinary scene by relocating items, including chocolate pudding, mugs, a frypan, and a wine bottle between a wooden cabinet, coffee table, and microwave.",pour out the wine bottle from coffee table,[HOLD],334,4
coffee_table/case282,2236,coffee_table/case282,4,pour out the wine bottle from coffee table,0,"Organize a culinary scene by relocating items, including chocolate pudding, mugs, a frypan, and a wine bottle between a wooden cabinet, coffee table, and microwave.",pour out the wine bottle from coffee table,[HOLD],335,4
coffee_table/case282,2237,coffee_table/case282,4,pour out the wine bottle from coffee table,0,"Organize a culinary scene by relocating items, including chocolate pudding, mugs, a frypan, and a wine bottle between a wooden cabinet, coffee table, and microwave.",pour out the wine bottle from coffee table,[HOLD],336,4
coffee_table/case282,2238,coffee_table/case282,4,pour out the wine bottle from coffee table,0,"Organize a culinary scene by relocating items, including chocolate pudding, mugs, a frypan, and a wine bottle between a wooden cabinet, coffee table, and microwave.",pour out the wine bottle from coffee table,[HOLD],337,4
coffee_table/case282,2239,coffee_table/case282,4,pour out the wine bottle from coffee table,0,"Organize a culinary scene by relocating items, including chocolate pudding, mugs, a frypan, and a wine bottle between a wooden cabinet, coffee table, and microwave.",pour out the wine bottle from coffee table,[HOLD],338,4
coffee_table/case282,2240,coffee_table/case282,4,pour out the wine bottle from coffee table,0,"Organize a culinary scene by relocating items, including chocolate pudding, mugs, a frypan, and a wine bottle between a wooden cabinet, coffee table, and microwave.",pour out the wine bottle from coffee table,[HOLD],339,4
coffee_table/case282,2241,coffee_table/case282,4,pour out the wine bottle from coffee table,0,"Organize a culinary scene by relocating items, including chocolate pudding, mugs, a frypan, and a wine bottle between a wooden cabinet, coffee table, and microwave.",pour out the wine bottle from coffee table,[HOLD],340,4
coffee_table/case282,2242,coffee_table/case282,4,pour out the wine bottle from coffee table,0,"Organize a culinary scene by relocating items, including chocolate pudding, mugs, a frypan, and a wine bottle between a wooden cabinet, coffee table, and microwave.",pour out the wine bottle from coffee table,[HOLD],341,4
coffee_table/case282,2243,coffee_table/case282,4,pour out the wine bottle from coffee table,0,"Organize a culinary scene by relocating items, including chocolate pudding, mugs, a frypan, and a wine bottle between a wooden cabinet, coffee table, and microwave.",pour out the wine bottle from coffee table,[HOLD],342,4
coffee_table/case282,2244,coffee_table/case282,4,pour out the wine bottle from coffee table,0,"Organize a culinary scene by relocating items, including chocolate pudding, mugs, a frypan, and a wine bottle between a wooden cabinet, coffee table, and microwave.",pour out the wine bottle from coffee table,[HOLD],343,4
coffee_table/case282,2245,coffee_table/case282,4,pour out the wine bottle from coffee table,0,"Organize a culinary scene by relocating items, including chocolate pudding, mugs, a frypan, and a wine bottle between a wooden cabinet, coffee table, and microwave.",pour out the wine bottle from coffee table,[HOLD],344,4
coffee_table/case282,2246,coffee_table/case282,4,pour out the wine bottle from coffee table,0,"Organize a culinary scene by relocating items, including chocolate pudding, mugs, a frypan, and a wine bottle between a wooden cabinet, coffee table, and microwave.",pour out the wine bottle from coffee table,[HOLD],345,4
coffee_table/case282,2247,coffee_table/case282,4,pour out the wine bottle from coffee table,0,"Organize a culinary scene by relocating items, including chocolate pudding, mugs, a frypan, and a wine bottle between a wooden cabinet, coffee table, and microwave.",pour out the wine bottle from coffee table,[HOLD],346,4
coffee_table/case282,2248,coffee_table/case282,4,pour out the wine bottle from coffee table,0,"Organize a culinary scene by relocating items, including chocolate pudding, mugs, a frypan, and a wine bottle between a wooden cabinet, coffee table, and microwave.",pour out the wine bottle from coffee table,[HOLD],347,4
coffee_table/case282,2249,coffee_table/case282,4,pour out the wine bottle from coffee table,0,"Organize a culinary scene by relocating items, including chocolate pudding, mugs, a frypan, and a wine bottle between a wooden cabinet, coffee table, and microwave.",pour out the wine bottle from coffee table,[HOLD],348,4
coffee_table/case282,2250,coffee_table/case282,4,pour out the wine bottle from coffee table,0,"Organize a culinary scene by relocating items, including chocolate pudding, mugs, a frypan, and a wine bottle between a wooden cabinet, coffee table, and microwave.",pour out the wine bottle from coffee table,[HOLD],349,4
coffee_table/case282,2251,coffee_table/case282,4,pour out the wine bottle from coffee table,0,"Organize a culinary scene by relocating items, including chocolate pudding, mugs, a frypan, and a wine bottle between a wooden cabinet, coffee table, and microwave.",pour out the wine bottle from coffee table,[HOLD],350,4
coffee_table/case282,2252,coffee_table/case282,4,pour out the wine bottle from coffee table,0,"Organize a culinary scene by relocating items, including chocolate pudding, mugs, a frypan, and a wine bottle between a wooden cabinet, coffee table, and microwave.",pour out the wine bottle from coffee table,[HOLD],351,4
coffee_table/case282,2253,coffee_table/case282,4,pour out the wine bottle from coffee table,0,"Organize a culinary scene by relocating items, including chocolate pudding, mugs, a frypan, and a wine bottle between a wooden cabinet, coffee table, and microwave.",pour out the wine bottle from coffee table,[HOLD],352,4
coffee_table/case282,2254,coffee_table/case282,4,pour out the wine bottle from coffee table,0,"Organize a culinary scene by relocating items, including chocolate pudding, mugs, a frypan, and a wine bottle between a wooden cabinet, coffee table, and microwave.",pour out the wine bottle from coffee table,[HOLD],353,4
coffee_table/case282,2255,coffee_table/case282,4,pour out the wine bottle from coffee table,0,"Organize a culinary scene by relocating items, including chocolate pudding, mugs, a frypan, and a wine bottle between a wooden cabinet, coffee table, and microwave.",pour out the wine bottle from coffee table,[HOLD],354,4
coffee_table/case282,2256,coffee_table/case282,4,pour out the wine bottle from coffee table,0,"Organize a culinary scene by relocating items, including chocolate pudding, mugs, a frypan, and a wine bottle between a wooden cabinet, coffee table, and microwave.",pour out the wine bottle from coffee table,[HOLD],355,4
coffee_table/case282,2257,coffee_table/case282,4,pour out the wine bottle from coffee table,0,"Organize a culinary scene by relocating items, including chocolate pudding, mugs, a frypan, and a wine bottle between a wooden cabinet, coffee table, and microwave.",pour out the wine bottle from coffee table,[HOLD],356,4
coffee_table/case282,2258,coffee_table/case282,4,pour out the wine bottle from coffee table,0,"Organize a culinary scene by relocating items, including chocolate pudding, mugs, a frypan, and a wine bottle between a wooden cabinet, coffee table, and microwave.",pour out the wine bottle from coffee table,[HOLD],357,4
coffee_table/case282,2259,coffee_table/case282,4,pour out the wine bottle from coffee table,0,"Organize a culinary scene by relocating items, including chocolate pudding, mugs, a frypan, and a wine bottle between a wooden cabinet, coffee table, and microwave.",pour out the wine bottle from coffee table,[HOLD],358,4
coffee_table/case282,2260,coffee_table/case282,4,pour out the wine bottle from coffee table,0,"Organize a culinary scene by relocating items, including chocolate pudding, mugs, a frypan, and a wine bottle between a wooden cabinet, coffee table, and microwave.",pour out the wine bottle from coffee table,[HOLD],359,4
coffee_table/case282,2261,coffee_table/case282,4,pour out the wine bottle from coffee table,0,"Organize a culinary scene by relocating items, including chocolate pudding, mugs, a frypan, and a wine bottle between a wooden cabinet, coffee table, and microwave.",pour out the wine bottle from coffee table,[HOLD],360,4
coffee_table/case282,2262,coffee_table/case282,4,pour out the wine bottle from coffee table,0,"Organize a culinary scene by relocating items, including chocolate pudding, mugs, a frypan, and a wine bottle between a wooden cabinet, coffee table, and microwave.",pour out the wine bottle from coffee table,[HOLD],361,4
coffee_table/case282,2263,coffee_table/case282,4,pour out the wine bottle from coffee table,0,"Organize a culinary scene by relocating items, including chocolate pudding, mugs, a frypan, and a wine bottle between a wooden cabinet, coffee table, and microwave.",pour out the wine bottle from coffee table,[HOLD],362,4
coffee_table/case282,2264,coffee_table/case282,4,pour out the wine bottle from coffee table,0,"Organize a culinary scene by relocating items, including chocolate pudding, mugs, a frypan, and a wine bottle between a wooden cabinet, coffee table, and microwave.",pour out the wine bottle from coffee table,[HOLD],363,4
coffee_table/case282,2265,coffee_table/case282,4,pour out the wine bottle from coffee table,0,"Organize a culinary scene by relocating items, including chocolate pudding, mugs, a frypan, and a wine bottle between a wooden cabinet, coffee table, and microwave.",pour out the wine bottle from coffee table,[HOLD],364,4
coffee_table/case282,2266,coffee_table/case282,4,pour out the wine bottle from coffee table,0,"Organize a culinary scene by relocating items, including chocolate pudding, mugs, a frypan, and a wine bottle between a wooden cabinet, coffee table, and microwave.",pour out the wine bottle from coffee table,[HOLD],365,4
coffee_table/case282,2267,coffee_table/case282,4,pour out the wine bottle from coffee table,0,"Organize a culinary scene by relocating items, including chocolate pudding, mugs, a frypan, and a wine bottle between a wooden cabinet, coffee table, and microwave.",pour out the wine bottle from coffee table,[HOLD],366,4
coffee_table/case282,2268,coffee_table/case282,4,pour out the wine bottle from coffee table,0,"Organize a culinary scene by relocating items, including chocolate pudding, mugs, a frypan, and a wine bottle between a wooden cabinet, coffee table, and microwave.",pour out the wine bottle from coffee table,[HOLD],367,4
coffee_table/case282,2269,coffee_table/case282,4,pour out the wine bottle from coffee table,0,"Organize a culinary scene by relocating items, including chocolate pudding, mugs, a frypan, and a wine bottle between a wooden cabinet, coffee table, and microwave.",pour out the wine bottle from coffee table,[HOLD],368,4
coffee_table/case282,2270,coffee_table/case282,4,pour out the wine bottle from coffee table,0,"Organize a culinary scene by relocating items, including chocolate pudding, mugs, a frypan, and a wine bottle between a wooden cabinet, coffee table, and microwave.",pour out the wine bottle from coffee table,[HOLD],369,4
coffee_table/case282,2271,coffee_table/case282,4,pour out the wine bottle from coffee table,0,"Organize a culinary scene by relocating items, including chocolate pudding, mugs, a frypan, and a wine bottle between a wooden cabinet, coffee table, and microwave.",pour out the wine bottle from coffee table,[HOLD],370,4
coffee_table/case282,2272,coffee_table/case282,4,pour out the wine bottle from coffee table,0,"Organize a culinary scene by relocating items, including chocolate pudding, mugs, a frypan, and a wine bottle between a wooden cabinet, coffee table, and microwave.",pour out the wine bottle from coffee table,[HOLD],371,4
coffee_table/case282,2273,coffee_table/case282,4,pour out the wine bottle from coffee table,0,"Organize a culinary scene by relocating items, including chocolate pudding, mugs, a frypan, and a wine bottle between a wooden cabinet, coffee table, and microwave.",pour out the wine bottle from coffee table,[HOLD],372,4
coffee_table/case282,2274,coffee_table/case282,4,pour out the wine bottle from coffee table,0,"Organize a culinary scene by relocating items, including chocolate pudding, mugs, a frypan, and a wine bottle between a wooden cabinet, coffee table, and microwave.",pour out the wine bottle from coffee table,[HOLD],373,4
coffee_table/case282,2275,coffee_table/case282,4,pour out the wine bottle from coffee table,0,"Organize a culinary scene by relocating items, including chocolate pudding, mugs, a frypan, and a wine bottle between a wooden cabinet, coffee table, and microwave.",pour out the wine bottle from coffee table,[HOLD],374,4
coffee_table/case282,2276,coffee_table/case282,4,pour out the wine bottle from coffee table,0,"Organize a culinary scene by relocating items, including chocolate pudding, mugs, a frypan, and a wine bottle between a wooden cabinet, coffee table, and microwave.",pour out the wine bottle from coffee table,[HOLD],375,4
coffee_table/case282,2277,coffee_table/case282,4,pour out the wine bottle from coffee table,0,"Organize a culinary scene by relocating items, including chocolate pudding, mugs, a frypan, and a wine bottle between a wooden cabinet, coffee table, and microwave.",pour out the wine bottle from coffee table,[HOLD],376,4
coffee_table/case282,2278,coffee_table/case282,4,pour out the wine bottle from coffee table,0,"Organize a culinary scene by relocating items, including chocolate pudding, mugs, a frypan, and a wine bottle between a wooden cabinet, coffee table, and microwave.",pour out the wine bottle from coffee table,[HOLD],377,4
coffee_table/case282,2279,coffee_table/case282,4,pour out the wine bottle from coffee table,0,"Organize a culinary scene by relocating items, including chocolate pudding, mugs, a frypan, and a wine bottle between a wooden cabinet, coffee table, and microwave.",pour out the wine bottle from coffee table,[HOLD],378,4
coffee_table/case282,2280,coffee_table/case282,4,pour out the wine bottle from coffee table,0,"Organize a culinary scene by relocating items, including chocolate pudding, mugs, a frypan, and a wine bottle between a wooden cabinet, coffee table, and microwave.",pour out the wine bottle from coffee table,[HOLD],379,4
coffee_table/case282,2281,coffee_table/case282,4,pour out the wine bottle from coffee table,0,"Organize a culinary scene by relocating items, including chocolate pudding, mugs, a frypan, and a wine bottle between a wooden cabinet, coffee table, and microwave.",pour out the wine bottle from coffee table,[HOLD],380,4
coffee_table/case282,2282,coffee_table/case282,4,pour out the wine bottle from coffee table,0,"Organize a culinary scene by relocating items, including chocolate pudding, mugs, a frypan, and a wine bottle between a wooden cabinet, coffee table, and microwave.",pour out the wine bottle from coffee table,[HOLD],381,4
coffee_table/case282,2283,coffee_table/case282,4,pour out the wine bottle from coffee table,0,"Organize a culinary scene by relocating items, including chocolate pudding, mugs, a frypan, and a wine bottle between a wooden cabinet, coffee table, and microwave.",pour out the wine bottle from coffee table,[HOLD],382,4
coffee_table/case282,2284,coffee_table/case282,4,pour out the wine bottle from coffee table,0,"Organize a culinary scene by relocating items, including chocolate pudding, mugs, a frypan, and a wine bottle between a wooden cabinet, coffee table, and microwave.",pour out the wine bottle from coffee table,[HOLD],383,4
coffee_table/case282,2285,coffee_table/case282,4,pour out the wine bottle from coffee table,0,"Organize a culinary scene by relocating items, including chocolate pudding, mugs, a frypan, and a wine bottle between a wooden cabinet, coffee table, and microwave.",pour out the wine bottle from coffee table,[HOLD],384,4
coffee_table/case282,2286,coffee_table/case282,4,pour out the wine bottle from coffee table,0,"Organize a culinary scene by relocating items, including chocolate pudding, mugs, a frypan, and a wine bottle between a wooden cabinet, coffee table, and microwave.",pour out the wine bottle from coffee table,[HOLD],385,4
coffee_table/case282,2287,coffee_table/case282,4,pour out the wine bottle from coffee table,0,"Organize a culinary scene by relocating items, including chocolate pudding, mugs, a frypan, and a wine bottle between a wooden cabinet, coffee table, and microwave.",pour out the wine bottle from coffee table,[HOLD],386,4
coffee_table/case282,2288,coffee_table/case282,4,pour out the wine bottle from coffee table,0,"Organize a culinary scene by relocating items, including chocolate pudding, mugs, a frypan, and a wine bottle between a wooden cabinet, coffee table, and microwave.",pour out the wine bottle from coffee table,[HOLD],387,4
coffee_table/case282,2289,coffee_table/case282,4,pour out the wine bottle from coffee table,0,"Organize a culinary scene by relocating items, including chocolate pudding, mugs, a frypan, and a wine bottle between a wooden cabinet, coffee table, and microwave.",pour out the wine bottle from coffee table,[HOLD],388,4
coffee_table/case282,2290,coffee_table/case282,4,pour out the wine bottle from coffee table,0,"Organize a culinary scene by relocating items, including chocolate pudding, mugs, a frypan, and a wine bottle between a wooden cabinet, coffee table, and microwave.",pour out the wine bottle from coffee table,[HOLD],389,4
coffee_table/case282,2291,coffee_table/case282,4,pour out the wine bottle from coffee table,0,"Organize a culinary scene by relocating items, including chocolate pudding, mugs, a frypan, and a wine bottle between a wooden cabinet, coffee table, and microwave.",pour out the wine bottle from coffee table,[HOLD],390,4
coffee_table/case282,2292,coffee_table/case282,4,pour out the wine bottle from coffee table,0,"Organize a culinary scene by relocating items, including chocolate pudding, mugs, a frypan, and a wine bottle between a wooden cabinet, coffee table, and microwave.",pour out the wine bottle from coffee table,[HOLD],391,4
coffee_table/case282,2293,coffee_table/case282,4,pour out the wine bottle from coffee table,0,"Organize a culinary scene by relocating items, including chocolate pudding, mugs, a frypan, and a wine bottle between a wooden cabinet, coffee table, and microwave.",pour out the wine bottle from coffee table,[HOLD],392,4
coffee_table/case282,2294,coffee_table/case282,4,pour out the wine bottle from coffee table,0,"Organize a culinary scene by relocating items, including chocolate pudding, mugs, a frypan, and a wine bottle between a wooden cabinet, coffee table, and microwave.",pour out the wine bottle from coffee table,[HOLD],393,4
coffee_table/case282,2295,coffee_table/case282,4,pour out the wine bottle from coffee table,0,"Organize a culinary scene by relocating items, including chocolate pudding, mugs, a frypan, and a wine bottle between a wooden cabinet, coffee table, and microwave.",pour out the wine bottle from coffee table,[HOLD],394,4
coffee_table/case282,2296,coffee_table/case282,4,pour out the wine bottle from coffee table,0,"Organize a culinary scene by relocating items, including chocolate pudding, mugs, a frypan, and a wine bottle between a wooden cabinet, coffee table, and microwave.",pour out the wine bottle from coffee table,[HOLD],395,4
coffee_table/case282,2297,coffee_table/case282,4,pour out the wine bottle from coffee table,0,"Organize a culinary scene by relocating items, including chocolate pudding, mugs, a frypan, and a wine bottle between a wooden cabinet, coffee table, and microwave.",pour out the wine bottle from coffee table,[HOLD],396,4
coffee_table/case282,2298,coffee_table/case282,4,pour out the wine bottle from coffee table,0,"Organize a culinary scene by relocating items, including chocolate pudding, mugs, a frypan, and a wine bottle between a wooden cabinet, coffee table, and microwave.",pour out the wine bottle from coffee table,[HOLD],397,4
coffee_table/case282,2299,coffee_table/case282,4,pour out the wine bottle from coffee table,0,"Organize a culinary scene by relocating items, including chocolate pudding, mugs, a frypan, and a wine bottle between a wooden cabinet, coffee table, and microwave.",pour out the wine bottle from coffee table,[HOLD],398,4
coffee_table/case282,2300,coffee_table/case282,4,pour out the wine bottle from coffee table,0,"Organize a culinary scene by relocating items, including chocolate pudding, mugs, a frypan, and a wine bottle between a wooden cabinet, coffee table, and microwave.",pour out the wine bottle from coffee table,[HOLD],399,4
coffee_table/case282,2301,coffee_table/case282,4,pour out the wine bottle from coffee table,0,"Organize a culinary scene by relocating items, including chocolate pudding, mugs, a frypan, and a wine bottle between a wooden cabinet, coffee table, and microwave.",pour out the wine bottle from coffee table,[HOLD],400,4
coffee_table/case282,2302,coffee_table/case282,4,pour out the wine bottle from coffee table,0,"Organize a culinary scene by relocating items, including chocolate pudding, mugs, a frypan, and a wine bottle between a wooden cabinet, coffee table, and microwave.",pour out the wine bottle from coffee table,[HOLD],401,4
coffee_table/case282,2303,coffee_table/case282,4,pour out the wine bottle from coffee table,0,"Organize a culinary scene by relocating items, including chocolate pudding, mugs, a frypan, and a wine bottle between a wooden cabinet, coffee table, and microwave.",pour out the wine bottle from coffee table,[HOLD],402,4
coffee_table/case282,2304,coffee_table/case282,4,pour out the wine bottle from coffee table,0,"Organize a culinary scene by relocating items, including chocolate pudding, mugs, a frypan, and a wine bottle between a wooden cabinet, coffee table, and microwave.",pour out the wine bottle from coffee table,[HOLD],403,4
coffee_table/case282,2305,coffee_table/case282,4,pour out the wine bottle from coffee table,0,"Organize a culinary scene by relocating items, including chocolate pudding, mugs, a frypan, and a wine bottle between a wooden cabinet, coffee table, and microwave.",pour out the wine bottle from coffee table,[HOLD],404,4
coffee_table/case282,2306,coffee_table/case282,4,pour out the wine bottle from coffee table,0,"Organize a culinary scene by relocating items, including chocolate pudding, mugs, a frypan, and a wine bottle between a wooden cabinet, coffee table, and microwave.",pour out the wine bottle from coffee table,[HOLD],405,4
coffee_table/case282,2307,coffee_table/case282,4,pour out the wine bottle from coffee table,0,"Organize a culinary scene by relocating items, including chocolate pudding, mugs, a frypan, and a wine bottle between a wooden cabinet, coffee table, and microwave.",pour out the wine bottle from coffee table,[HOLD],406,4
coffee_table/case282,2308,coffee_table/case282,4,pour out the wine bottle from coffee table,0,"Organize a culinary scene by relocating items, including chocolate pudding, mugs, a frypan, and a wine bottle between a wooden cabinet, coffee table, and microwave.",pour out the wine bottle from coffee table,[HOLD],407,4
coffee_table/case282,2309,coffee_table/case282,4,pour out the wine bottle from coffee table,0,"Organize a culinary scene by relocating items, including chocolate pudding, mugs, a frypan, and a wine bottle between a wooden cabinet, coffee table, and microwave.",pour out the wine bottle from coffee table,[HOLD],408,4
coffee_table/case282,2310,coffee_table/case282,4,pour out the wine bottle from coffee table,0,"Organize a culinary scene by relocating items, including chocolate pudding, mugs, a frypan, and a wine bottle between a wooden cabinet, coffee table, and microwave.",pour out the wine bottle from coffee table,[HOLD],409,4
coffee_table/case282,2311,coffee_table/case282,4,pour out the wine bottle from coffee table,0,"Organize a culinary scene by relocating items, including chocolate pudding, mugs, a frypan, and a wine bottle between a wooden cabinet, coffee table, and microwave.",pour out the wine bottle from coffee table,[HOLD],410,4
coffee_table/case282,2312,coffee_table/case282,4,pour out the wine bottle from coffee table,0,"Organize a culinary scene by relocating items, including chocolate pudding, mugs, a frypan, and a wine bottle between a wooden cabinet, coffee table, and microwave.",pour out the wine bottle from coffee table,[HOLD],411,4
coffee_table/case282,2313,coffee_table/case282,4,pour out the wine bottle from coffee table,0,"Organize a culinary scene by relocating items, including chocolate pudding, mugs, a frypan, and a wine bottle between a wooden cabinet, coffee table, and microwave.",pour out the wine bottle from coffee table,[HOLD],412,4
coffee_table/case282,2314,coffee_table/case282,4,pour out the wine bottle from coffee table,0,"Organize a culinary scene by relocating items, including chocolate pudding, mugs, a frypan, and a wine bottle between a wooden cabinet, coffee table, and microwave.",pour out the wine bottle from coffee table,[HOLD],413,4
coffee_table/case282,2315,coffee_table/case282,4,pour out the wine bottle from coffee table,0,"Organize a culinary scene by relocating items, including chocolate pudding, mugs, a frypan, and a wine bottle between a wooden cabinet, coffee table, and microwave.",pour out the wine bottle from coffee table,[HOLD],414,4
coffee_table/case282,2316,coffee_table/case282,4,pour out the wine bottle from coffee table,0,"Organize a culinary scene by relocating items, including chocolate pudding, mugs, a frypan, and a wine bottle between a wooden cabinet, coffee table, and microwave.",pour out the wine bottle from coffee table,[HOLD],415,4
coffee_table/case282,2317,coffee_table/case282,4,pour out the wine bottle from coffee table,0,"Organize a culinary scene by relocating items, including chocolate pudding, mugs, a frypan, and a wine bottle between a wooden cabinet, coffee table, and microwave.",pour out the wine bottle from coffee table,[HOLD],416,4
coffee_table/case282,2318,coffee_table/case282,4,pour out the wine bottle from coffee table,0,"Organize a culinary scene by relocating items, including chocolate pudding, mugs, a frypan, and a wine bottle between a wooden cabinet, coffee table, and microwave.",pour out the wine bottle from coffee table,[HOLD],417,4
coffee_table/case282,2319,coffee_table/case282,4,pour out the wine bottle from coffee table,0,"Organize a culinary scene by relocating items, including chocolate pudding, mugs, a frypan, and a wine bottle between a wooden cabinet, coffee table, and microwave.",pour out the wine bottle from coffee table,[HOLD],418,4
coffee_table/case282,2320,coffee_table/case282,4,pour out the wine bottle from coffee table,0,"Organize a culinary scene by relocating items, including chocolate pudding, mugs, a frypan, and a wine bottle between a wooden cabinet, coffee table, and microwave.",pour out the wine bottle from coffee table,[HOLD],419,4
coffee_table/case282,2321,coffee_table/case282,4,pour out the wine bottle from coffee table,0,"Organize a culinary scene by relocating items, including chocolate pudding, mugs, a frypan, and a wine bottle between a wooden cabinet, coffee table, and microwave.",pour out the wine bottle from coffee table,[HOLD],420,4
coffee_table/case282,2322,coffee_table/case282,4,pour out the wine bottle from coffee table,0,"Organize a culinary scene by relocating items, including chocolate pudding, mugs, a frypan, and a wine bottle between a wooden cabinet, coffee table, and microwave.",pour out the wine bottle from coffee table,[HOLD],421,4
coffee_table/case282,2323,coffee_table/case282,4,pour out the wine bottle from coffee table,0,"Organize a culinary scene by relocating items, including chocolate pudding, mugs, a frypan, and a wine bottle between a wooden cabinet, coffee table, and microwave.",pour out the wine bottle from coffee table,[HOLD],422,4
coffee_table/case282,2324,coffee_table/case282,4,pour out the wine bottle from coffee table,0,"Organize a culinary scene by relocating items, including chocolate pudding, mugs, a frypan, and a wine bottle between a wooden cabinet, coffee table, and microwave.",pour out the wine bottle from coffee table,[HOLD],423,4
coffee_table/case282,2325,coffee_table/case282,4,pour out the wine bottle from coffee table,0,"Organize a culinary scene by relocating items, including chocolate pudding, mugs, a frypan, and a wine bottle between a wooden cabinet, coffee table, and microwave.",pour out the wine bottle from coffee table,[HOLD],424,4
coffee_table/case282,2326,coffee_table/case282,4,pour out the wine bottle from coffee table,0,"Organize a culinary scene by relocating items, including chocolate pudding, mugs, a frypan, and a wine bottle between a wooden cabinet, coffee table, and microwave.",pour out the wine bottle from coffee table,[HOLD],425,4
coffee_table/case282,2327,coffee_table/case282,4,pour out the wine bottle from coffee table,0,"Organize a culinary scene by relocating items, including chocolate pudding, mugs, a frypan, and a wine bottle between a wooden cabinet, coffee table, and microwave.",pour out the wine bottle from coffee table,[HOLD],426,4
coffee_table/case282,2328,coffee_table/case282,4,pour out the wine bottle from coffee table,0,"Organize a culinary scene by relocating items, including chocolate pudding, mugs, a frypan, and a wine bottle between a wooden cabinet, coffee table, and microwave.",pour out the wine bottle from coffee table,[HOLD],427,4
coffee_table/case282,2329,coffee_table/case282,4,pour out the wine bottle from coffee table,0,"Organize a culinary scene by relocating items, including chocolate pudding, mugs, a frypan, and a wine bottle between a wooden cabinet, coffee table, and microwave.",pour out the wine bottle from coffee table,[HOLD],428,4
coffee_table/case282,2330,coffee_table/case282,4,pour out the wine bottle from coffee table,0,"Organize a culinary scene by relocating items, including chocolate pudding, mugs, a frypan, and a wine bottle between a wooden cabinet, coffee table, and microwave.",pour out the wine bottle from coffee table,[HOLD],429,4
coffee_table/case282,2331,coffee_table/case282,4,pour out the wine bottle from coffee table,0,"Organize a culinary scene by relocating items, including chocolate pudding, mugs, a frypan, and a wine bottle between a wooden cabinet, coffee table, and microwave.",pour out the wine bottle from coffee table,[HOLD],430,4
coffee_table/case282,2332,coffee_table/case282,4,pour out the wine bottle from coffee table,0,"Organize a culinary scene by relocating items, including chocolate pudding, mugs, a frypan, and a wine bottle between a wooden cabinet, coffee table, and microwave.",pour out the wine bottle from coffee table,[HOLD],431,4
coffee_table/case282,2333,coffee_table/case282,4,pour out the wine bottle from coffee table,0,"Organize a culinary scene by relocating items, including chocolate pudding, mugs, a frypan, and a wine bottle between a wooden cabinet, coffee table, and microwave.",pour out the wine bottle from coffee table,[HOLD],432,4
coffee_table/case282,2334,coffee_table/case282,4,pour out the wine bottle from coffee table,0,"Organize a culinary scene by relocating items, including chocolate pudding, mugs, a frypan, and a wine bottle between a wooden cabinet, coffee table, and microwave.",pour out the wine bottle from coffee table,[HOLD],433,4
coffee_table/case282,2335,coffee_table/case282,4,pour out the wine bottle from coffee table,0,"Organize a culinary scene by relocating items, including chocolate pudding, mugs, a frypan, and a wine bottle between a wooden cabinet, coffee table, and microwave.",pour out the wine bottle from coffee table,[HOLD],434,4
coffee_table/case282,2336,coffee_table/case282,4,pour out the wine bottle from coffee table,0,"Organize a culinary scene by relocating items, including chocolate pudding, mugs, a frypan, and a wine bottle between a wooden cabinet, coffee table, and microwave.",pour out the wine bottle from coffee table,[HOLD],435,4
coffee_table/case282,2337,coffee_table/case282,4,pour out the wine bottle from coffee table,0,"Organize a culinary scene by relocating items, including chocolate pudding, mugs, a frypan, and a wine bottle between a wooden cabinet, coffee table, and microwave.",pour out the wine bottle from coffee table,[HOLD],436,4
coffee_table/case282,2338,coffee_table/case282,4,pour out the wine bottle from coffee table,0,"Organize a culinary scene by relocating items, including chocolate pudding, mugs, a frypan, and a wine bottle between a wooden cabinet, coffee table, and microwave.",pour out the wine bottle from coffee table,[HOLD],437,4
coffee_table/case282,2339,coffee_table/case282,4,pour out the wine bottle from coffee table,0,"Organize a culinary scene by relocating items, including chocolate pudding, mugs, a frypan, and a wine bottle between a wooden cabinet, coffee table, and microwave.",pour out the wine bottle from coffee table,[HOLD],438,4
coffee_table/case282,2340,coffee_table/case282,4,pour out the wine bottle from coffee table,0,"Organize a culinary scene by relocating items, including chocolate pudding, mugs, a frypan, and a wine bottle between a wooden cabinet, coffee table, and microwave.",pour out the wine bottle from coffee table,[HOLD],439,4
coffee_table/case282,2341,coffee_table/case282,4,pour out the wine bottle from coffee table,0,"Organize a culinary scene by relocating items, including chocolate pudding, mugs, a frypan, and a wine bottle between a wooden cabinet, coffee table, and microwave.",pour out the wine bottle from coffee table,[HOLD],440,4
coffee_table/case282,2342,coffee_table/case282,4,pour out the wine bottle from coffee table,0,"Organize a culinary scene by relocating items, including chocolate pudding, mugs, a frypan, and a wine bottle between a wooden cabinet, coffee table, and microwave.",pour out the wine bottle from coffee table,[HOLD],441,4
coffee_table/case282,2343,coffee_table/case282,4,pour out the wine bottle from coffee table,0,"Organize a culinary scene by relocating items, including chocolate pudding, mugs, a frypan, and a wine bottle between a wooden cabinet, coffee table, and microwave.",pour out the wine bottle from coffee table,[HOLD],442,4
coffee_table/case282,2344,coffee_table/case282,4,pour out the wine bottle from coffee table,0,"Organize a culinary scene by relocating items, including chocolate pudding, mugs, a frypan, and a wine bottle between a wooden cabinet, coffee table, and microwave.",pour out the wine bottle from coffee table,[HOLD],443,4
coffee_table/case282,2345,coffee_table/case282,4,pour out the wine bottle from coffee table,0,"Organize a culinary scene by relocating items, including chocolate pudding, mugs, a frypan, and a wine bottle between a wooden cabinet, coffee table, and microwave.",pour out the wine bottle from coffee table,[HOLD],444,4
coffee_table/case282,2346,coffee_table/case282,4,pour out the wine bottle from coffee table,0,"Organize a culinary scene by relocating items, including chocolate pudding, mugs, a frypan, and a wine bottle between a wooden cabinet, coffee table, and microwave.",pour out the wine bottle from coffee table,[HOLD],445,4
coffee_table/case282,2347,coffee_table/case282,4,pour out the wine bottle from coffee table,0,"Organize a culinary scene by relocating items, including chocolate pudding, mugs, a frypan, and a wine bottle between a wooden cabinet, coffee table, and microwave.",pour out the wine bottle from coffee table,[HOLD],446,4
coffee_table/case282,2348,coffee_table/case282,4,pour out the wine bottle from coffee table,0,"Organize a culinary scene by relocating items, including chocolate pudding, mugs, a frypan, and a wine bottle between a wooden cabinet, coffee table, and microwave.",pour out the wine bottle from coffee table,[HOLD],447,4
coffee_table/case282,2349,coffee_table/case282,4,pour out the wine bottle from coffee table,0,"Organize a culinary scene by relocating items, including chocolate pudding, mugs, a frypan, and a wine bottle between a wooden cabinet, coffee table, and microwave.",pour out the wine bottle from coffee table,[HOLD],448,4
coffee_table/case282,2350,coffee_table/case282,4,pour out the wine bottle from coffee table,0,"Organize a culinary scene by relocating items, including chocolate pudding, mugs, a frypan, and a wine bottle between a wooden cabinet, coffee table, and microwave.",pour out the wine bottle from coffee table,[HOLD],449,4
coffee_table/case282,2351,coffee_table/case282,4,pour out the wine bottle from coffee table,0,"Organize a culinary scene by relocating items, including chocolate pudding, mugs, a frypan, and a wine bottle between a wooden cabinet, coffee table, and microwave.",pour out the wine bottle from coffee table,[HOLD],450,4
coffee_table/case282,2352,coffee_table/case282,4,pour out the wine bottle from coffee table,0,"Organize a culinary scene by relocating items, including chocolate pudding, mugs, a frypan, and a wine bottle between a wooden cabinet, coffee table, and microwave.",pour out the wine bottle from coffee table,[HOLD],451,4
coffee_table/case282,2353,coffee_table/case282,4,pour out the wine bottle from coffee table,0,"Organize a culinary scene by relocating items, including chocolate pudding, mugs, a frypan, and a wine bottle between a wooden cabinet, coffee table, and microwave.",pour out the wine bottle from coffee table,[HOLD],452,4
coffee_table/case282,2354,coffee_table/case282,4,pour out the wine bottle from coffee table,0,"Organize a culinary scene by relocating items, including chocolate pudding, mugs, a frypan, and a wine bottle between a wooden cabinet, coffee table, and microwave.",pour out the wine bottle from coffee table,[HOLD],453,4
coffee_table/case282,2355,coffee_table/case282,4,pour out the wine bottle from coffee table,0,"Organize a culinary scene by relocating items, including chocolate pudding, mugs, a frypan, and a wine bottle between a wooden cabinet, coffee table, and microwave.",pour out the wine bottle from coffee table,[HOLD],454,4
coffee_table/case282,2356,coffee_table/case282,4,pour out the wine bottle from coffee table,0,"Organize a culinary scene by relocating items, including chocolate pudding, mugs, a frypan, and a wine bottle between a wooden cabinet, coffee table, and microwave.",pour out the wine bottle from coffee table,[HOLD],455,4
coffee_table/case282,2357,coffee_table/case282,4,pour out the wine bottle from coffee table,0,"Organize a culinary scene by relocating items, including chocolate pudding, mugs, a frypan, and a wine bottle between a wooden cabinet, coffee table, and microwave.",pour out the wine bottle from coffee table,[HOLD],456,4
coffee_table/case282,2358,coffee_table/case282,4,pour out the wine bottle from coffee table,0,"Organize a culinary scene by relocating items, including chocolate pudding, mugs, a frypan, and a wine bottle between a wooden cabinet, coffee table, and microwave.",pour out the wine bottle from coffee table,[HOLD],457,4
coffee_table/case282,2359,coffee_table/case282,4,pour out the wine bottle from coffee table,0,"Organize a culinary scene by relocating items, including chocolate pudding, mugs, a frypan, and a wine bottle between a wooden cabinet, coffee table, and microwave.",pour out the wine bottle from coffee table,[HOLD],458,4
coffee_table/case282,2360,coffee_table/case282,4,pour out the wine bottle from coffee table,0,"Organize a culinary scene by relocating items, including chocolate pudding, mugs, a frypan, and a wine bottle between a wooden cabinet, coffee table, and microwave.",pour out the wine bottle from coffee table,[HOLD],459,4
coffee_table/case282,2361,coffee_table/case282,4,pour out the wine bottle from coffee table,0,"Organize a culinary scene by relocating items, including chocolate pudding, mugs, a frypan, and a wine bottle between a wooden cabinet, coffee table, and microwave.",pour out the wine bottle from coffee table,[HOLD],460,4
coffee_table/case282,2362,coffee_table/case282,4,pour out the wine bottle from coffee table,0,"Organize a culinary scene by relocating items, including chocolate pudding, mugs, a frypan, and a wine bottle between a wooden cabinet, coffee table, and microwave.",pour out the wine bottle from coffee table,[HOLD],461,4
coffee_table/case282,2363,coffee_table/case282,4,pour out the wine bottle from coffee table,0,"Organize a culinary scene by relocating items, including chocolate pudding, mugs, a frypan, and a wine bottle between a wooden cabinet, coffee table, and microwave.",pour out the wine bottle from coffee table,[HOLD],462,4
coffee_table/case282,2364,coffee_table/case282,4,pour out the wine bottle from coffee table,0,"Organize a culinary scene by relocating items, including chocolate pudding, mugs, a frypan, and a wine bottle between a wooden cabinet, coffee table, and microwave.",pour out the wine bottle from coffee table,[HOLD],463,4
coffee_table/case282,2365,coffee_table/case282,4,pour out the wine bottle from coffee table,0,"Organize a culinary scene by relocating items, including chocolate pudding, mugs, a frypan, and a wine bottle between a wooden cabinet, coffee table, and microwave.",pour out the wine bottle from coffee table,[HOLD],464,4
coffee_table/case282,2366,coffee_table/case282,4,pour out the wine bottle from coffee table,0,"Organize a culinary scene by relocating items, including chocolate pudding, mugs, a frypan, and a wine bottle between a wooden cabinet, coffee table, and microwave.",pour out the wine bottle from coffee table,[HOLD],465,4
coffee_table/case282,2367,coffee_table/case282,4,pour out the wine bottle from coffee table,0,"Organize a culinary scene by relocating items, including chocolate pudding, mugs, a frypan, and a wine bottle between a wooden cabinet, coffee table, and microwave.",pour out the wine bottle from coffee table,[HOLD],466,4
coffee_table/case282,2368,coffee_table/case282,4,pour out the wine bottle from coffee table,0,"Organize a culinary scene by relocating items, including chocolate pudding, mugs, a frypan, and a wine bottle between a wooden cabinet, coffee table, and microwave.",pour out the wine bottle from coffee table,[HOLD],467,4
coffee_table/case282,2369,coffee_table/case282,4,pour out the wine bottle from coffee table,0,"Organize a culinary scene by relocating items, including chocolate pudding, mugs, a frypan, and a wine bottle between a wooden cabinet, coffee table, and microwave.",pour out the wine bottle from coffee table,[HOLD],468,4
coffee_table/case282,2370,coffee_table/case282,4,pour out the wine bottle from coffee table,0,"Organize a culinary scene by relocating items, including chocolate pudding, mugs, a frypan, and a wine bottle between a wooden cabinet, coffee table, and microwave.",pour out the wine bottle from coffee table,[HOLD],469,4
coffee_table/case282,2371,coffee_table/case282,4,pour out the wine bottle from coffee table,0,"Organize a culinary scene by relocating items, including chocolate pudding, mugs, a frypan, and a wine bottle between a wooden cabinet, coffee table, and microwave.",pour out the wine bottle from coffee table,[HOLD],470,4
coffee_table/case282,2372,coffee_table/case282,4,pour out the wine bottle from coffee table,0,"Organize a culinary scene by relocating items, including chocolate pudding, mugs, a frypan, and a wine bottle between a wooden cabinet, coffee table, and microwave.",pour out the wine bottle from coffee table,[HOLD],471,4
coffee_table/case282,2373,coffee_table/case282,4,pour out the wine bottle from coffee table,0,"Organize a culinary scene by relocating items, including chocolate pudding, mugs, a frypan, and a wine bottle between a wooden cabinet, coffee table, and microwave.",pour out the wine bottle from coffee table,[HOLD],472,4
coffee_table/case282,2374,coffee_table/case282,4,pour out the wine bottle from coffee table,0,"Organize a culinary scene by relocating items, including chocolate pudding, mugs, a frypan, and a wine bottle between a wooden cabinet, coffee table, and microwave.",pour out the wine bottle from coffee table,[HOLD],473,4
coffee_table/case282,2375,coffee_table/case282,4,pour out the wine bottle from coffee table,0,"Organize a culinary scene by relocating items, including chocolate pudding, mugs, a frypan, and a wine bottle between a wooden cabinet, coffee table, and microwave.",pour out the wine bottle from coffee table,[HOLD],474,4
coffee_table/case282,2376,coffee_table/case282,4,pour out the wine bottle from coffee table,0,"Organize a culinary scene by relocating items, including chocolate pudding, mugs, a frypan, and a wine bottle between a wooden cabinet, coffee table, and microwave.",pour out the wine bottle from coffee table,[HOLD],475,4
coffee_table/case282,2377,coffee_table/case282,4,pour out the wine bottle from coffee table,0,"Organize a culinary scene by relocating items, including chocolate pudding, mugs, a frypan, and a wine bottle between a wooden cabinet, coffee table, and microwave.",pour out the wine bottle from coffee table,[HOLD],476,4
coffee_table/case282,2378,coffee_table/case282,4,pour out the wine bottle from coffee table,0,"Organize a culinary scene by relocating items, including chocolate pudding, mugs, a frypan, and a wine bottle between a wooden cabinet, coffee table, and microwave.",pour out the wine bottle from coffee table,[HOLD],477,4
coffee_table/case282,2379,coffee_table/case282,4,pour out the wine bottle from coffee table,0,"Organize a culinary scene by relocating items, including chocolate pudding, mugs, a frypan, and a wine bottle between a wooden cabinet, coffee table, and microwave.",pour out the wine bottle from coffee table,[HOLD],478,4
coffee_table/case282,2380,coffee_table/case282,4,pour out the wine bottle from coffee table,0,"Organize a culinary scene by relocating items, including chocolate pudding, mugs, a frypan, and a wine bottle between a wooden cabinet, coffee table, and microwave.",pour out the wine bottle from coffee table,[HOLD],479,4
coffee_table/case282,2381,coffee_table/case282,4,pour out the wine bottle from coffee table,0,"Organize a culinary scene by relocating items, including chocolate pudding, mugs, a frypan, and a wine bottle between a wooden cabinet, coffee table, and microwave.",pour out the wine bottle from coffee table,[HOLD],480,4
coffee_table/case282,2382,coffee_table/case282,4,pour out the wine bottle from coffee table,0,"Organize a culinary scene by relocating items, including chocolate pudding, mugs, a frypan, and a wine bottle between a wooden cabinet, coffee table, and microwave.",pour out the wine bottle from coffee table,[HOLD],481,4
coffee_table/case282,2383,coffee_table/case282,4,pour out the wine bottle from coffee table,0,"Organize a culinary scene by relocating items, including chocolate pudding, mugs, a frypan, and a wine bottle between a wooden cabinet, coffee table, and microwave.",pour out the wine bottle from coffee table,[HOLD],482,4
coffee_table/case282,2384,coffee_table/case282,4,pour out the wine bottle from coffee table,0,"Organize a culinary scene by relocating items, including chocolate pudding, mugs, a frypan, and a wine bottle between a wooden cabinet, coffee table, and microwave.",pour out the wine bottle from coffee table,[HOLD],483,4
coffee_table/case282,2385,coffee_table/case282,4,pour out the wine bottle from coffee table,0,"Organize a culinary scene by relocating items, including chocolate pudding, mugs, a frypan, and a wine bottle between a wooden cabinet, coffee table, and microwave.",pour out the wine bottle from coffee table,[HOLD],484,4
coffee_table/case282,2386,coffee_table/case282,4,pour out the wine bottle from coffee table,0,"Organize a culinary scene by relocating items, including chocolate pudding, mugs, a frypan, and a wine bottle between a wooden cabinet, coffee table, and microwave.",pour out the wine bottle from coffee table,[HOLD],485,4
coffee_table/case282,2387,coffee_table/case282,4,pour out the wine bottle from coffee table,0,"Organize a culinary scene by relocating items, including chocolate pudding, mugs, a frypan, and a wine bottle between a wooden cabinet, coffee table, and microwave.",pour out the wine bottle from coffee table,[HOLD],486,4
coffee_table/case282,2388,coffee_table/case282,4,pour out the wine bottle from coffee table,0,"Organize a culinary scene by relocating items, including chocolate pudding, mugs, a frypan, and a wine bottle between a wooden cabinet, coffee table, and microwave.",pour out the wine bottle from coffee table,[HOLD],487,4
coffee_table/case282,2389,coffee_table/case282,4,pour out the wine bottle from coffee table,0,"Organize a culinary scene by relocating items, including chocolate pudding, mugs, a frypan, and a wine bottle between a wooden cabinet, coffee table, and microwave.",pour out the wine bottle from coffee table,[HOLD],488,4
coffee_table/case282,2390,coffee_table/case282,4,pour out the wine bottle from coffee table,0,"Organize a culinary scene by relocating items, including chocolate pudding, mugs, a frypan, and a wine bottle between a wooden cabinet, coffee table, and microwave.",pour out the wine bottle from coffee table,[HOLD],489,4
coffee_table/case282,2391,coffee_table/case282,4,pour out the wine bottle from coffee table,0,"Organize a culinary scene by relocating items, including chocolate pudding, mugs, a frypan, and a wine bottle between a wooden cabinet, coffee table, and microwave.",pour out the wine bottle from coffee table,[HOLD],490,4
coffee_table/case282,2392,coffee_table/case282,4,pour out the wine bottle from coffee table,0,"Organize a culinary scene by relocating items, including chocolate pudding, mugs, a frypan, and a wine bottle between a wooden cabinet, coffee table, and microwave.",pour out the wine bottle from coffee table,[HOLD],491,4
coffee_table/case282,2393,coffee_table/case282,4,pour out the wine bottle from coffee table,0,"Organize a culinary scene by relocating items, including chocolate pudding, mugs, a frypan, and a wine bottle between a wooden cabinet, coffee table, and microwave.",pour out the wine bottle from coffee table,[HOLD],492,4
coffee_table/case282,2394,coffee_table/case282,4,pour out the wine bottle from coffee table,0,"Organize a culinary scene by relocating items, including chocolate pudding, mugs, a frypan, and a wine bottle between a wooden cabinet, coffee table, and microwave.",pour out the wine bottle from coffee table,[HOLD],493,4
coffee_table/case282,2395,coffee_table/case282,4,pour out the wine bottle from coffee table,0,"Organize a culinary scene by relocating items, including chocolate pudding, mugs, a frypan, and a wine bottle between a wooden cabinet, coffee table, and microwave.",pour out the wine bottle from coffee table,[HOLD],494,4
coffee_table/case282,2396,coffee_table/case282,4,pour out the wine bottle from coffee table,0,"Organize a culinary scene by relocating items, including chocolate pudding, mugs, a frypan, and a wine bottle between a wooden cabinet, coffee table, and microwave.",pour out the wine bottle from coffee table,[HOLD],495,4
coffee_table/case282,2397,coffee_table/case282,4,pour out the wine bottle from coffee table,0,"Organize a culinary scene by relocating items, including chocolate pudding, mugs, a frypan, and a wine bottle between a wooden cabinet, coffee table, and microwave.",pour out the wine bottle from coffee table,[HOLD],496,4
coffee_table/case282,2398,coffee_table/case282,4,pour out the wine bottle from coffee table,0,"Organize a culinary scene by relocating items, including chocolate pudding, mugs, a frypan, and a wine bottle between a wooden cabinet, coffee table, and microwave.",pour out the wine bottle from coffee table,[HOLD],497,4
coffee_table/case282,2399,coffee_table/case282,4,pour out the wine bottle from coffee table,0,"Organize a culinary scene by relocating items, including chocolate pudding, mugs, a frypan, and a wine bottle between a wooden cabinet, coffee table, and microwave.",pour out the wine bottle from coffee table,[HOLD],498,4
coffee_table/case282,2400,coffee_table/case282,4,pour out the wine bottle from coffee table,0,"Organize a culinary scene by relocating items, including chocolate pudding, mugs, a frypan, and a wine bottle between a wooden cabinet, coffee table, and microwave.",pour out the wine bottle from coffee table,[HOLD],499,4
coffee_table/case282,2401,coffee_table/case282,4,pour out the wine bottle from coffee table,0,"Organize a culinary scene by relocating items, including chocolate pudding, mugs, a frypan, and a wine bottle between a wooden cabinet, coffee table, and microwave.",pour out the wine bottle from coffee table,[HOLD],500,4
coffee_table/case282,2402,coffee_table/case282,4,pour out the wine bottle from coffee table,0,"Organize a culinary scene by relocating items, including chocolate pudding, mugs, a frypan, and a wine bottle between a wooden cabinet, coffee table, and microwave.",pour out the wine bottle from coffee table,[HOLD],501,4
coffee_table/case282,2403,coffee_table/case282,4,pour out the wine bottle from coffee table,0,"Organize a culinary scene by relocating items, including chocolate pudding, mugs, a frypan, and a wine bottle between a wooden cabinet, coffee table, and microwave.",pour out the wine bottle from coffee table,[HOLD],502,4
coffee_table/case282,2404,coffee_table/case282,4,pour out the wine bottle from coffee table,0,"Organize a culinary scene by relocating items, including chocolate pudding, mugs, a frypan, and a wine bottle between a wooden cabinet, coffee table, and microwave.",pour out the wine bottle from coffee table,[HOLD],503,4
coffee_table/case282,2405,coffee_table/case282,4,pour out the wine bottle from coffee table,0,"Organize a culinary scene by relocating items, including chocolate pudding, mugs, a frypan, and a wine bottle between a wooden cabinet, coffee table, and microwave.",pour out the wine bottle from coffee table,[HOLD],504,4
coffee_table/case282,2406,coffee_table/case282,4,pour out the wine bottle from coffee table,0,"Organize a culinary scene by relocating items, including chocolate pudding, mugs, a frypan, and a wine bottle between a wooden cabinet, coffee table, and microwave.",pour out the wine bottle from coffee table,[HOLD],505,4
coffee_table/case282,2407,coffee_table/case282,4,pour out the wine bottle from coffee table,0,"Organize a culinary scene by relocating items, including chocolate pudding, mugs, a frypan, and a wine bottle between a wooden cabinet, coffee table, and microwave.",pour out the wine bottle from coffee table,[HOLD],506,4
coffee_table/case282,2408,coffee_table/case282,4,pour out the wine bottle from coffee table,0,"Organize a culinary scene by relocating items, including chocolate pudding, mugs, a frypan, and a wine bottle between a wooden cabinet, coffee table, and microwave.",pour out the wine bottle from coffee table,[HOLD],507,4
coffee_table/case282,2409,coffee_table/case282,4,pour out the wine bottle from coffee table,0,"Organize a culinary scene by relocating items, including chocolate pudding, mugs, a frypan, and a wine bottle between a wooden cabinet, coffee table, and microwave.",pour out the wine bottle from coffee table,[HOLD],508,4
coffee_table/case282,2410,coffee_table/case282,4,pour out the wine bottle from coffee table,0,"Organize a culinary scene by relocating items, including chocolate pudding, mugs, a frypan, and a wine bottle between a wooden cabinet, coffee table, and microwave.",pour out the wine bottle from coffee table,[HOLD],509,4
coffee_table/case282,2411,coffee_table/case282,4,pour out the wine bottle from coffee table,0,"Organize a culinary scene by relocating items, including chocolate pudding, mugs, a frypan, and a wine bottle between a wooden cabinet, coffee table, and microwave.",pour out the wine bottle from coffee table,[HOLD],510,4
coffee_table/case282,2412,coffee_table/case282,4,pour out the wine bottle from coffee table,0,"Organize a culinary scene by relocating items, including chocolate pudding, mugs, a frypan, and a wine bottle between a wooden cabinet, coffee table, and microwave.",pour out the wine bottle from coffee table,[HOLD],511,4
coffee_table/case282,2413,coffee_table/case282,4,pour out the wine bottle from coffee table,0,"Organize a culinary scene by relocating items, including chocolate pudding, mugs, a frypan, and a wine bottle between a wooden cabinet, coffee table, and microwave.",pour out the wine bottle from coffee table,[HOLD],512,4
coffee_table/case282,2414,coffee_table/case282,4,pour out the wine bottle from coffee table,0,"Organize a culinary scene by relocating items, including chocolate pudding, mugs, a frypan, and a wine bottle between a wooden cabinet, coffee table, and microwave.",pour out the wine bottle from coffee table,[HOLD],513,4
coffee_table/case282,2415,coffee_table/case282,4,pour out the wine bottle from coffee table,0,"Organize a culinary scene by relocating items, including chocolate pudding, mugs, a frypan, and a wine bottle between a wooden cabinet, coffee table, and microwave.",pour out the wine bottle from coffee table,[HOLD],514,4
coffee_table/case282,2416,coffee_table/case282,4,pour out the wine bottle from coffee table,0,"Organize a culinary scene by relocating items, including chocolate pudding, mugs, a frypan, and a wine bottle between a wooden cabinet, coffee table, and microwave.",pour out the wine bottle from coffee table,[HOLD],515,4
coffee_table/case282,2417,coffee_table/case282,4,pour out the wine bottle from coffee table,0,"Organize a culinary scene by relocating items, including chocolate pudding, mugs, a frypan, and a wine bottle between a wooden cabinet, coffee table, and microwave.",pour out the wine bottle from coffee table,[HOLD],516,4
coffee_table/case282,2418,coffee_table/case282,4,pour out the wine bottle from coffee table,0,"Organize a culinary scene by relocating items, including chocolate pudding, mugs, a frypan, and a wine bottle between a wooden cabinet, coffee table, and microwave.",pour out the wine bottle from coffee table,[HOLD],517,4
coffee_table/case282,2419,coffee_table/case282,4,pour out the wine bottle from coffee table,0,"Organize a culinary scene by relocating items, including chocolate pudding, mugs, a frypan, and a wine bottle between a wooden cabinet, coffee table, and microwave.",pour out the wine bottle from coffee table,[HOLD],518,4
coffee_table/case282,2420,coffee_table/case282,4,pour out the wine bottle from coffee table,0,"Organize a culinary scene by relocating items, including chocolate pudding, mugs, a frypan, and a wine bottle between a wooden cabinet, coffee table, and microwave.",pour out the wine bottle from coffee table,[HOLD],519,4
coffee_table/case282,2421,coffee_table/case282,4,pour out the wine bottle from coffee table,0,"Organize a culinary scene by relocating items, including chocolate pudding, mugs, a frypan, and a wine bottle between a wooden cabinet, coffee table, and microwave.",pour out the wine bottle from coffee table,[HOLD],520,4
coffee_table/case282,2422,coffee_table/case282,4,pour out the wine bottle from coffee table,0,"Organize a culinary scene by relocating items, including chocolate pudding, mugs, a frypan, and a wine bottle between a wooden cabinet, coffee table, and microwave.",pour out the wine bottle from coffee table,[HOLD],521,4
coffee_table/case282,2423,coffee_table/case282,4,pour out the wine bottle from coffee table,0,"Organize a culinary scene by relocating items, including chocolate pudding, mugs, a frypan, and a wine bottle between a wooden cabinet, coffee table, and microwave.",pour out the wine bottle from coffee table,[HOLD],522,4
coffee_table/case282,2424,coffee_table/case282,4,pour out the wine bottle from coffee table,0,"Organize a culinary scene by relocating items, including chocolate pudding, mugs, a frypan, and a wine bottle between a wooden cabinet, coffee table, and microwave.",pour out the wine bottle from coffee table,[HOLD],523,4
coffee_table/case282,2425,coffee_table/case282,4,pour out the wine bottle from coffee table,0,"Organize a culinary scene by relocating items, including chocolate pudding, mugs, a frypan, and a wine bottle between a wooden cabinet, coffee table, and microwave.",pour out the wine bottle from coffee table,[HOLD],524,4
coffee_table/case282,2426,coffee_table/case282,4,pour out the wine bottle from coffee table,0,"Organize a culinary scene by relocating items, including chocolate pudding, mugs, a frypan, and a wine bottle between a wooden cabinet, coffee table, and microwave.",pour out the wine bottle from coffee table,[HOLD],525,4
coffee_table/case282,2427,coffee_table/case282,4,pour out the wine bottle from coffee table,0,"Organize a culinary scene by relocating items, including chocolate pudding, mugs, a frypan, and a wine bottle between a wooden cabinet, coffee table, and microwave.",pour out the wine bottle from coffee table,[HOLD],526,4
coffee_table/case282,2428,coffee_table/case282,4,pour out the wine bottle from coffee table,0,"Organize a culinary scene by relocating items, including chocolate pudding, mugs, a frypan, and a wine bottle between a wooden cabinet, coffee table, and microwave.",pour out the wine bottle from coffee table,[HOLD],527,4
coffee_table/case282,2429,coffee_table/case282,4,pour out the wine bottle from coffee table,0,"Organize a culinary scene by relocating items, including chocolate pudding, mugs, a frypan, and a wine bottle between a wooden cabinet, coffee table, and microwave.",pour out the wine bottle from coffee table,[HOLD],528,4
coffee_table/case282,2430,coffee_table/case282,4,pour out the wine bottle from coffee table,0,"Organize a culinary scene by relocating items, including chocolate pudding, mugs, a frypan, and a wine bottle between a wooden cabinet, coffee table, and microwave.",pour out the wine bottle from coffee table,[HOLD],529,4
coffee_table/case282,2431,coffee_table/case282,4,pour out the wine bottle from coffee table,0,"Organize a culinary scene by relocating items, including chocolate pudding, mugs, a frypan, and a wine bottle between a wooden cabinet, coffee table, and microwave.",pour out the wine bottle from coffee table,[HOLD],530,4
coffee_table/case282,2432,coffee_table/case282,4,pour out the wine bottle from coffee table,0,"Organize a culinary scene by relocating items, including chocolate pudding, mugs, a frypan, and a wine bottle between a wooden cabinet, coffee table, and microwave.",pour out the wine bottle from coffee table,[HOLD],531,4
coffee_table/case282,2433,coffee_table/case282,4,pour out the wine bottle from coffee table,0,"Organize a culinary scene by relocating items, including chocolate pudding, mugs, a frypan, and a wine bottle between a wooden cabinet, coffee table, and microwave.",pour out the wine bottle from coffee table,[HOLD],532,4
coffee_table/case282,2434,coffee_table/case282,4,pour out the wine bottle from coffee table,0,"Organize a culinary scene by relocating items, including chocolate pudding, mugs, a frypan, and a wine bottle between a wooden cabinet, coffee table, and microwave.",pour out the wine bottle from coffee table,[HOLD],533,4
coffee_table/case282,2435,coffee_table/case282,4,pour out the wine bottle from coffee table,0,"Organize a culinary scene by relocating items, including chocolate pudding, mugs, a frypan, and a wine bottle between a wooden cabinet, coffee table, and microwave.",pour out the wine bottle from coffee table,[HOLD],534,4
coffee_table/case282,2436,coffee_table/case282,4,pour out the wine bottle from coffee table,0,"Organize a culinary scene by relocating items, including chocolate pudding, mugs, a frypan, and a wine bottle between a wooden cabinet, coffee table, and microwave.",pour out the wine bottle from coffee table,[HOLD],535,4
coffee_table/case282,2437,coffee_table/case282,4,pour out the wine bottle from coffee table,0,"Organize a culinary scene by relocating items, including chocolate pudding, mugs, a frypan, and a wine bottle between a wooden cabinet, coffee table, and microwave.",pour out the wine bottle from coffee table,[HOLD],536,4
coffee_table/case282,2438,coffee_table/case282,4,pour out the wine bottle from coffee table,0,"Organize a culinary scene by relocating items, including chocolate pudding, mugs, a frypan, and a wine bottle between a wooden cabinet, coffee table, and microwave.",pour out the wine bottle from coffee table,[HOLD],537,4
coffee_table/case282,2439,coffee_table/case282,4,pour out the wine bottle from coffee table,0,"Organize a culinary scene by relocating items, including chocolate pudding, mugs, a frypan, and a wine bottle between a wooden cabinet, coffee table, and microwave.",pour out the wine bottle from coffee table,[HOLD],538,4
coffee_table/case282,2440,coffee_table/case282,4,pour out the wine bottle from coffee table,0,"Organize a culinary scene by relocating items, including chocolate pudding, mugs, a frypan, and a wine bottle between a wooden cabinet, coffee table, and microwave.",pour out the wine bottle from coffee table,[HOLD],539,4
coffee_table/case282,2441,coffee_table/case282,4,pour out the wine bottle from coffee table,0,"Organize a culinary scene by relocating items, including chocolate pudding, mugs, a frypan, and a wine bottle between a wooden cabinet, coffee table, and microwave.",pour out the wine bottle from coffee table,[HOLD],540,4
coffee_table/case282,2442,coffee_table/case282,4,pour out the wine bottle from coffee table,0,"Organize a culinary scene by relocating items, including chocolate pudding, mugs, a frypan, and a wine bottle between a wooden cabinet, coffee table, and microwave.",pour out the wine bottle from coffee table,[HOLD],541,4
coffee_table/case282,2443,coffee_table/case282,4,pour out the wine bottle from coffee table,0,"Organize a culinary scene by relocating items, including chocolate pudding, mugs, a frypan, and a wine bottle between a wooden cabinet, coffee table, and microwave.",pour out the wine bottle from coffee table,[HOLD],542,4
coffee_table/case282,2444,coffee_table/case282,4,pour out the wine bottle from coffee table,0,"Organize a culinary scene by relocating items, including chocolate pudding, mugs, a frypan, and a wine bottle between a wooden cabinet, coffee table, and microwave.",pour out the wine bottle from coffee table,[HOLD],543,4
coffee_table/case282,2445,coffee_table/case282,4,pour out the wine bottle from coffee table,0,"Organize a culinary scene by relocating items, including chocolate pudding, mugs, a frypan, and a wine bottle between a wooden cabinet, coffee table, and microwave.",pour out the wine bottle from coffee table,[HOLD],544,4
coffee_table/case282,2446,coffee_table/case282,4,pour out the wine bottle from coffee table,0,"Organize a culinary scene by relocating items, including chocolate pudding, mugs, a frypan, and a wine bottle between a wooden cabinet, coffee table, and microwave.",pour out the wine bottle from coffee table,[HOLD],545,4
coffee_table/case282,2447,coffee_table/case282,4,pour out the wine bottle from coffee table,0,"Organize a culinary scene by relocating items, including chocolate pudding, mugs, a frypan, and a wine bottle between a wooden cabinet, coffee table, and microwave.",pour out the wine bottle from coffee table,[HOLD],546,4
coffee_table/case282,2448,coffee_table/case282,4,pour out the wine bottle from coffee table,0,"Organize a culinary scene by relocating items, including chocolate pudding, mugs, a frypan, and a wine bottle between a wooden cabinet, coffee table, and microwave.",pour out the wine bottle from coffee table,[HOLD],547,4
coffee_table/case282,2449,coffee_table/case282,4,pour out the wine bottle from coffee table,0,"Organize a culinary scene by relocating items, including chocolate pudding, mugs, a frypan, and a wine bottle between a wooden cabinet, coffee table, and microwave.",pour out the wine bottle from coffee table,[HOLD],548,4
coffee_table/case282,2450,coffee_table/case282,4,pour out the wine bottle from coffee table,0,"Organize a culinary scene by relocating items, including chocolate pudding, mugs, a frypan, and a wine bottle between a wooden cabinet, coffee table, and microwave.",pour out the wine bottle from coffee table,[HOLD],549,4
coffee_table/case282,2451,coffee_table/case282,4,pour out the wine bottle from coffee table,0,"Organize a culinary scene by relocating items, including chocolate pudding, mugs, a frypan, and a wine bottle between a wooden cabinet, coffee table, and microwave.",pour out the wine bottle from coffee table,[HOLD],550,4
coffee_table/case282,2452,coffee_table/case282,4,pour out the wine bottle from coffee table,0,"Organize a culinary scene by relocating items, including chocolate pudding, mugs, a frypan, and a wine bottle between a wooden cabinet, coffee table, and microwave.",pour out the wine bottle from coffee table,[HOLD],551,4
coffee_table/case282,2453,coffee_table/case282,4,pour out the wine bottle from coffee table,0,"Organize a culinary scene by relocating items, including chocolate pudding, mugs, a frypan, and a wine bottle between a wooden cabinet, coffee table, and microwave.",pour out the wine bottle from coffee table,[HOLD],552,4
coffee_table/case282,2454,coffee_table/case282,4,pour out the wine bottle from coffee table,0,"Organize a culinary scene by relocating items, including chocolate pudding, mugs, a frypan, and a wine bottle between a wooden cabinet, coffee table, and microwave.",pour out the wine bottle from coffee table,[HOLD],553,4
coffee_table/case282,2455,coffee_table/case282,4,pour out the wine bottle from coffee table,0,"Organize a culinary scene by relocating items, including chocolate pudding, mugs, a frypan, and a wine bottle between a wooden cabinet, coffee table, and microwave.",pour out the wine bottle from coffee table,[HOLD],554,4
coffee_table/case282,2456,coffee_table/case282,4,pour out the wine bottle from coffee table,0,"Organize a culinary scene by relocating items, including chocolate pudding, mugs, a frypan, and a wine bottle between a wooden cabinet, coffee table, and microwave.",pour out the wine bottle from coffee table,[HOLD],555,4
coffee_table/case282,2457,coffee_table/case282,4,pour out the wine bottle from coffee table,0,"Organize a culinary scene by relocating items, including chocolate pudding, mugs, a frypan, and a wine bottle between a wooden cabinet, coffee table, and microwave.",pour out the wine bottle from coffee table,[HOLD],556,4
coffee_table/case282,2458,coffee_table/case282,4,pour out the wine bottle from coffee table,0,"Organize a culinary scene by relocating items, including chocolate pudding, mugs, a frypan, and a wine bottle between a wooden cabinet, coffee table, and microwave.",pour out the wine bottle from coffee table,[HOLD],557,4
coffee_table/case282,2459,coffee_table/case282,4,pour out the wine bottle from coffee table,0,"Organize a culinary scene by relocating items, including chocolate pudding, mugs, a frypan, and a wine bottle between a wooden cabinet, coffee table, and microwave.",pour out the wine bottle from coffee table,[HOLD],558,4
coffee_table/case282,2460,coffee_table/case282,4,pour out the wine bottle from coffee table,0,"Organize a culinary scene by relocating items, including chocolate pudding, mugs, a frypan, and a wine bottle between a wooden cabinet, coffee table, and microwave.",pour out the wine bottle from coffee table,[HOLD],559,4
coffee_table/case282,2461,coffee_table/case282,4,pour out the wine bottle from coffee table,0,"Organize a culinary scene by relocating items, including chocolate pudding, mugs, a frypan, and a wine bottle between a wooden cabinet, coffee table, and microwave.",pour out the wine bottle from coffee table,[HOLD],560,4
coffee_table/case282,2462,coffee_table/case282,4,pour out the wine bottle from coffee table,0,"Organize a culinary scene by relocating items, including chocolate pudding, mugs, a frypan, and a wine bottle between a wooden cabinet, coffee table, and microwave.",pour out the wine bottle from coffee table,[HOLD],561,4
coffee_table/case282,2463,coffee_table/case282,4,pour out the wine bottle from coffee table,0,"Organize a culinary scene by relocating items, including chocolate pudding, mugs, a frypan, and a wine bottle between a wooden cabinet, coffee table, and microwave.",pour out the wine bottle from coffee table,[HOLD],562,4
coffee_table/case282,2464,coffee_table/case282,4,pour out the wine bottle from coffee table,0,"Organize a culinary scene by relocating items, including chocolate pudding, mugs, a frypan, and a wine bottle between a wooden cabinet, coffee table, and microwave.",pour out the wine bottle from coffee table,[HOLD],563,4
coffee_table/case282,2465,coffee_table/case282,4,pour out the wine bottle from coffee table,0,"Organize a culinary scene by relocating items, including chocolate pudding, mugs, a frypan, and a wine bottle between a wooden cabinet, coffee table, and microwave.",pour out the wine bottle from coffee table,[HOLD],564,4
coffee_table/case282,2466,coffee_table/case282,4,pour out the wine bottle from coffee table,0,"Organize a culinary scene by relocating items, including chocolate pudding, mugs, a frypan, and a wine bottle between a wooden cabinet, coffee table, and microwave.",pour out the wine bottle from coffee table,[HOLD],565,4
coffee_table/case282,2467,coffee_table/case282,4,pour out the wine bottle from coffee table,0,"Organize a culinary scene by relocating items, including chocolate pudding, mugs, a frypan, and a wine bottle between a wooden cabinet, coffee table, and microwave.",pour out the wine bottle from coffee table,[HOLD],566,4
coffee_table/case282,2468,coffee_table/case282,4,pour out the wine bottle from coffee table,0,"Organize a culinary scene by relocating items, including chocolate pudding, mugs, a frypan, and a wine bottle between a wooden cabinet, coffee table, and microwave.",pour out the wine bottle from coffee table,[HOLD],567,4
coffee_table/case282,2469,coffee_table/case282,4,pour out the wine bottle from coffee table,0,"Organize a culinary scene by relocating items, including chocolate pudding, mugs, a frypan, and a wine bottle between a wooden cabinet, coffee table, and microwave.",pour out the wine bottle from coffee table,[HOLD],568,4
coffee_table/case282,2470,coffee_table/case282,4,pour out the wine bottle from coffee table,0,"Organize a culinary scene by relocating items, including chocolate pudding, mugs, a frypan, and a wine bottle between a wooden cabinet, coffee table, and microwave.",pour out the wine bottle from coffee table,[HOLD],569,4
coffee_table/case282,2471,coffee_table/case282,4,pour out the wine bottle from coffee table,0,"Organize a culinary scene by relocating items, including chocolate pudding, mugs, a frypan, and a wine bottle between a wooden cabinet, coffee table, and microwave.",pour out the wine bottle from coffee table,[HOLD],570,4
coffee_table/case282,2472,coffee_table/case282,4,pour out the wine bottle from coffee table,0,"Organize a culinary scene by relocating items, including chocolate pudding, mugs, a frypan, and a wine bottle between a wooden cabinet, coffee table, and microwave.",pour out the wine bottle from coffee table,[HOLD],571,4
coffee_table/case282,2473,coffee_table/case282,4,pour out the wine bottle from coffee table,0,"Organize a culinary scene by relocating items, including chocolate pudding, mugs, a frypan, and a wine bottle between a wooden cabinet, coffee table, and microwave.",pour out the wine bottle from coffee table,[HOLD],572,4
coffee_table/case282,2474,coffee_table/case282,4,pour out the wine bottle from coffee table,0,"Organize a culinary scene by relocating items, including chocolate pudding, mugs, a frypan, and a wine bottle between a wooden cabinet, coffee table, and microwave.",pour out the wine bottle from coffee table,[HOLD],573,4
coffee_table/case282,2475,coffee_table/case282,4,pour out the wine bottle from coffee table,0,"Organize a culinary scene by relocating items, including chocolate pudding, mugs, a frypan, and a wine bottle between a wooden cabinet, coffee table, and microwave.",pour out the wine bottle from coffee table,[HOLD],574,4
coffee_table/case282,2476,coffee_table/case282,4,pour out the wine bottle from coffee table,0,"Organize a culinary scene by relocating items, including chocolate pudding, mugs, a frypan, and a wine bottle between a wooden cabinet, coffee table, and microwave.",pour out the wine bottle from coffee table,[HOLD],575,4
coffee_table/case282,2477,coffee_table/case282,4,pour out the wine bottle from coffee table,0,"Organize a culinary scene by relocating items, including chocolate pudding, mugs, a frypan, and a wine bottle between a wooden cabinet, coffee table, and microwave.",pour out the wine bottle from coffee table,[HOLD],576,4
coffee_table/case282,2478,coffee_table/case282,4,pour out the wine bottle from coffee table,0,"Organize a culinary scene by relocating items, including chocolate pudding, mugs, a frypan, and a wine bottle between a wooden cabinet, coffee table, and microwave.",pour out the wine bottle from coffee table,[HOLD],577,4
coffee_table/case282,2479,coffee_table/case282,4,pour out the wine bottle from coffee table,0,"Organize a culinary scene by relocating items, including chocolate pudding, mugs, a frypan, and a wine bottle between a wooden cabinet, coffee table, and microwave.",pour out the wine bottle from coffee table,[HOLD],578,4
coffee_table/case282,2480,coffee_table/case282,4,pour out the wine bottle from coffee table,0,"Organize a culinary scene by relocating items, including chocolate pudding, mugs, a frypan, and a wine bottle between a wooden cabinet, coffee table, and microwave.",pour out the wine bottle from coffee table,[HOLD],579,4
coffee_table/case282,2481,coffee_table/case282,4,pour out the wine bottle from coffee table,0,"Organize a culinary scene by relocating items, including chocolate pudding, mugs, a frypan, and a wine bottle between a wooden cabinet, coffee table, and microwave.",pour out the wine bottle from coffee table,[HOLD],580,4
coffee_table/case282,2482,coffee_table/case282,4,pour out the wine bottle from coffee table,0,"Organize a culinary scene by relocating items, including chocolate pudding, mugs, a frypan, and a wine bottle between a wooden cabinet, coffee table, and microwave.",pour out the wine bottle from coffee table,[HOLD],581,4
coffee_table/case282,2483,coffee_table/case282,4,pour out the wine bottle from coffee table,0,"Organize a culinary scene by relocating items, including chocolate pudding, mugs, a frypan, and a wine bottle between a wooden cabinet, coffee table, and microwave.",pour out the wine bottle from coffee table,[HOLD],582,4
coffee_table/case282,2484,coffee_table/case282,4,pour out the wine bottle from coffee table,0,"Organize a culinary scene by relocating items, including chocolate pudding, mugs, a frypan, and a wine bottle between a wooden cabinet, coffee table, and microwave.",pour out the wine bottle from coffee table,[HOLD],583,4
coffee_table/case282,2485,coffee_table/case282,4,pour out the wine bottle from coffee table,0,"Organize a culinary scene by relocating items, including chocolate pudding, mugs, a frypan, and a wine bottle between a wooden cabinet, coffee table, and microwave.",pour out the wine bottle from coffee table,[HOLD],584,4
coffee_table/case282,2486,coffee_table/case282,4,pour out the wine bottle from coffee table,0,"Organize a culinary scene by relocating items, including chocolate pudding, mugs, a frypan, and a wine bottle between a wooden cabinet, coffee table, and microwave.",pour out the wine bottle from coffee table,[HOLD],585,4
coffee_table/case282,2487,coffee_table/case282,4,pour out the wine bottle from coffee table,0,"Organize a culinary scene by relocating items, including chocolate pudding, mugs, a frypan, and a wine bottle between a wooden cabinet, coffee table, and microwave.",pour out the wine bottle from coffee table,[HOLD],586,4
coffee_table/case282,2488,coffee_table/case282,4,pour out the wine bottle from coffee table,0,"Organize a culinary scene by relocating items, including chocolate pudding, mugs, a frypan, and a wine bottle between a wooden cabinet, coffee table, and microwave.",pour out the wine bottle from coffee table,[HOLD],587,4
coffee_table/case282,2489,coffee_table/case282,4,pour out the wine bottle from coffee table,0,"Organize a culinary scene by relocating items, including chocolate pudding, mugs, a frypan, and a wine bottle between a wooden cabinet, coffee table, and microwave.",pour out the wine bottle from coffee table,[HOLD],588,4
coffee_table/case282,2490,coffee_table/case282,4,pour out the wine bottle from coffee table,0,"Organize a culinary scene by relocating items, including chocolate pudding, mugs, a frypan, and a wine bottle between a wooden cabinet, coffee table, and microwave.",pour out the wine bottle from coffee table,[HOLD],589,4
coffee_table/case282,2491,coffee_table/case282,4,pour out the wine bottle from coffee table,0,"Organize a culinary scene by relocating items, including chocolate pudding, mugs, a frypan, and a wine bottle between a wooden cabinet, coffee table, and microwave.",pour out the wine bottle from coffee table,[HOLD],590,4
coffee_table/case282,2492,coffee_table/case282,4,pour out the wine bottle from coffee table,0,"Organize a culinary scene by relocating items, including chocolate pudding, mugs, a frypan, and a wine bottle between a wooden cabinet, coffee table, and microwave.",pour out the wine bottle from coffee table,[HOLD],591,4
coffee_table/case282,2493,coffee_table/case282,4,pour out the wine bottle from coffee table,0,"Organize a culinary scene by relocating items, including chocolate pudding, mugs, a frypan, and a wine bottle between a wooden cabinet, coffee table, and microwave.",pour out the wine bottle from coffee table,[HOLD],592,4
coffee_table/case282,2494,coffee_table/case282,4,pour out the wine bottle from coffee table,0,"Organize a culinary scene by relocating items, including chocolate pudding, mugs, a frypan, and a wine bottle between a wooden cabinet, coffee table, and microwave.",pour out the wine bottle from coffee table,[HOLD],593,4
coffee_table/case282,2495,coffee_table/case282,4,pour out the wine bottle from coffee table,0,"Organize a culinary scene by relocating items, including chocolate pudding, mugs, a frypan, and a wine bottle between a wooden cabinet, coffee table, and microwave.",pour out the wine bottle from coffee table,[HOLD],594,4
coffee_table/case282,2496,coffee_table/case282,4,pour out the wine bottle from coffee table,0,"Organize a culinary scene by relocating items, including chocolate pudding, mugs, a frypan, and a wine bottle between a wooden cabinet, coffee table, and microwave.",pour out the wine bottle from coffee table,[HOLD],595,4
coffee_table/case282,2497,coffee_table/case282,4,pour out the wine bottle from coffee table,0,"Organize a culinary scene by relocating items, including chocolate pudding, mugs, a frypan, and a wine bottle between a wooden cabinet, coffee table, and microwave.",pour out the wine bottle from coffee table,[HOLD],596,4
coffee_table/case282,2498,coffee_table/case282,4,pour out the wine bottle from coffee table,0,"Organize a culinary scene by relocating items, including chocolate pudding, mugs, a frypan, and a wine bottle between a wooden cabinet, coffee table, and microwave.",pour out the wine bottle from coffee table,[HOLD],597,4
coffee_table/case282,2499,coffee_table/case282,4,pour out the wine bottle from coffee table,0,"Organize a culinary scene by relocating items, including chocolate pudding, mugs, a frypan, and a wine bottle between a wooden cabinet, coffee table, and microwave.",pour out the wine bottle from coffee table,[HOLD],598,4
coffee_table/case282,2500,coffee_table/case282,4,pour out the wine bottle from coffee table,0,"Organize a culinary scene by relocating items, including chocolate pudding, mugs, a frypan, and a wine bottle between a wooden cabinet, coffee table, and microwave.",pour out the wine bottle from coffee table,[HOLD],599,4
coffee_table/case282,2501,coffee_table/case282,4,pour out the wine bottle from coffee table,0,"Organize a culinary scene by relocating items, including chocolate pudding, mugs, a frypan, and a wine bottle between a wooden cabinet, coffee table, and microwave.",pour out the wine bottle from coffee table,[HOLD],600,4
coffee_table/case282,2502,coffee_table/case282,4,pour out the wine bottle from coffee table,0,"Organize a culinary scene by relocating items, including chocolate pudding, mugs, a frypan, and a wine bottle between a wooden cabinet, coffee table, and microwave.",pour out the wine bottle from coffee table,[HOLD],601,4
coffee_table/case282,2503,coffee_table/case282,4,pour out the wine bottle from coffee table,0,"Organize a culinary scene by relocating items, including chocolate pudding, mugs, a frypan, and a wine bottle between a wooden cabinet, coffee table, and microwave.",pour out the wine bottle from coffee table,[HOLD],602,4
coffee_table/case282,2504,coffee_table/case282,4,pour out the wine bottle from coffee table,0,"Organize a culinary scene by relocating items, including chocolate pudding, mugs, a frypan, and a wine bottle between a wooden cabinet, coffee table, and microwave.",pour out the wine bottle from coffee table,[HOLD],603,4
coffee_table/case282,2505,coffee_table/case282,4,pour out the wine bottle from coffee table,0,"Organize a culinary scene by relocating items, including chocolate pudding, mugs, a frypan, and a wine bottle between a wooden cabinet, coffee table, and microwave.",pour out the wine bottle from coffee table,[HOLD],604,4
coffee_table/case282,2506,coffee_table/case282,4,pour out the wine bottle from coffee table,0,"Organize a culinary scene by relocating items, including chocolate pudding, mugs, a frypan, and a wine bottle between a wooden cabinet, coffee table, and microwave.",pour out the wine bottle from coffee table,[HOLD],605,4
coffee_table/case282,2507,coffee_table/case282,4,pour out the wine bottle from coffee table,0,"Organize a culinary scene by relocating items, including chocolate pudding, mugs, a frypan, and a wine bottle between a wooden cabinet, coffee table, and microwave.",pour out the wine bottle from coffee table,[HOLD],606,4
coffee_table/case282,2508,coffee_table/case282,4,pour out the wine bottle from coffee table,0,"Organize a culinary scene by relocating items, including chocolate pudding, mugs, a frypan, and a wine bottle between a wooden cabinet, coffee table, and microwave.",pour out the wine bottle from coffee table,[HOLD],607,4
coffee_table/case282,2509,coffee_table/case282,4,pour out the wine bottle from coffee table,0,"Organize a culinary scene by relocating items, including chocolate pudding, mugs, a frypan, and a wine bottle between a wooden cabinet, coffee table, and microwave.",pour out the wine bottle from coffee table,[HOLD],608,4
coffee_table/case282,2510,coffee_table/case282,4,pour out the wine bottle from coffee table,0,"Organize a culinary scene by relocating items, including chocolate pudding, mugs, a frypan, and a wine bottle between a wooden cabinet, coffee table, and microwave.",pour out the wine bottle from coffee table,[HOLD],609,4
coffee_table/case282,2511,coffee_table/case282,4,pour out the wine bottle from coffee table,0,"Organize a culinary scene by relocating items, including chocolate pudding, mugs, a frypan, and a wine bottle between a wooden cabinet, coffee table, and microwave.",pour out the wine bottle from coffee table,[HOLD],610,4
coffee_table/case282,2512,coffee_table/case282,4,pour out the wine bottle from coffee table,0,"Organize a culinary scene by relocating items, including chocolate pudding, mugs, a frypan, and a wine bottle between a wooden cabinet, coffee table, and microwave.",pour out the wine bottle from coffee table,[HOLD],611,4
coffee_table/case282,2513,coffee_table/case282,4,pour out the wine bottle from coffee table,0,"Organize a culinary scene by relocating items, including chocolate pudding, mugs, a frypan, and a wine bottle between a wooden cabinet, coffee table, and microwave.",pour out the wine bottle from coffee table,[HOLD],612,4
coffee_table/case282,2514,coffee_table/case282,4,pour out the wine bottle from coffee table,0,"Organize a culinary scene by relocating items, including chocolate pudding, mugs, a frypan, and a wine bottle between a wooden cabinet, coffee table, and microwave.",pour out the wine bottle from coffee table,[HOLD],613,4
coffee_table/case282,2515,coffee_table/case282,4,pour out the wine bottle from coffee table,0,"Organize a culinary scene by relocating items, including chocolate pudding, mugs, a frypan, and a wine bottle between a wooden cabinet, coffee table, and microwave.",pour out the wine bottle from coffee table,[HOLD],614,4
coffee_table/case282,2516,coffee_table/case282,4,pour out the wine bottle from coffee table,0,"Organize a culinary scene by relocating items, including chocolate pudding, mugs, a frypan, and a wine bottle between a wooden cabinet, coffee table, and microwave.",pour out the wine bottle from coffee table,[HOLD],615,4
coffee_table/case282,2517,coffee_table/case282,4,pour out the wine bottle from coffee table,0,"Organize a culinary scene by relocating items, including chocolate pudding, mugs, a frypan, and a wine bottle between a wooden cabinet, coffee table, and microwave.",pour out the wine bottle from coffee table,[HOLD],616,4
coffee_table/case282,2518,coffee_table/case282,4,pour out the wine bottle from coffee table,0,"Organize a culinary scene by relocating items, including chocolate pudding, mugs, a frypan, and a wine bottle between a wooden cabinet, coffee table, and microwave.",pour out the wine bottle from coffee table,[HOLD],617,4
coffee_table/case282,2519,coffee_table/case282,4,pour out the wine bottle from coffee table,0,"Organize a culinary scene by relocating items, including chocolate pudding, mugs, a frypan, and a wine bottle between a wooden cabinet, coffee table, and microwave.",pour out the wine bottle from coffee table,[HOLD],618,4
coffee_table/case282,2520,coffee_table/case282,4,pour out the wine bottle from coffee table,0,"Organize a culinary scene by relocating items, including chocolate pudding, mugs, a frypan, and a wine bottle between a wooden cabinet, coffee table, and microwave.",pour out the wine bottle from coffee table,[HOLD],619,4
coffee_table/case282,2521,coffee_table/case282,4,pour out the wine bottle from coffee table,0,"Organize a culinary scene by relocating items, including chocolate pudding, mugs, a frypan, and a wine bottle between a wooden cabinet, coffee table, and microwave.",pour out the wine bottle from coffee table,[HOLD],620,4
coffee_table/case282,2522,coffee_table/case282,4,pour out the wine bottle from coffee table,0,"Organize a culinary scene by relocating items, including chocolate pudding, mugs, a frypan, and a wine bottle between a wooden cabinet, coffee table, and microwave.",pour out the wine bottle from coffee table,[HOLD],621,4
coffee_table/case282,2523,coffee_table/case282,4,pour out the wine bottle from coffee table,0,"Organize a culinary scene by relocating items, including chocolate pudding, mugs, a frypan, and a wine bottle between a wooden cabinet, coffee table, and microwave.",pour out the wine bottle from coffee table,[HOLD],622,4
coffee_table/case282,2524,coffee_table/case282,4,pour out the wine bottle from coffee table,0,"Organize a culinary scene by relocating items, including chocolate pudding, mugs, a frypan, and a wine bottle between a wooden cabinet, coffee table, and microwave.",pour out the wine bottle from coffee table,[HOLD],623,4
coffee_table/case282,2525,coffee_table/case282,4,pour out the wine bottle from coffee table,0,"Organize a culinary scene by relocating items, including chocolate pudding, mugs, a frypan, and a wine bottle between a wooden cabinet, coffee table, and microwave.",pour out the wine bottle from coffee table,[HOLD],624,4
coffee_table/case282,2526,coffee_table/case282,4,pour out the wine bottle from coffee table,0,"Organize a culinary scene by relocating items, including chocolate pudding, mugs, a frypan, and a wine bottle between a wooden cabinet, coffee table, and microwave.",pour out the wine bottle from coffee table,[HOLD],625,4
coffee_table/case282,2527,coffee_table/case282,4,pour out the wine bottle from coffee table,0,"Organize a culinary scene by relocating items, including chocolate pudding, mugs, a frypan, and a wine bottle between a wooden cabinet, coffee table, and microwave.",pour out the wine bottle from coffee table,[HOLD],626,4
coffee_table/case282,2528,coffee_table/case282,4,pour out the wine bottle from coffee table,0,"Organize a culinary scene by relocating items, including chocolate pudding, mugs, a frypan, and a wine bottle between a wooden cabinet, coffee table, and microwave.",pour out the wine bottle from coffee table,[HOLD],627,4
coffee_table/case282,2529,coffee_table/case282,4,pour out the wine bottle from coffee table,0,"Organize a culinary scene by relocating items, including chocolate pudding, mugs, a frypan, and a wine bottle between a wooden cabinet, coffee table, and microwave.",pour out the wine bottle from coffee table,[HOLD],628,4
coffee_table/case282,2530,coffee_table/case282,4,pour out the wine bottle from coffee table,0,"Organize a culinary scene by relocating items, including chocolate pudding, mugs, a frypan, and a wine bottle between a wooden cabinet, coffee table, and microwave.",pour out the wine bottle from coffee table,[HOLD],629,4
coffee_table/case282,2531,coffee_table/case282,4,pour out the wine bottle from coffee table,0,"Organize a culinary scene by relocating items, including chocolate pudding, mugs, a frypan, and a wine bottle between a wooden cabinet, coffee table, and microwave.",pour out the wine bottle from coffee table,[HOLD],630,4
coffee_table/case282,2532,coffee_table/case282,4,pour out the wine bottle from coffee table,0,"Organize a culinary scene by relocating items, including chocolate pudding, mugs, a frypan, and a wine bottle between a wooden cabinet, coffee table, and microwave.",pour out the wine bottle from coffee table,[HOLD],631,4
coffee_table/case282,2533,coffee_table/case282,4,pour out the wine bottle from coffee table,0,"Organize a culinary scene by relocating items, including chocolate pudding, mugs, a frypan, and a wine bottle between a wooden cabinet, coffee table, and microwave.",pour out the wine bottle from coffee table,[HOLD],632,4
coffee_table/case282,2534,coffee_table/case282,4,pour out the wine bottle from coffee table,0,"Organize a culinary scene by relocating items, including chocolate pudding, mugs, a frypan, and a wine bottle between a wooden cabinet, coffee table, and microwave.",pour out the wine bottle from coffee table,[HOLD],633,4
coffee_table/case282,2535,coffee_table/case282,4,pour out the wine bottle from coffee table,0,"Organize a culinary scene by relocating items, including chocolate pudding, mugs, a frypan, and a wine bottle between a wooden cabinet, coffee table, and microwave.",pour out the wine bottle from coffee table,[HOLD],634,4
coffee_table/case282,2536,coffee_table/case282,4,pour out the wine bottle from coffee table,0,"Organize a culinary scene by relocating items, including chocolate pudding, mugs, a frypan, and a wine bottle between a wooden cabinet, coffee table, and microwave.",pour out the wine bottle from coffee table,[HOLD],635,4
coffee_table/case282,2537,coffee_table/case282,4,pour out the wine bottle from coffee table,0,"Organize a culinary scene by relocating items, including chocolate pudding, mugs, a frypan, and a wine bottle between a wooden cabinet, coffee table, and microwave.",pour out the wine bottle from coffee table,[HOLD],636,4
coffee_table/case282,2538,coffee_table/case282,4,pour out the wine bottle from coffee table,0,"Organize a culinary scene by relocating items, including chocolate pudding, mugs, a frypan, and a wine bottle between a wooden cabinet, coffee table, and microwave.",pour out the wine bottle from coffee table,[HOLD],637,4
coffee_table/case282,2539,coffee_table/case282,4,pour out the wine bottle from coffee table,0,"Organize a culinary scene by relocating items, including chocolate pudding, mugs, a frypan, and a wine bottle between a wooden cabinet, coffee table, and microwave.",pour out the wine bottle from coffee table,[HOLD],638,4
coffee_table/case282,2540,coffee_table/case282,4,pour out the wine bottle from coffee table,0,"Organize a culinary scene by relocating items, including chocolate pudding, mugs, a frypan, and a wine bottle between a wooden cabinet, coffee table, and microwave.",pour out the wine bottle from coffee table,[HOLD],639,4
coffee_table/case282,2541,coffee_table/case282,4,pour out the wine bottle from coffee table,0,"Organize a culinary scene by relocating items, including chocolate pudding, mugs, a frypan, and a wine bottle between a wooden cabinet, coffee table, and microwave.",pour out the wine bottle from coffee table,[HOLD],640,4
coffee_table/case282,2542,coffee_table/case282,4,pour out the wine bottle from coffee table,0,"Organize a culinary scene by relocating items, including chocolate pudding, mugs, a frypan, and a wine bottle between a wooden cabinet, coffee table, and microwave.",pour out the wine bottle from coffee table,[HOLD],641,4
coffee_table/case282,2543,coffee_table/case282,4,pour out the wine bottle from coffee table,0,"Organize a culinary scene by relocating items, including chocolate pudding, mugs, a frypan, and a wine bottle between a wooden cabinet, coffee table, and microwave.",pour out the wine bottle from coffee table,[HOLD],642,4
coffee_table/case282,2544,coffee_table/case282,4,pour out the wine bottle from coffee table,0,"Organize a culinary scene by relocating items, including chocolate pudding, mugs, a frypan, and a wine bottle between a wooden cabinet, coffee table, and microwave.",pour out the wine bottle from coffee table,[HOLD],643,4
coffee_table/case282,2545,coffee_table/case282,4,pour out the wine bottle from coffee table,0,"Organize a culinary scene by relocating items, including chocolate pudding, mugs, a frypan, and a wine bottle between a wooden cabinet, coffee table, and microwave.",pour out the wine bottle from coffee table,[HOLD],644,4
coffee_table/case282,2546,coffee_table/case282,4,pour out the wine bottle from coffee table,0,"Organize a culinary scene by relocating items, including chocolate pudding, mugs, a frypan, and a wine bottle between a wooden cabinet, coffee table, and microwave.",pour out the wine bottle from coffee table,[HOLD],645,4
coffee_table/case282,2547,coffee_table/case282,4,pour out the wine bottle from coffee table,0,"Organize a culinary scene by relocating items, including chocolate pudding, mugs, a frypan, and a wine bottle between a wooden cabinet, coffee table, and microwave.",pour out the wine bottle from coffee table,[HOLD],646,4
coffee_table/case282,2548,coffee_table/case282,4,pour out the wine bottle from coffee table,0,"Organize a culinary scene by relocating items, including chocolate pudding, mugs, a frypan, and a wine bottle between a wooden cabinet, coffee table, and microwave.",pour out the wine bottle from coffee table,[HOLD],647,4
coffee_table/case282,2549,coffee_table/case282,4,pour out the wine bottle from coffee table,0,"Organize a culinary scene by relocating items, including chocolate pudding, mugs, a frypan, and a wine bottle between a wooden cabinet, coffee table, and microwave.",pour out the wine bottle from coffee table,[HOLD],648,4
coffee_table/case282,2550,coffee_table/case282,4,pour out the wine bottle from coffee table,0,"Organize a culinary scene by relocating items, including chocolate pudding, mugs, a frypan, and a wine bottle between a wooden cabinet, coffee table, and microwave.",pour out the wine bottle from coffee table,[HOLD],649,4
coffee_table/case282,2551,coffee_table/case282,4,pour out the wine bottle from coffee table,0,"Organize a culinary scene by relocating items, including chocolate pudding, mugs, a frypan, and a wine bottle between a wooden cabinet, coffee table, and microwave.",pour out the wine bottle from coffee table,[HOLD],650,4
coffee_table/case282,2552,coffee_table/case282,4,pour out the wine bottle from coffee table,0,"Organize a culinary scene by relocating items, including chocolate pudding, mugs, a frypan, and a wine bottle between a wooden cabinet, coffee table, and microwave.",pour out the wine bottle from coffee table,[HOLD],651,4
coffee_table/case282,2553,coffee_table/case282,4,pour out the wine bottle from coffee table,0,"Organize a culinary scene by relocating items, including chocolate pudding, mugs, a frypan, and a wine bottle between a wooden cabinet, coffee table, and microwave.",pour out the wine bottle from coffee table,[HOLD],652,4
coffee_table/case282,2554,coffee_table/case282,4,pour out the wine bottle from coffee table,0,"Organize a culinary scene by relocating items, including chocolate pudding, mugs, a frypan, and a wine bottle between a wooden cabinet, coffee table, and microwave.",pour out the wine bottle from coffee table,[HOLD],653,4
coffee_table/case282,2555,coffee_table/case282,4,pour out the wine bottle from coffee table,0,"Organize a culinary scene by relocating items, including chocolate pudding, mugs, a frypan, and a wine bottle between a wooden cabinet, coffee table, and microwave.",pour out the wine bottle from coffee table,[HOLD],654,4
coffee_table/case282,2556,coffee_table/case282,4,pour out the wine bottle from coffee table,0,"Organize a culinary scene by relocating items, including chocolate pudding, mugs, a frypan, and a wine bottle between a wooden cabinet, coffee table, and microwave.",pour out the wine bottle from coffee table,[HOLD],655,4
coffee_table/case282,2557,coffee_table/case282,4,pour out the wine bottle from coffee table,0,"Organize a culinary scene by relocating items, including chocolate pudding, mugs, a frypan, and a wine bottle between a wooden cabinet, coffee table, and microwave.",pour out the wine bottle from coffee table,[HOLD],656,4
coffee_table/case282,2558,coffee_table/case282,4,pour out the wine bottle from coffee table,0,"Organize a culinary scene by relocating items, including chocolate pudding, mugs, a frypan, and a wine bottle between a wooden cabinet, coffee table, and microwave.",pour out the wine bottle from coffee table,[HOLD],657,4
coffee_table/case282,2559,coffee_table/case282,4,pour out the wine bottle from coffee table,0,"Organize a culinary scene by relocating items, including chocolate pudding, mugs, a frypan, and a wine bottle between a wooden cabinet, coffee table, and microwave.",pour out the wine bottle from coffee table,[HOLD],658,4
coffee_table/case282,2560,coffee_table/case282,4,pour out the wine bottle from coffee table,0,"Organize a culinary scene by relocating items, including chocolate pudding, mugs, a frypan, and a wine bottle between a wooden cabinet, coffee table, and microwave.",pour out the wine bottle from coffee table,[HOLD],659,4
coffee_table/case282,2561,coffee_table/case282,4,pour out the wine bottle from coffee table,0,"Organize a culinary scene by relocating items, including chocolate pudding, mugs, a frypan, and a wine bottle between a wooden cabinet, coffee table, and microwave.",pour out the wine bottle from coffee table,[HOLD],660,4
coffee_table/case282,2562,coffee_table/case282,4,pour out the wine bottle from coffee table,0,"Organize a culinary scene by relocating items, including chocolate pudding, mugs, a frypan, and a wine bottle between a wooden cabinet, coffee table, and microwave.",pour out the wine bottle from coffee table,[HOLD],661,4
coffee_table/case282,2563,coffee_table/case282,4,pour out the wine bottle from coffee table,0,"Organize a culinary scene by relocating items, including chocolate pudding, mugs, a frypan, and a wine bottle between a wooden cabinet, coffee table, and microwave.",pour out the wine bottle from coffee table,[HOLD],662,4
coffee_table/case282,2564,coffee_table/case282,4,pour out the wine bottle from coffee table,0,"Organize a culinary scene by relocating items, including chocolate pudding, mugs, a frypan, and a wine bottle between a wooden cabinet, coffee table, and microwave.",pour out the wine bottle from coffee table,[HOLD],663,4
coffee_table/case282,2565,coffee_table/case282,4,pour out the wine bottle from coffee table,0,"Organize a culinary scene by relocating items, including chocolate pudding, mugs, a frypan, and a wine bottle between a wooden cabinet, coffee table, and microwave.",pour out the wine bottle from coffee table,[HOLD],664,4
coffee_table/case282,2566,coffee_table/case282,4,pour out the wine bottle from coffee table,0,"Organize a culinary scene by relocating items, including chocolate pudding, mugs, a frypan, and a wine bottle between a wooden cabinet, coffee table, and microwave.",pour out the wine bottle from coffee table,[HOLD],665,4
coffee_table/case282,2567,coffee_table/case282,4,pour out the wine bottle from coffee table,0,"Organize a culinary scene by relocating items, including chocolate pudding, mugs, a frypan, and a wine bottle between a wooden cabinet, coffee table, and microwave.",pour out the wine bottle from coffee table,[HOLD],666,4
coffee_table/case282,2568,coffee_table/case282,4,pour out the wine bottle from coffee table,0,"Organize a culinary scene by relocating items, including chocolate pudding, mugs, a frypan, and a wine bottle between a wooden cabinet, coffee table, and microwave.",pour out the wine bottle from coffee table,[HOLD],667,4
coffee_table/case282,2569,coffee_table/case282,4,pour out the wine bottle from coffee table,0,"Organize a culinary scene by relocating items, including chocolate pudding, mugs, a frypan, and a wine bottle between a wooden cabinet, coffee table, and microwave.",pour out the wine bottle from coffee table,[HOLD],668,4
coffee_table/case282,2570,coffee_table/case282,4,pour out the wine bottle from coffee table,0,"Organize a culinary scene by relocating items, including chocolate pudding, mugs, a frypan, and a wine bottle between a wooden cabinet, coffee table, and microwave.",pour out the wine bottle from coffee table,[HOLD],669,4
coffee_table/case282,2571,coffee_table/case282,4,pour out the wine bottle from coffee table,0,"Organize a culinary scene by relocating items, including chocolate pudding, mugs, a frypan, and a wine bottle between a wooden cabinet, coffee table, and microwave.",pour out the wine bottle from coffee table,[HOLD],670,4
coffee_table/case282,2572,coffee_table/case282,4,pour out the wine bottle from coffee table,0,"Organize a culinary scene by relocating items, including chocolate pudding, mugs, a frypan, and a wine bottle between a wooden cabinet, coffee table, and microwave.",pour out the wine bottle from coffee table,[HOLD],671,4
coffee_table/case282,2573,coffee_table/case282,4,pour out the wine bottle from coffee table,0,"Organize a culinary scene by relocating items, including chocolate pudding, mugs, a frypan, and a wine bottle between a wooden cabinet, coffee table, and microwave.",pour out the wine bottle from coffee table,[HOLD],672,4
coffee_table/case282,2574,coffee_table/case282,4,pour out the wine bottle from coffee table,0,"Organize a culinary scene by relocating items, including chocolate pudding, mugs, a frypan, and a wine bottle between a wooden cabinet, coffee table, and microwave.",pour out the wine bottle from coffee table,[HOLD],673,4
coffee_table/case282,2575,coffee_table/case282,4,pour out the wine bottle from coffee table,0,"Organize a culinary scene by relocating items, including chocolate pudding, mugs, a frypan, and a wine bottle between a wooden cabinet, coffee table, and microwave.",pour out the wine bottle from coffee table,[HOLD],674,4
coffee_table/case282,2576,coffee_table/case282,4,pour out the wine bottle from coffee table,0,"Organize a culinary scene by relocating items, including chocolate pudding, mugs, a frypan, and a wine bottle between a wooden cabinet, coffee table, and microwave.",pour out the wine bottle from coffee table,[HOLD],675,4
coffee_table/case282,2577,coffee_table/case282,4,pour out the wine bottle from coffee table,0,"Organize a culinary scene by relocating items, including chocolate pudding, mugs, a frypan, and a wine bottle between a wooden cabinet, coffee table, and microwave.",pour out the wine bottle from coffee table,[HOLD],676,4
coffee_table/case282,2578,coffee_table/case282,4,pour out the wine bottle from coffee table,0,"Organize a culinary scene by relocating items, including chocolate pudding, mugs, a frypan, and a wine bottle between a wooden cabinet, coffee table, and microwave.",pour out the wine bottle from coffee table,[HOLD],677,4
coffee_table/case282,2579,coffee_table/case282,4,pour out the wine bottle from coffee table,0,"Organize a culinary scene by relocating items, including chocolate pudding, mugs, a frypan, and a wine bottle between a wooden cabinet, coffee table, and microwave.",pour out the wine bottle from coffee table,[HOLD],678,4
coffee_table/case282,2580,coffee_table/case282,4,pour out the wine bottle from coffee table,0,"Organize a culinary scene by relocating items, including chocolate pudding, mugs, a frypan, and a wine bottle between a wooden cabinet, coffee table, and microwave.",pour out the wine bottle from coffee table,[HOLD],679,4
coffee_table/case282,2581,coffee_table/case282,4,pour out the wine bottle from coffee table,0,"Organize a culinary scene by relocating items, including chocolate pudding, mugs, a frypan, and a wine bottle between a wooden cabinet, coffee table, and microwave.",pour out the wine bottle from coffee table,[HOLD],680,4
coffee_table/case282,2582,coffee_table/case282,4,pour out the wine bottle from coffee table,0,"Organize a culinary scene by relocating items, including chocolate pudding, mugs, a frypan, and a wine bottle between a wooden cabinet, coffee table, and microwave.",pour out the wine bottle from coffee table,[HOLD],681,4
coffee_table/case282,2583,coffee_table/case282,4,pour out the wine bottle from coffee table,0,"Organize a culinary scene by relocating items, including chocolate pudding, mugs, a frypan, and a wine bottle between a wooden cabinet, coffee table, and microwave.",pour out the wine bottle from coffee table,[HOLD],682,4
coffee_table/case282,2584,coffee_table/case282,4,pour out the wine bottle from coffee table,0,"Organize a culinary scene by relocating items, including chocolate pudding, mugs, a frypan, and a wine bottle between a wooden cabinet, coffee table, and microwave.",pour out the wine bottle from coffee table,[HOLD],683,4
coffee_table/case282,2585,coffee_table/case282,4,pour out the wine bottle from coffee table,0,"Organize a culinary scene by relocating items, including chocolate pudding, mugs, a frypan, and a wine bottle between a wooden cabinet, coffee table, and microwave.",pour out the wine bottle from coffee table,[HOLD],684,4
coffee_table/case282,2586,coffee_table/case282,4,pour out the wine bottle from coffee table,0,"Organize a culinary scene by relocating items, including chocolate pudding, mugs, a frypan, and a wine bottle between a wooden cabinet, coffee table, and microwave.",pour out the wine bottle from coffee table,[HOLD],685,4
coffee_table/case282,2587,coffee_table/case282,4,pour out the wine bottle from coffee table,0,"Organize a culinary scene by relocating items, including chocolate pudding, mugs, a frypan, and a wine bottle between a wooden cabinet, coffee table, and microwave.",pour out the wine bottle from coffee table,[HOLD],686,4
coffee_table/case282,2588,coffee_table/case282,4,pour out the wine bottle from coffee table,0,"Organize a culinary scene by relocating items, including chocolate pudding, mugs, a frypan, and a wine bottle between a wooden cabinet, coffee table, and microwave.",pour out the wine bottle from coffee table,[HOLD],687,4
coffee_table/case282,2589,coffee_table/case282,4,pour out the wine bottle from coffee table,0,"Organize a culinary scene by relocating items, including chocolate pudding, mugs, a frypan, and a wine bottle between a wooden cabinet, coffee table, and microwave.",pour out the wine bottle from coffee table,[HOLD],688,4
coffee_table/case282,2590,coffee_table/case282,4,pour out the wine bottle from coffee table,0,"Organize a culinary scene by relocating items, including chocolate pudding, mugs, a frypan, and a wine bottle between a wooden cabinet, coffee table, and microwave.",pour out the wine bottle from coffee table,[HOLD],689,4
coffee_table/case282,2591,coffee_table/case282,4,pour out the wine bottle from coffee table,0,"Organize a culinary scene by relocating items, including chocolate pudding, mugs, a frypan, and a wine bottle between a wooden cabinet, coffee table, and microwave.",pour out the wine bottle from coffee table,[HOLD],690,4
coffee_table/case282,2592,coffee_table/case282,4,pour out the wine bottle from coffee table,0,"Organize a culinary scene by relocating items, including chocolate pudding, mugs, a frypan, and a wine bottle between a wooden cabinet, coffee table, and microwave.",pour out the wine bottle from coffee table,[HOLD],691,4
coffee_table/case282,2593,coffee_table/case282,4,pour out the wine bottle from coffee table,0,"Organize a culinary scene by relocating items, including chocolate pudding, mugs, a frypan, and a wine bottle between a wooden cabinet, coffee table, and microwave.",pour out the wine bottle from coffee table,[HOLD],692,4
coffee_table/case282,2594,coffee_table/case282,4,pour out the wine bottle from coffee table,0,"Organize a culinary scene by relocating items, including chocolate pudding, mugs, a frypan, and a wine bottle between a wooden cabinet, coffee table, and microwave.",pour out the wine bottle from coffee table,[HOLD],693,4
coffee_table/case282,2595,coffee_table/case282,4,pour out the wine bottle from coffee table,0,"Organize a culinary scene by relocating items, including chocolate pudding, mugs, a frypan, and a wine bottle between a wooden cabinet, coffee table, and microwave.",pour out the wine bottle from coffee table,[HOLD],694,4
coffee_table/case282,2596,coffee_table/case282,4,pour out the wine bottle from coffee table,0,"Organize a culinary scene by relocating items, including chocolate pudding, mugs, a frypan, and a wine bottle between a wooden cabinet, coffee table, and microwave.",pour out the wine bottle from coffee table,[HOLD],695,4
coffee_table/case282,2597,coffee_table/case282,4,pour out the wine bottle from coffee table,0,"Organize a culinary scene by relocating items, including chocolate pudding, mugs, a frypan, and a wine bottle between a wooden cabinet, coffee table, and microwave.",pour out the wine bottle from coffee table,[HOLD],696,4
coffee_table/case282,2598,coffee_table/case282,4,pour out the wine bottle from coffee table,0,"Organize a culinary scene by relocating items, including chocolate pudding, mugs, a frypan, and a wine bottle between a wooden cabinet, coffee table, and microwave.",pour out the wine bottle from coffee table,[HOLD],697,4
coffee_table/case282,2599,coffee_table/case282,4,pour out the wine bottle from coffee table,0,"Organize a culinary scene by relocating items, including chocolate pudding, mugs, a frypan, and a wine bottle between a wooden cabinet, coffee table, and microwave.",pour out the wine bottle from coffee table,[HOLD],698,4
coffee_table/case282,2600,coffee_table/case282,4,pour out the wine bottle from coffee table,0,"Organize a culinary scene by relocating items, including chocolate pudding, mugs, a frypan, and a wine bottle between a wooden cabinet, coffee table, and microwave.",pour out the wine bottle from coffee table,[HOLD],699,4
coffee_table/case282,2601,coffee_table/case282,4,pour out the wine bottle from coffee table,0,"Organize a culinary scene by relocating items, including chocolate pudding, mugs, a frypan, and a wine bottle between a wooden cabinet, coffee table, and microwave.",pour out the wine bottle from coffee table,[HOLD],700,4
coffee_table/case282,2602,coffee_table/case282,4,pour out the wine bottle from coffee table,0,"Organize a culinary scene by relocating items, including chocolate pudding, mugs, a frypan, and a wine bottle between a wooden cabinet, coffee table, and microwave.",pour out the wine bottle from coffee table,[HOLD],701,4
coffee_table/case282,2603,coffee_table/case282,4,pour out the wine bottle from coffee table,0,"Organize a culinary scene by relocating items, including chocolate pudding, mugs, a frypan, and a wine bottle between a wooden cabinet, coffee table, and microwave.",pour out the wine bottle from coffee table,[HOLD],702,4
coffee_table/case282,2604,coffee_table/case282,4,pour out the wine bottle from coffee table,0,"Organize a culinary scene by relocating items, including chocolate pudding, mugs, a frypan, and a wine bottle between a wooden cabinet, coffee table, and microwave.",pour out the wine bottle from coffee table,[HOLD],703,4
coffee_table/case282,2605,coffee_table/case282,4,pour out the wine bottle from coffee table,0,"Organize a culinary scene by relocating items, including chocolate pudding, mugs, a frypan, and a wine bottle between a wooden cabinet, coffee table, and microwave.",pour out the wine bottle from coffee table,[HOLD],704,4
coffee_table/case282,2606,coffee_table/case282,4,pour out the wine bottle from coffee table,0,"Organize a culinary scene by relocating items, including chocolate pudding, mugs, a frypan, and a wine bottle between a wooden cabinet, coffee table, and microwave.",pour out the wine bottle from coffee table,[HOLD],705,4
coffee_table/case282,2607,coffee_table/case282,4,pour out the wine bottle from coffee table,0,"Organize a culinary scene by relocating items, including chocolate pudding, mugs, a frypan, and a wine bottle between a wooden cabinet, coffee table, and microwave.",pour out the wine bottle from coffee table,[HOLD],706,4
coffee_table/case282,2608,coffee_table/case282,4,pour out the wine bottle from coffee table,0,"Organize a culinary scene by relocating items, including chocolate pudding, mugs, a frypan, and a wine bottle between a wooden cabinet, coffee table, and microwave.",pour out the wine bottle from coffee table,[HOLD],707,4
coffee_table/case282,2609,coffee_table/case282,4,pour out the wine bottle from coffee table,0,"Organize a culinary scene by relocating items, including chocolate pudding, mugs, a frypan, and a wine bottle between a wooden cabinet, coffee table, and microwave.",pour out the wine bottle from coffee table,[HOLD],708,4
coffee_table/case282,2610,coffee_table/case282,4,pour out the wine bottle from coffee table,0,"Organize a culinary scene by relocating items, including chocolate pudding, mugs, a frypan, and a wine bottle between a wooden cabinet, coffee table, and microwave.",pour out the wine bottle from coffee table,[HOLD],709,4
coffee_table/case282,2611,coffee_table/case282,4,pour out the wine bottle from coffee table,0,"Organize a culinary scene by relocating items, including chocolate pudding, mugs, a frypan, and a wine bottle between a wooden cabinet, coffee table, and microwave.",pour out the wine bottle from coffee table,[HOLD],710,4
coffee_table/case282,2612,coffee_table/case282,4,pour out the wine bottle from coffee table,0,"Organize a culinary scene by relocating items, including chocolate pudding, mugs, a frypan, and a wine bottle between a wooden cabinet, coffee table, and microwave.",pour out the wine bottle from coffee table,[HOLD],711,4
coffee_table/case282,2613,coffee_table/case282,4,pour out the wine bottle from coffee table,0,"Organize a culinary scene by relocating items, including chocolate pudding, mugs, a frypan, and a wine bottle between a wooden cabinet, coffee table, and microwave.",pour out the wine bottle from coffee table,[HOLD],712,4
coffee_table/case282,2614,coffee_table/case282,4,pour out the wine bottle from coffee table,0,"Organize a culinary scene by relocating items, including chocolate pudding, mugs, a frypan, and a wine bottle between a wooden cabinet, coffee table, and microwave.",pour out the wine bottle from coffee table,[HOLD],713,4
coffee_table/case282,2615,coffee_table/case282,4,pour out the wine bottle from coffee table,0,"Organize a culinary scene by relocating items, including chocolate pudding, mugs, a frypan, and a wine bottle between a wooden cabinet, coffee table, and microwave.",pour out the wine bottle from coffee table,[HOLD],714,4
coffee_table/case282,2616,coffee_table/case282,5,Place the wine bottle on the coffee table,1,"Organize a culinary scene by relocating items, including chocolate pudding, mugs, a frypan, and a wine bottle between a wooden cabinet, coffee table, and microwave.",Place the wine bottle on the coffee table,Place the wine bottle on the coffee table,0,5
coffee_table/case282,2617,coffee_table/case282,5,Place the wine bottle on the coffee table,0,"Organize a culinary scene by relocating items, including chocolate pudding, mugs, a frypan, and a wine bottle between a wooden cabinet, coffee table, and microwave.",Place the wine bottle on the coffee table,[HOLD],1,5
coffee_table/case282,2618,coffee_table/case282,5,Place the wine bottle on the coffee table,0,"Organize a culinary scene by relocating items, including chocolate pudding, mugs, a frypan, and a wine bottle between a wooden cabinet, coffee table, and microwave.",Place the wine bottle on the coffee table,[HOLD],2,5
coffee_table/case282,2619,coffee_table/case282,5,Place the wine bottle on the coffee table,0,"Organize a culinary scene by relocating items, including chocolate pudding, mugs, a frypan, and a wine bottle between a wooden cabinet, coffee table, and microwave.",Place the wine bottle on the coffee table,[HOLD],3,5
coffee_table/case282,2620,coffee_table/case282,5,Place the wine bottle on the coffee table,0,"Organize a culinary scene by relocating items, including chocolate pudding, mugs, a frypan, and a wine bottle between a wooden cabinet, coffee table, and microwave.",Place the wine bottle on the coffee table,[HOLD],4,5
coffee_table/case282,2621,coffee_table/case282,5,Place the wine bottle on the coffee table,0,"Organize a culinary scene by relocating items, including chocolate pudding, mugs, a frypan, and a wine bottle between a wooden cabinet, coffee table, and microwave.",Place the wine bottle on the coffee table,[HOLD],5,5
coffee_table/case282,2622,coffee_table/case282,5,Place the wine bottle on the coffee table,0,"Organize a culinary scene by relocating items, including chocolate pudding, mugs, a frypan, and a wine bottle between a wooden cabinet, coffee table, and microwave.",Place the wine bottle on the coffee table,[HOLD],6,5
coffee_table/case282,2623,coffee_table/case282,5,Place the wine bottle on the coffee table,0,"Organize a culinary scene by relocating items, including chocolate pudding, mugs, a frypan, and a wine bottle between a wooden cabinet, coffee table, and microwave.",Place the wine bottle on the coffee table,[HOLD],7,5
coffee_table/case282,2624,coffee_table/case282,5,Place the wine bottle on the coffee table,0,"Organize a culinary scene by relocating items, including chocolate pudding, mugs, a frypan, and a wine bottle between a wooden cabinet, coffee table, and microwave.",Place the wine bottle on the coffee table,[HOLD],8,5
coffee_table/case282,2625,coffee_table/case282,5,Place the wine bottle on the coffee table,0,"Organize a culinary scene by relocating items, including chocolate pudding, mugs, a frypan, and a wine bottle between a wooden cabinet, coffee table, and microwave.",Place the wine bottle on the coffee table,[HOLD],9,5
coffee_table/case282,2626,coffee_table/case282,5,Place the wine bottle on the coffee table,0,"Organize a culinary scene by relocating items, including chocolate pudding, mugs, a frypan, and a wine bottle between a wooden cabinet, coffee table, and microwave.",Place the wine bottle on the coffee table,[HOLD],10,5
coffee_table/case282,2627,coffee_table/case282,5,Place the wine bottle on the coffee table,0,"Organize a culinary scene by relocating items, including chocolate pudding, mugs, a frypan, and a wine bottle between a wooden cabinet, coffee table, and microwave.",Place the wine bottle on the coffee table,[HOLD],11,5
coffee_table/case282,2628,coffee_table/case282,5,Place the wine bottle on the coffee table,0,"Organize a culinary scene by relocating items, including chocolate pudding, mugs, a frypan, and a wine bottle between a wooden cabinet, coffee table, and microwave.",Place the wine bottle on the coffee table,[HOLD],12,5
coffee_table/case282,2629,coffee_table/case282,5,Place the wine bottle on the coffee table,0,"Organize a culinary scene by relocating items, including chocolate pudding, mugs, a frypan, and a wine bottle between a wooden cabinet, coffee table, and microwave.",Place the wine bottle on the coffee table,[HOLD],13,5
coffee_table/case282,2630,coffee_table/case282,5,Place the wine bottle on the coffee table,0,"Organize a culinary scene by relocating items, including chocolate pudding, mugs, a frypan, and a wine bottle between a wooden cabinet, coffee table, and microwave.",Place the wine bottle on the coffee table,[HOLD],14,5
coffee_table/case282,2631,coffee_table/case282,5,Place the wine bottle on the coffee table,0,"Organize a culinary scene by relocating items, including chocolate pudding, mugs, a frypan, and a wine bottle between a wooden cabinet, coffee table, and microwave.",Place the wine bottle on the coffee table,[HOLD],15,5
coffee_table/case282,2632,coffee_table/case282,5,Place the wine bottle on the coffee table,0,"Organize a culinary scene by relocating items, including chocolate pudding, mugs, a frypan, and a wine bottle between a wooden cabinet, coffee table, and microwave.",Place the wine bottle on the coffee table,[HOLD],16,5
coffee_table/case282,2633,coffee_table/case282,5,Place the wine bottle on the coffee table,0,"Organize a culinary scene by relocating items, including chocolate pudding, mugs, a frypan, and a wine bottle between a wooden cabinet, coffee table, and microwave.",Place the wine bottle on the coffee table,[HOLD],17,5
coffee_table/case282,2634,coffee_table/case282,5,Place the wine bottle on the coffee table,0,"Organize a culinary scene by relocating items, including chocolate pudding, mugs, a frypan, and a wine bottle between a wooden cabinet, coffee table, and microwave.",Place the wine bottle on the coffee table,[HOLD],18,5
coffee_table/case282,2635,coffee_table/case282,5,Place the wine bottle on the coffee table,0,"Organize a culinary scene by relocating items, including chocolate pudding, mugs, a frypan, and a wine bottle between a wooden cabinet, coffee table, and microwave.",Place the wine bottle on the coffee table,[HOLD],19,5
coffee_table/case282,2636,coffee_table/case282,5,Place the wine bottle on the coffee table,0,"Organize a culinary scene by relocating items, including chocolate pudding, mugs, a frypan, and a wine bottle between a wooden cabinet, coffee table, and microwave.",Place the wine bottle on the coffee table,[HOLD],20,5
coffee_table/case282,2637,coffee_table/case282,5,Place the wine bottle on the coffee table,0,"Organize a culinary scene by relocating items, including chocolate pudding, mugs, a frypan, and a wine bottle between a wooden cabinet, coffee table, and microwave.",Place the wine bottle on the coffee table,[HOLD],21,5
coffee_table/case282,2638,coffee_table/case282,5,Place the wine bottle on the coffee table,0,"Organize a culinary scene by relocating items, including chocolate pudding, mugs, a frypan, and a wine bottle between a wooden cabinet, coffee table, and microwave.",Place the wine bottle on the coffee table,[HOLD],22,5
coffee_table/case282,2639,coffee_table/case282,5,Place the wine bottle on the coffee table,0,"Organize a culinary scene by relocating items, including chocolate pudding, mugs, a frypan, and a wine bottle between a wooden cabinet, coffee table, and microwave.",Place the wine bottle on the coffee table,[HOLD],23,5
coffee_table/case282,2640,coffee_table/case282,5,Place the wine bottle on the coffee table,0,"Organize a culinary scene by relocating items, including chocolate pudding, mugs, a frypan, and a wine bottle between a wooden cabinet, coffee table, and microwave.",Place the wine bottle on the coffee table,[HOLD],24,5
coffee_table/case282,2641,coffee_table/case282,5,Place the wine bottle on the coffee table,0,"Organize a culinary scene by relocating items, including chocolate pudding, mugs, a frypan, and a wine bottle between a wooden cabinet, coffee table, and microwave.",Place the wine bottle on the coffee table,[HOLD],25,5
coffee_table/case282,2642,coffee_table/case282,5,Place the wine bottle on the coffee table,0,"Organize a culinary scene by relocating items, including chocolate pudding, mugs, a frypan, and a wine bottle between a wooden cabinet, coffee table, and microwave.",Place the wine bottle on the coffee table,[HOLD],26,5
coffee_table/case282,2643,coffee_table/case282,5,Place the wine bottle on the coffee table,0,"Organize a culinary scene by relocating items, including chocolate pudding, mugs, a frypan, and a wine bottle between a wooden cabinet, coffee table, and microwave.",Place the wine bottle on the coffee table,[HOLD],27,5
coffee_table/case282,2644,coffee_table/case282,5,Place the wine bottle on the coffee table,0,"Organize a culinary scene by relocating items, including chocolate pudding, mugs, a frypan, and a wine bottle between a wooden cabinet, coffee table, and microwave.",Place the wine bottle on the coffee table,[HOLD],28,5
coffee_table/case282,2645,coffee_table/case282,5,Place the wine bottle on the coffee table,0,"Organize a culinary scene by relocating items, including chocolate pudding, mugs, a frypan, and a wine bottle between a wooden cabinet, coffee table, and microwave.",Place the wine bottle on the coffee table,[HOLD],29,5
coffee_table/case282,2646,coffee_table/case282,5,Place the wine bottle on the coffee table,0,"Organize a culinary scene by relocating items, including chocolate pudding, mugs, a frypan, and a wine bottle between a wooden cabinet, coffee table, and microwave.",Place the wine bottle on the coffee table,[HOLD],30,5
coffee_table/case282,2647,coffee_table/case282,5,Place the wine bottle on the coffee table,0,"Organize a culinary scene by relocating items, including chocolate pudding, mugs, a frypan, and a wine bottle between a wooden cabinet, coffee table, and microwave.",Place the wine bottle on the coffee table,[HOLD],31,5
coffee_table/case282,2648,coffee_table/case282,5,Place the wine bottle on the coffee table,0,"Organize a culinary scene by relocating items, including chocolate pudding, mugs, a frypan, and a wine bottle between a wooden cabinet, coffee table, and microwave.",Place the wine bottle on the coffee table,[HOLD],32,5
coffee_table/case282,2649,coffee_table/case282,5,Place the wine bottle on the coffee table,0,"Organize a culinary scene by relocating items, including chocolate pudding, mugs, a frypan, and a wine bottle between a wooden cabinet, coffee table, and microwave.",Place the wine bottle on the coffee table,[HOLD],33,5
coffee_table/case282,2650,coffee_table/case282,5,Place the wine bottle on the coffee table,0,"Organize a culinary scene by relocating items, including chocolate pudding, mugs, a frypan, and a wine bottle between a wooden cabinet, coffee table, and microwave.",Place the wine bottle on the coffee table,[HOLD],34,5
coffee_table/case282,2651,coffee_table/case282,5,Place the wine bottle on the coffee table,0,"Organize a culinary scene by relocating items, including chocolate pudding, mugs, a frypan, and a wine bottle between a wooden cabinet, coffee table, and microwave.",Place the wine bottle on the coffee table,[HOLD],35,5
coffee_table/case282,2652,coffee_table/case282,5,Place the wine bottle on the coffee table,0,"Organize a culinary scene by relocating items, including chocolate pudding, mugs, a frypan, and a wine bottle between a wooden cabinet, coffee table, and microwave.",Place the wine bottle on the coffee table,[HOLD],36,5
coffee_table/case282,2653,coffee_table/case282,5,Place the wine bottle on the coffee table,0,"Organize a culinary scene by relocating items, including chocolate pudding, mugs, a frypan, and a wine bottle between a wooden cabinet, coffee table, and microwave.",Place the wine bottle on the coffee table,[HOLD],37,5
coffee_table/case282,2654,coffee_table/case282,5,Place the wine bottle on the coffee table,0,"Organize a culinary scene by relocating items, including chocolate pudding, mugs, a frypan, and a wine bottle between a wooden cabinet, coffee table, and microwave.",Place the wine bottle on the coffee table,[HOLD],38,5
coffee_table/case282,2655,coffee_table/case282,5,Place the wine bottle on the coffee table,0,"Organize a culinary scene by relocating items, including chocolate pudding, mugs, a frypan, and a wine bottle between a wooden cabinet, coffee table, and microwave.",Place the wine bottle on the coffee table,[HOLD],39,5
coffee_table/case282,2656,coffee_table/case282,5,Place the wine bottle on the coffee table,0,"Organize a culinary scene by relocating items, including chocolate pudding, mugs, a frypan, and a wine bottle between a wooden cabinet, coffee table, and microwave.",Place the wine bottle on the coffee table,[HOLD],40,5
coffee_table/case282,2657,coffee_table/case282,5,Place the wine bottle on the coffee table,0,"Organize a culinary scene by relocating items, including chocolate pudding, mugs, a frypan, and a wine bottle between a wooden cabinet, coffee table, and microwave.",Place the wine bottle on the coffee table,[HOLD],41,5
coffee_table/case282,2658,coffee_table/case282,5,Place the wine bottle on the coffee table,0,"Organize a culinary scene by relocating items, including chocolate pudding, mugs, a frypan, and a wine bottle between a wooden cabinet, coffee table, and microwave.",Place the wine bottle on the coffee table,[HOLD],42,5
coffee_table/case282,2659,coffee_table/case282,5,Place the wine bottle on the coffee table,0,"Organize a culinary scene by relocating items, including chocolate pudding, mugs, a frypan, and a wine bottle between a wooden cabinet, coffee table, and microwave.",Place the wine bottle on the coffee table,[HOLD],43,5
coffee_table/case282,2660,coffee_table/case282,5,Place the wine bottle on the coffee table,0,"Organize a culinary scene by relocating items, including chocolate pudding, mugs, a frypan, and a wine bottle between a wooden cabinet, coffee table, and microwave.",Place the wine bottle on the coffee table,[HOLD],44,5
coffee_table/case282,2661,coffee_table/case282,5,Place the wine bottle on the coffee table,0,"Organize a culinary scene by relocating items, including chocolate pudding, mugs, a frypan, and a wine bottle between a wooden cabinet, coffee table, and microwave.",Place the wine bottle on the coffee table,[HOLD],45,5
coffee_table/case282,2662,coffee_table/case282,5,Place the wine bottle on the coffee table,0,"Organize a culinary scene by relocating items, including chocolate pudding, mugs, a frypan, and a wine bottle between a wooden cabinet, coffee table, and microwave.",Place the wine bottle on the coffee table,[HOLD],46,5
coffee_table/case282,2663,coffee_table/case282,5,Place the wine bottle on the coffee table,0,"Organize a culinary scene by relocating items, including chocolate pudding, mugs, a frypan, and a wine bottle between a wooden cabinet, coffee table, and microwave.",Place the wine bottle on the coffee table,[HOLD],47,5
coffee_table/case282,2664,coffee_table/case282,5,Place the wine bottle on the coffee table,0,"Organize a culinary scene by relocating items, including chocolate pudding, mugs, a frypan, and a wine bottle between a wooden cabinet, coffee table, and microwave.",Place the wine bottle on the coffee table,[HOLD],48,5
coffee_table/case282,2665,coffee_table/case282,5,Place the wine bottle on the coffee table,0,"Organize a culinary scene by relocating items, including chocolate pudding, mugs, a frypan, and a wine bottle between a wooden cabinet, coffee table, and microwave.",Place the wine bottle on the coffee table,[HOLD],49,5
coffee_table/case282,2666,coffee_table/case282,5,Place the wine bottle on the coffee table,0,"Organize a culinary scene by relocating items, including chocolate pudding, mugs, a frypan, and a wine bottle between a wooden cabinet, coffee table, and microwave.",Place the wine bottle on the coffee table,[HOLD],50,5
coffee_table/case282,2667,coffee_table/case282,5,Place the wine bottle on the coffee table,0,"Organize a culinary scene by relocating items, including chocolate pudding, mugs, a frypan, and a wine bottle between a wooden cabinet, coffee table, and microwave.",Place the wine bottle on the coffee table,[HOLD],51,5
coffee_table/case282,2668,coffee_table/case282,5,Place the wine bottle on the coffee table,0,"Organize a culinary scene by relocating items, including chocolate pudding, mugs, a frypan, and a wine bottle between a wooden cabinet, coffee table, and microwave.",Place the wine bottle on the coffee table,[HOLD],52,5
coffee_table/case282,2669,coffee_table/case282,5,Place the wine bottle on the coffee table,0,"Organize a culinary scene by relocating items, including chocolate pudding, mugs, a frypan, and a wine bottle between a wooden cabinet, coffee table, and microwave.",Place the wine bottle on the coffee table,[HOLD],53,5
coffee_table/case282,2670,coffee_table/case282,5,Place the wine bottle on the coffee table,0,"Organize a culinary scene by relocating items, including chocolate pudding, mugs, a frypan, and a wine bottle between a wooden cabinet, coffee table, and microwave.",Place the wine bottle on the coffee table,[HOLD],54,5
coffee_table/case282,2671,coffee_table/case282,5,Place the wine bottle on the coffee table,0,"Organize a culinary scene by relocating items, including chocolate pudding, mugs, a frypan, and a wine bottle between a wooden cabinet, coffee table, and microwave.",Place the wine bottle on the coffee table,[HOLD],55,5
coffee_table/case282,2672,coffee_table/case282,5,Place the wine bottle on the coffee table,0,"Organize a culinary scene by relocating items, including chocolate pudding, mugs, a frypan, and a wine bottle between a wooden cabinet, coffee table, and microwave.",Place the wine bottle on the coffee table,[HOLD],56,5
coffee_table/case282,2673,coffee_table/case282,5,Place the wine bottle on the coffee table,0,"Organize a culinary scene by relocating items, including chocolate pudding, mugs, a frypan, and a wine bottle between a wooden cabinet, coffee table, and microwave.",Place the wine bottle on the coffee table,[HOLD],57,5
coffee_table/case282,2674,coffee_table/case282,5,Place the wine bottle on the coffee table,0,"Organize a culinary scene by relocating items, including chocolate pudding, mugs, a frypan, and a wine bottle between a wooden cabinet, coffee table, and microwave.",Place the wine bottle on the coffee table,[HOLD],58,5
coffee_table/case282,2675,coffee_table/case282,5,Place the wine bottle on the coffee table,0,"Organize a culinary scene by relocating items, including chocolate pudding, mugs, a frypan, and a wine bottle between a wooden cabinet, coffee table, and microwave.",Place the wine bottle on the coffee table,[HOLD],59,5
coffee_table/case282,2676,coffee_table/case282,5,Place the wine bottle on the coffee table,0,"Organize a culinary scene by relocating items, including chocolate pudding, mugs, a frypan, and a wine bottle between a wooden cabinet, coffee table, and microwave.",Place the wine bottle on the coffee table,[HOLD],60,5
coffee_table/case282,2677,coffee_table/case282,5,Place the wine bottle on the coffee table,0,"Organize a culinary scene by relocating items, including chocolate pudding, mugs, a frypan, and a wine bottle between a wooden cabinet, coffee table, and microwave.",Place the wine bottle on the coffee table,[HOLD],61,5
coffee_table/case282,2678,coffee_table/case282,5,Place the wine bottle on the coffee table,0,"Organize a culinary scene by relocating items, including chocolate pudding, mugs, a frypan, and a wine bottle between a wooden cabinet, coffee table, and microwave.",Place the wine bottle on the coffee table,[HOLD],62,5
coffee_table/case282,2679,coffee_table/case282,5,Place the wine bottle on the coffee table,0,"Organize a culinary scene by relocating items, including chocolate pudding, mugs, a frypan, and a wine bottle between a wooden cabinet, coffee table, and microwave.",Place the wine bottle on the coffee table,[HOLD],63,5
coffee_table/case282,2680,coffee_table/case282,5,Place the wine bottle on the coffee table,0,"Organize a culinary scene by relocating items, including chocolate pudding, mugs, a frypan, and a wine bottle between a wooden cabinet, coffee table, and microwave.",Place the wine bottle on the coffee table,[HOLD],64,5
coffee_table/case282,2681,coffee_table/case282,5,Place the wine bottle on the coffee table,0,"Organize a culinary scene by relocating items, including chocolate pudding, mugs, a frypan, and a wine bottle between a wooden cabinet, coffee table, and microwave.",Place the wine bottle on the coffee table,[HOLD],65,5
coffee_table/case282,2682,coffee_table/case282,5,Place the wine bottle on the coffee table,0,"Organize a culinary scene by relocating items, including chocolate pudding, mugs, a frypan, and a wine bottle between a wooden cabinet, coffee table, and microwave.",Place the wine bottle on the coffee table,[HOLD],66,5
coffee_table/case282,2683,coffee_table/case282,5,Place the wine bottle on the coffee table,0,"Organize a culinary scene by relocating items, including chocolate pudding, mugs, a frypan, and a wine bottle between a wooden cabinet, coffee table, and microwave.",Place the wine bottle on the coffee table,[HOLD],67,5
coffee_table/case282,2684,coffee_table/case282,5,Place the wine bottle on the coffee table,0,"Organize a culinary scene by relocating items, including chocolate pudding, mugs, a frypan, and a wine bottle between a wooden cabinet, coffee table, and microwave.",Place the wine bottle on the coffee table,[HOLD],68,5
coffee_table/case282,2685,coffee_table/case282,5,Place the wine bottle on the coffee table,0,"Organize a culinary scene by relocating items, including chocolate pudding, mugs, a frypan, and a wine bottle between a wooden cabinet, coffee table, and microwave.",Place the wine bottle on the coffee table,[HOLD],69,5
coffee_table/case282,2686,coffee_table/case282,5,Place the wine bottle on the coffee table,0,"Organize a culinary scene by relocating items, including chocolate pudding, mugs, a frypan, and a wine bottle between a wooden cabinet, coffee table, and microwave.",Place the wine bottle on the coffee table,[HOLD],70,5
coffee_table/case282,2687,coffee_table/case282,5,Place the wine bottle on the coffee table,0,"Organize a culinary scene by relocating items, including chocolate pudding, mugs, a frypan, and a wine bottle between a wooden cabinet, coffee table, and microwave.",Place the wine bottle on the coffee table,[HOLD],71,5
coffee_table/case282,2688,coffee_table/case282,5,Place the wine bottle on the coffee table,0,"Organize a culinary scene by relocating items, including chocolate pudding, mugs, a frypan, and a wine bottle between a wooden cabinet, coffee table, and microwave.",Place the wine bottle on the coffee table,[HOLD],72,5
coffee_table/case282,2689,coffee_table/case282,5,Place the wine bottle on the coffee table,0,"Organize a culinary scene by relocating items, including chocolate pudding, mugs, a frypan, and a wine bottle between a wooden cabinet, coffee table, and microwave.",Place the wine bottle on the coffee table,[HOLD],73,5
coffee_table/case282,2690,coffee_table/case282,5,Place the wine bottle on the coffee table,0,"Organize a culinary scene by relocating items, including chocolate pudding, mugs, a frypan, and a wine bottle between a wooden cabinet, coffee table, and microwave.",Place the wine bottle on the coffee table,[HOLD],74,5
coffee_table/case282,2691,coffee_table/case282,5,Place the wine bottle on the coffee table,0,"Organize a culinary scene by relocating items, including chocolate pudding, mugs, a frypan, and a wine bottle between a wooden cabinet, coffee table, and microwave.",Place the wine bottle on the coffee table,[HOLD],75,5
coffee_table/case282,2692,coffee_table/case282,5,Place the wine bottle on the coffee table,0,"Organize a culinary scene by relocating items, including chocolate pudding, mugs, a frypan, and a wine bottle between a wooden cabinet, coffee table, and microwave.",Place the wine bottle on the coffee table,[HOLD],76,5
coffee_table/case282,2693,coffee_table/case282,5,Place the wine bottle on the coffee table,0,"Organize a culinary scene by relocating items, including chocolate pudding, mugs, a frypan, and a wine bottle between a wooden cabinet, coffee table, and microwave.",Place the wine bottle on the coffee table,[HOLD],77,5
coffee_table/case282,2694,coffee_table/case282,5,Place the wine bottle on the coffee table,0,"Organize a culinary scene by relocating items, including chocolate pudding, mugs, a frypan, and a wine bottle between a wooden cabinet, coffee table, and microwave.",Place the wine bottle on the coffee table,[HOLD],78,5
coffee_table/case282,2695,coffee_table/case282,5,Place the wine bottle on the coffee table,0,"Organize a culinary scene by relocating items, including chocolate pudding, mugs, a frypan, and a wine bottle between a wooden cabinet, coffee table, and microwave.",Place the wine bottle on the coffee table,[HOLD],79,5
coffee_table/case282,2696,coffee_table/case282,5,Place the wine bottle on the coffee table,0,"Organize a culinary scene by relocating items, including chocolate pudding, mugs, a frypan, and a wine bottle between a wooden cabinet, coffee table, and microwave.",Place the wine bottle on the coffee table,[HOLD],80,5
coffee_table/case282,2697,coffee_table/case282,5,Place the wine bottle on the coffee table,0,"Organize a culinary scene by relocating items, including chocolate pudding, mugs, a frypan, and a wine bottle between a wooden cabinet, coffee table, and microwave.",Place the wine bottle on the coffee table,[HOLD],81,5
coffee_table/case282,2698,coffee_table/case282,5,Place the wine bottle on the coffee table,0,"Organize a culinary scene by relocating items, including chocolate pudding, mugs, a frypan, and a wine bottle between a wooden cabinet, coffee table, and microwave.",Place the wine bottle on the coffee table,[HOLD],82,5
coffee_table/case282,2699,coffee_table/case282,5,Place the wine bottle on the coffee table,0,"Organize a culinary scene by relocating items, including chocolate pudding, mugs, a frypan, and a wine bottle between a wooden cabinet, coffee table, and microwave.",Place the wine bottle on the coffee table,[HOLD],83,5
coffee_table/case282,2700,coffee_table/case282,5,Place the wine bottle on the coffee table,0,"Organize a culinary scene by relocating items, including chocolate pudding, mugs, a frypan, and a wine bottle between a wooden cabinet, coffee table, and microwave.",Place the wine bottle on the coffee table,[HOLD],84,5
coffee_table/case282,2701,coffee_table/case282,5,Place the wine bottle on the coffee table,0,"Organize a culinary scene by relocating items, including chocolate pudding, mugs, a frypan, and a wine bottle between a wooden cabinet, coffee table, and microwave.",Place the wine bottle on the coffee table,[HOLD],85,5
coffee_table/case282,2702,coffee_table/case282,5,Place the wine bottle on the coffee table,0,"Organize a culinary scene by relocating items, including chocolate pudding, mugs, a frypan, and a wine bottle between a wooden cabinet, coffee table, and microwave.",Place the wine bottle on the coffee table,[HOLD],86,5
coffee_table/case282,2703,coffee_table/case282,5,Place the wine bottle on the coffee table,0,"Organize a culinary scene by relocating items, including chocolate pudding, mugs, a frypan, and a wine bottle between a wooden cabinet, coffee table, and microwave.",Place the wine bottle on the coffee table,[HOLD],87,5
coffee_table/case282,2704,coffee_table/case282,5,Place the wine bottle on the coffee table,0,"Organize a culinary scene by relocating items, including chocolate pudding, mugs, a frypan, and a wine bottle between a wooden cabinet, coffee table, and microwave.",Place the wine bottle on the coffee table,[HOLD],88,5
coffee_table/case282,2705,coffee_table/case282,5,Place the wine bottle on the coffee table,0,"Organize a culinary scene by relocating items, including chocolate pudding, mugs, a frypan, and a wine bottle between a wooden cabinet, coffee table, and microwave.",Place the wine bottle on the coffee table,[HOLD],89,5
coffee_table/case282,2706,coffee_table/case282,5,Place the wine bottle on the coffee table,0,"Organize a culinary scene by relocating items, including chocolate pudding, mugs, a frypan, and a wine bottle between a wooden cabinet, coffee table, and microwave.",Place the wine bottle on the coffee table,[HOLD],90,5
coffee_table/case282,2707,coffee_table/case282,5,Place the wine bottle on the coffee table,0,"Organize a culinary scene by relocating items, including chocolate pudding, mugs, a frypan, and a wine bottle between a wooden cabinet, coffee table, and microwave.",Place the wine bottle on the coffee table,[HOLD],91,5
coffee_table/case282,2708,coffee_table/case282,5,Place the wine bottle on the coffee table,0,"Organize a culinary scene by relocating items, including chocolate pudding, mugs, a frypan, and a wine bottle between a wooden cabinet, coffee table, and microwave.",Place the wine bottle on the coffee table,[HOLD],92,5
coffee_table/case282,2709,coffee_table/case282,5,Place the wine bottle on the coffee table,0,"Organize a culinary scene by relocating items, including chocolate pudding, mugs, a frypan, and a wine bottle between a wooden cabinet, coffee table, and microwave.",Place the wine bottle on the coffee table,[HOLD],93,5
coffee_table/case282,2710,coffee_table/case282,5,Place the wine bottle on the coffee table,0,"Organize a culinary scene by relocating items, including chocolate pudding, mugs, a frypan, and a wine bottle between a wooden cabinet, coffee table, and microwave.",Place the wine bottle on the coffee table,[HOLD],94,5
coffee_table/case282,2711,coffee_table/case282,5,Place the wine bottle on the coffee table,0,"Organize a culinary scene by relocating items, including chocolate pudding, mugs, a frypan, and a wine bottle between a wooden cabinet, coffee table, and microwave.",Place the wine bottle on the coffee table,[HOLD],95,5
coffee_table/case282,2712,coffee_table/case282,5,Place the wine bottle on the coffee table,0,"Organize a culinary scene by relocating items, including chocolate pudding, mugs, a frypan, and a wine bottle between a wooden cabinet, coffee table, and microwave.",Place the wine bottle on the coffee table,[HOLD],96,5
coffee_table/case282,2713,coffee_table/case282,5,Place the wine bottle on the coffee table,0,"Organize a culinary scene by relocating items, including chocolate pudding, mugs, a frypan, and a wine bottle between a wooden cabinet, coffee table, and microwave.",Place the wine bottle on the coffee table,[HOLD],97,5
coffee_table/case282,2714,coffee_table/case282,5,Place the wine bottle on the coffee table,0,"Organize a culinary scene by relocating items, including chocolate pudding, mugs, a frypan, and a wine bottle between a wooden cabinet, coffee table, and microwave.",Place the wine bottle on the coffee table,[HOLD],98,5
coffee_table/case282,2715,coffee_table/case282,5,Place the wine bottle on the coffee table,0,"Organize a culinary scene by relocating items, including chocolate pudding, mugs, a frypan, and a wine bottle between a wooden cabinet, coffee table, and microwave.",Place the wine bottle on the coffee table,[HOLD],99,5
coffee_table/case282,2716,coffee_table/case282,5,Place the wine bottle on the coffee table,0,"Organize a culinary scene by relocating items, including chocolate pudding, mugs, a frypan, and a wine bottle between a wooden cabinet, coffee table, and microwave.",Place the wine bottle on the coffee table,[HOLD],100,5
coffee_table/case282,2717,coffee_table/case282,5,Place the wine bottle on the coffee table,0,"Organize a culinary scene by relocating items, including chocolate pudding, mugs, a frypan, and a wine bottle between a wooden cabinet, coffee table, and microwave.",Place the wine bottle on the coffee table,[HOLD],101,5
coffee_table/case282,2718,coffee_table/case282,5,Place the wine bottle on the coffee table,0,"Organize a culinary scene by relocating items, including chocolate pudding, mugs, a frypan, and a wine bottle between a wooden cabinet, coffee table, and microwave.",Place the wine bottle on the coffee table,[HOLD],102,5
coffee_table/case282,2719,coffee_table/case282,5,Place the wine bottle on the coffee table,0,"Organize a culinary scene by relocating items, including chocolate pudding, mugs, a frypan, and a wine bottle between a wooden cabinet, coffee table, and microwave.",Place the wine bottle on the coffee table,[HOLD],103,5
coffee_table/case282,2720,coffee_table/case282,5,Place the wine bottle on the coffee table,0,"Organize a culinary scene by relocating items, including chocolate pudding, mugs, a frypan, and a wine bottle between a wooden cabinet, coffee table, and microwave.",Place the wine bottle on the coffee table,[HOLD],104,5
coffee_table/case282,2721,coffee_table/case282,5,Place the wine bottle on the coffee table,0,"Organize a culinary scene by relocating items, including chocolate pudding, mugs, a frypan, and a wine bottle between a wooden cabinet, coffee table, and microwave.",Place the wine bottle on the coffee table,[HOLD],105,5
coffee_table/case282,2722,coffee_table/case282,5,Place the wine bottle on the coffee table,0,"Organize a culinary scene by relocating items, including chocolate pudding, mugs, a frypan, and a wine bottle between a wooden cabinet, coffee table, and microwave.",Place the wine bottle on the coffee table,[HOLD],106,5
coffee_table/case282,2723,coffee_table/case282,5,Place the wine bottle on the coffee table,0,"Organize a culinary scene by relocating items, including chocolate pudding, mugs, a frypan, and a wine bottle between a wooden cabinet, coffee table, and microwave.",Place the wine bottle on the coffee table,[HOLD],107,5
coffee_table/case282,2724,coffee_table/case282,5,Place the wine bottle on the coffee table,0,"Organize a culinary scene by relocating items, including chocolate pudding, mugs, a frypan, and a wine bottle between a wooden cabinet, coffee table, and microwave.",Place the wine bottle on the coffee table,[HOLD],108,5
coffee_table/case282,2725,coffee_table/case282,5,Place the wine bottle on the coffee table,0,"Organize a culinary scene by relocating items, including chocolate pudding, mugs, a frypan, and a wine bottle between a wooden cabinet, coffee table, and microwave.",Place the wine bottle on the coffee table,[HOLD],109,5
coffee_table/case282,2726,coffee_table/case282,5,Place the wine bottle on the coffee table,0,"Organize a culinary scene by relocating items, including chocolate pudding, mugs, a frypan, and a wine bottle between a wooden cabinet, coffee table, and microwave.",Place the wine bottle on the coffee table,[HOLD],110,5
coffee_table/case282,2727,coffee_table/case282,5,Place the wine bottle on the coffee table,0,"Organize a culinary scene by relocating items, including chocolate pudding, mugs, a frypan, and a wine bottle between a wooden cabinet, coffee table, and microwave.",Place the wine bottle on the coffee table,[HOLD],111,5
coffee_table/case282,2728,coffee_table/case282,5,Place the wine bottle on the coffee table,0,"Organize a culinary scene by relocating items, including chocolate pudding, mugs, a frypan, and a wine bottle between a wooden cabinet, coffee table, and microwave.",Place the wine bottle on the coffee table,[HOLD],112,5
coffee_table/case282,2729,coffee_table/case282,5,Place the wine bottle on the coffee table,0,"Organize a culinary scene by relocating items, including chocolate pudding, mugs, a frypan, and a wine bottle between a wooden cabinet, coffee table, and microwave.",Place the wine bottle on the coffee table,[HOLD],113,5
coffee_table/case282,2730,coffee_table/case282,5,Place the wine bottle on the coffee table,0,"Organize a culinary scene by relocating items, including chocolate pudding, mugs, a frypan, and a wine bottle between a wooden cabinet, coffee table, and microwave.",Place the wine bottle on the coffee table,[HOLD],114,5
coffee_table/case282,2731,coffee_table/case282,5,Place the wine bottle on the coffee table,0,"Organize a culinary scene by relocating items, including chocolate pudding, mugs, a frypan, and a wine bottle between a wooden cabinet, coffee table, and microwave.",Place the wine bottle on the coffee table,[HOLD],115,5
coffee_table/case282,2732,coffee_table/case282,5,Place the wine bottle on the coffee table,0,"Organize a culinary scene by relocating items, including chocolate pudding, mugs, a frypan, and a wine bottle between a wooden cabinet, coffee table, and microwave.",Place the wine bottle on the coffee table,[HOLD],116,5
coffee_table/case282,2733,coffee_table/case282,5,Place the wine bottle on the coffee table,0,"Organize a culinary scene by relocating items, including chocolate pudding, mugs, a frypan, and a wine bottle between a wooden cabinet, coffee table, and microwave.",Place the wine bottle on the coffee table,[HOLD],117,5
coffee_table/case282,2734,coffee_table/case282,5,Place the wine bottle on the coffee table,0,"Organize a culinary scene by relocating items, including chocolate pudding, mugs, a frypan, and a wine bottle between a wooden cabinet, coffee table, and microwave.",Place the wine bottle on the coffee table,[HOLD],118,5
coffee_table/case282,2735,coffee_table/case282,5,Place the wine bottle on the coffee table,0,"Organize a culinary scene by relocating items, including chocolate pudding, mugs, a frypan, and a wine bottle between a wooden cabinet, coffee table, and microwave.",Place the wine bottle on the coffee table,[HOLD],119,5
coffee_table/case282,2736,coffee_table/case282,5,Place the wine bottle on the coffee table,0,"Organize a culinary scene by relocating items, including chocolate pudding, mugs, a frypan, and a wine bottle between a wooden cabinet, coffee table, and microwave.",Place the wine bottle on the coffee table,[HOLD],120,5
coffee_table/case282,2737,coffee_table/case282,5,Place the wine bottle on the coffee table,0,"Organize a culinary scene by relocating items, including chocolate pudding, mugs, a frypan, and a wine bottle between a wooden cabinet, coffee table, and microwave.",Place the wine bottle on the coffee table,[HOLD],121,5
coffee_table/case282,2738,coffee_table/case282,5,Place the wine bottle on the coffee table,0,"Organize a culinary scene by relocating items, including chocolate pudding, mugs, a frypan, and a wine bottle between a wooden cabinet, coffee table, and microwave.",Place the wine bottle on the coffee table,[HOLD],122,5
coffee_table/case282,2739,coffee_table/case282,5,Place the wine bottle on the coffee table,0,"Organize a culinary scene by relocating items, including chocolate pudding, mugs, a frypan, and a wine bottle between a wooden cabinet, coffee table, and microwave.",Place the wine bottle on the coffee table,[HOLD],123,5
coffee_table/case282,2740,coffee_table/case282,5,Place the wine bottle on the coffee table,0,"Organize a culinary scene by relocating items, including chocolate pudding, mugs, a frypan, and a wine bottle between a wooden cabinet, coffee table, and microwave.",Place the wine bottle on the coffee table,[HOLD],124,5
coffee_table/case282,2741,coffee_table/case282,5,Place the wine bottle on the coffee table,0,"Organize a culinary scene by relocating items, including chocolate pudding, mugs, a frypan, and a wine bottle between a wooden cabinet, coffee table, and microwave.",Place the wine bottle on the coffee table,[HOLD],125,5
coffee_table/case282,2742,coffee_table/case282,5,Place the wine bottle on the coffee table,0,"Organize a culinary scene by relocating items, including chocolate pudding, mugs, a frypan, and a wine bottle between a wooden cabinet, coffee table, and microwave.",Place the wine bottle on the coffee table,[HOLD],126,5
coffee_table/case282,2743,coffee_table/case282,5,Place the wine bottle on the coffee table,0,"Organize a culinary scene by relocating items, including chocolate pudding, mugs, a frypan, and a wine bottle between a wooden cabinet, coffee table, and microwave.",Place the wine bottle on the coffee table,[HOLD],127,5
coffee_table/case282,2744,coffee_table/case282,5,Place the wine bottle on the coffee table,0,"Organize a culinary scene by relocating items, including chocolate pudding, mugs, a frypan, and a wine bottle between a wooden cabinet, coffee table, and microwave.",Place the wine bottle on the coffee table,[HOLD],128,5
coffee_table/case282,2745,coffee_table/case282,5,Place the wine bottle on the coffee table,0,"Organize a culinary scene by relocating items, including chocolate pudding, mugs, a frypan, and a wine bottle between a wooden cabinet, coffee table, and microwave.",Place the wine bottle on the coffee table,[HOLD],129,5
coffee_table/case282,2746,coffee_table/case282,5,Place the wine bottle on the coffee table,0,"Organize a culinary scene by relocating items, including chocolate pudding, mugs, a frypan, and a wine bottle between a wooden cabinet, coffee table, and microwave.",Place the wine bottle on the coffee table,[HOLD],130,5
coffee_table/case282,2747,coffee_table/case282,5,Place the wine bottle on the coffee table,0,"Organize a culinary scene by relocating items, including chocolate pudding, mugs, a frypan, and a wine bottle between a wooden cabinet, coffee table, and microwave.",Place the wine bottle on the coffee table,[HOLD],131,5
coffee_table/case282,2748,coffee_table/case282,5,Place the wine bottle on the coffee table,0,"Organize a culinary scene by relocating items, including chocolate pudding, mugs, a frypan, and a wine bottle between a wooden cabinet, coffee table, and microwave.",Place the wine bottle on the coffee table,[HOLD],132,5
coffee_table/case282,2749,coffee_table/case282,5,Place the wine bottle on the coffee table,0,"Organize a culinary scene by relocating items, including chocolate pudding, mugs, a frypan, and a wine bottle between a wooden cabinet, coffee table, and microwave.",Place the wine bottle on the coffee table,[HOLD],133,5
coffee_table/case282,2750,coffee_table/case282,5,Place the wine bottle on the coffee table,0,"Organize a culinary scene by relocating items, including chocolate pudding, mugs, a frypan, and a wine bottle between a wooden cabinet, coffee table, and microwave.",Place the wine bottle on the coffee table,[HOLD],134,5
coffee_table/case282,2751,coffee_table/case282,5,Place the wine bottle on the coffee table,0,"Organize a culinary scene by relocating items, including chocolate pudding, mugs, a frypan, and a wine bottle between a wooden cabinet, coffee table, and microwave.",Place the wine bottle on the coffee table,[HOLD],135,5
coffee_table/case282,2752,coffee_table/case282,5,Place the wine bottle on the coffee table,0,"Organize a culinary scene by relocating items, including chocolate pudding, mugs, a frypan, and a wine bottle between a wooden cabinet, coffee table, and microwave.",Place the wine bottle on the coffee table,[HOLD],136,5
coffee_table/case282,2753,coffee_table/case282,5,Place the wine bottle on the coffee table,0,"Organize a culinary scene by relocating items, including chocolate pudding, mugs, a frypan, and a wine bottle between a wooden cabinet, coffee table, and microwave.",Place the wine bottle on the coffee table,[HOLD],137,5
coffee_table/case282,2754,coffee_table/case282,5,Place the wine bottle on the coffee table,0,"Organize a culinary scene by relocating items, including chocolate pudding, mugs, a frypan, and a wine bottle between a wooden cabinet, coffee table, and microwave.",Place the wine bottle on the coffee table,[HOLD],138,5
coffee_table/case282,2755,coffee_table/case282,5,Place the wine bottle on the coffee table,0,"Organize a culinary scene by relocating items, including chocolate pudding, mugs, a frypan, and a wine bottle between a wooden cabinet, coffee table, and microwave.",Place the wine bottle on the coffee table,[HOLD],139,5
coffee_table/case282,2756,coffee_table/case282,5,Place the wine bottle on the coffee table,0,"Organize a culinary scene by relocating items, including chocolate pudding, mugs, a frypan, and a wine bottle between a wooden cabinet, coffee table, and microwave.",Place the wine bottle on the coffee table,[HOLD],140,5
coffee_table/case282,2757,coffee_table/case282,5,Place the wine bottle on the coffee table,0,"Organize a culinary scene by relocating items, including chocolate pudding, mugs, a frypan, and a wine bottle between a wooden cabinet, coffee table, and microwave.",Place the wine bottle on the coffee table,[HOLD],141,5
coffee_table/case282,2758,coffee_table/case282,5,Place the wine bottle on the coffee table,0,"Organize a culinary scene by relocating items, including chocolate pudding, mugs, a frypan, and a wine bottle between a wooden cabinet, coffee table, and microwave.",Place the wine bottle on the coffee table,[HOLD],142,5
coffee_table/case282,2759,coffee_table/case282,5,Place the wine bottle on the coffee table,0,"Organize a culinary scene by relocating items, including chocolate pudding, mugs, a frypan, and a wine bottle between a wooden cabinet, coffee table, and microwave.",Place the wine bottle on the coffee table,[HOLD],143,5
coffee_table/case282,2760,coffee_table/case282,5,Place the wine bottle on the coffee table,0,"Organize a culinary scene by relocating items, including chocolate pudding, mugs, a frypan, and a wine bottle between a wooden cabinet, coffee table, and microwave.",Place the wine bottle on the coffee table,[HOLD],144,5
coffee_table/case282,2761,coffee_table/case282,5,Place the wine bottle on the coffee table,0,"Organize a culinary scene by relocating items, including chocolate pudding, mugs, a frypan, and a wine bottle between a wooden cabinet, coffee table, and microwave.",Place the wine bottle on the coffee table,[HOLD],145,5
coffee_table/case282,2762,coffee_table/case282,5,Place the wine bottle on the coffee table,0,"Organize a culinary scene by relocating items, including chocolate pudding, mugs, a frypan, and a wine bottle between a wooden cabinet, coffee table, and microwave.",Place the wine bottle on the coffee table,[HOLD],146,5
coffee_table/case282,2763,coffee_table/case282,5,Place the wine bottle on the coffee table,0,"Organize a culinary scene by relocating items, including chocolate pudding, mugs, a frypan, and a wine bottle between a wooden cabinet, coffee table, and microwave.",Place the wine bottle on the coffee table,[HOLD],147,5
coffee_table/case282,2764,coffee_table/case282,5,Place the wine bottle on the coffee table,0,"Organize a culinary scene by relocating items, including chocolate pudding, mugs, a frypan, and a wine bottle between a wooden cabinet, coffee table, and microwave.",Place the wine bottle on the coffee table,[HOLD],148,5
coffee_table/case282,2765,coffee_table/case282,5,Place the wine bottle on the coffee table,0,"Organize a culinary scene by relocating items, including chocolate pudding, mugs, a frypan, and a wine bottle between a wooden cabinet, coffee table, and microwave.",Place the wine bottle on the coffee table,[HOLD],149,5
coffee_table/case282,2766,coffee_table/case282,5,Place the wine bottle on the coffee table,0,"Organize a culinary scene by relocating items, including chocolate pudding, mugs, a frypan, and a wine bottle between a wooden cabinet, coffee table, and microwave.",Place the wine bottle on the coffee table,[HOLD],150,5
coffee_table/case282,2767,coffee_table/case282,5,Place the wine bottle on the coffee table,0,"Organize a culinary scene by relocating items, including chocolate pudding, mugs, a frypan, and a wine bottle between a wooden cabinet, coffee table, and microwave.",Place the wine bottle on the coffee table,[HOLD],151,5
coffee_table/case282,2768,coffee_table/case282,5,Place the wine bottle on the coffee table,0,"Organize a culinary scene by relocating items, including chocolate pudding, mugs, a frypan, and a wine bottle between a wooden cabinet, coffee table, and microwave.",Place the wine bottle on the coffee table,[HOLD],152,5
coffee_table/case282,2769,coffee_table/case282,5,Place the wine bottle on the coffee table,0,"Organize a culinary scene by relocating items, including chocolate pudding, mugs, a frypan, and a wine bottle between a wooden cabinet, coffee table, and microwave.",Place the wine bottle on the coffee table,[HOLD],153,5
coffee_table/case282,2770,coffee_table/case282,5,Place the wine bottle on the coffee table,0,"Organize a culinary scene by relocating items, including chocolate pudding, mugs, a frypan, and a wine bottle between a wooden cabinet, coffee table, and microwave.",Place the wine bottle on the coffee table,[HOLD],154,5
coffee_table/case282,2771,coffee_table/case282,5,Place the wine bottle on the coffee table,0,"Organize a culinary scene by relocating items, including chocolate pudding, mugs, a frypan, and a wine bottle between a wooden cabinet, coffee table, and microwave.",Place the wine bottle on the coffee table,[HOLD],155,5
coffee_table/case282,2772,coffee_table/case282,5,Place the wine bottle on the coffee table,0,"Organize a culinary scene by relocating items, including chocolate pudding, mugs, a frypan, and a wine bottle between a wooden cabinet, coffee table, and microwave.",Place the wine bottle on the coffee table,[HOLD],156,5
coffee_table/case282,2773,coffee_table/case282,5,Place the wine bottle on the coffee table,0,"Organize a culinary scene by relocating items, including chocolate pudding, mugs, a frypan, and a wine bottle between a wooden cabinet, coffee table, and microwave.",Place the wine bottle on the coffee table,[HOLD],157,5
coffee_table/case282,2774,coffee_table/case282,5,Place the wine bottle on the coffee table,0,"Organize a culinary scene by relocating items, including chocolate pudding, mugs, a frypan, and a wine bottle between a wooden cabinet, coffee table, and microwave.",Place the wine bottle on the coffee table,[HOLD],158,5
coffee_table/case282,2775,coffee_table/case282,5,Place the wine bottle on the coffee table,0,"Organize a culinary scene by relocating items, including chocolate pudding, mugs, a frypan, and a wine bottle between a wooden cabinet, coffee table, and microwave.",Place the wine bottle on the coffee table,[HOLD],159,5
coffee_table/case282,2776,coffee_table/case282,5,Place the wine bottle on the coffee table,0,"Organize a culinary scene by relocating items, including chocolate pudding, mugs, a frypan, and a wine bottle between a wooden cabinet, coffee table, and microwave.",Place the wine bottle on the coffee table,[HOLD],160,5
coffee_table/case282,2777,coffee_table/case282,5,Place the wine bottle on the coffee table,0,"Organize a culinary scene by relocating items, including chocolate pudding, mugs, a frypan, and a wine bottle between a wooden cabinet, coffee table, and microwave.",Place the wine bottle on the coffee table,[HOLD],161,5
coffee_table/case282,2778,coffee_table/case282,5,Place the wine bottle on the coffee table,0,"Organize a culinary scene by relocating items, including chocolate pudding, mugs, a frypan, and a wine bottle between a wooden cabinet, coffee table, and microwave.",Place the wine bottle on the coffee table,[HOLD],162,5
coffee_table/case282,2779,coffee_table/case282,5,Place the wine bottle on the coffee table,0,"Organize a culinary scene by relocating items, including chocolate pudding, mugs, a frypan, and a wine bottle between a wooden cabinet, coffee table, and microwave.",Place the wine bottle on the coffee table,[HOLD],163,5
coffee_table/case282,2780,coffee_table/case282,5,Place the wine bottle on the coffee table,0,"Organize a culinary scene by relocating items, including chocolate pudding, mugs, a frypan, and a wine bottle between a wooden cabinet, coffee table, and microwave.",Place the wine bottle on the coffee table,[HOLD],164,5
coffee_table/case282,2781,coffee_table/case282,5,Place the wine bottle on the coffee table,0,"Organize a culinary scene by relocating items, including chocolate pudding, mugs, a frypan, and a wine bottle between a wooden cabinet, coffee table, and microwave.",Place the wine bottle on the coffee table,[HOLD],165,5
coffee_table/case282,2782,coffee_table/case282,5,Place the wine bottle on the coffee table,0,"Organize a culinary scene by relocating items, including chocolate pudding, mugs, a frypan, and a wine bottle between a wooden cabinet, coffee table, and microwave.",Place the wine bottle on the coffee table,[HOLD],166,5
coffee_table/case282,2783,coffee_table/case282,5,Place the wine bottle on the coffee table,0,"Organize a culinary scene by relocating items, including chocolate pudding, mugs, a frypan, and a wine bottle between a wooden cabinet, coffee table, and microwave.",Place the wine bottle on the coffee table,[HOLD],167,5
coffee_table/case282,2784,coffee_table/case282,5,Place the wine bottle on the coffee table,0,"Organize a culinary scene by relocating items, including chocolate pudding, mugs, a frypan, and a wine bottle between a wooden cabinet, coffee table, and microwave.",Place the wine bottle on the coffee table,[HOLD],168,5
coffee_table/case282,2785,coffee_table/case282,5,Place the wine bottle on the coffee table,0,"Organize a culinary scene by relocating items, including chocolate pudding, mugs, a frypan, and a wine bottle between a wooden cabinet, coffee table, and microwave.",Place the wine bottle on the coffee table,[HOLD],169,5
coffee_table/case282,2786,coffee_table/case282,5,Place the wine bottle on the coffee table,0,"Organize a culinary scene by relocating items, including chocolate pudding, mugs, a frypan, and a wine bottle between a wooden cabinet, coffee table, and microwave.",Place the wine bottle on the coffee table,[HOLD],170,5
coffee_table/case282,2787,coffee_table/case282,5,Place the wine bottle on the coffee table,0,"Organize a culinary scene by relocating items, including chocolate pudding, mugs, a frypan, and a wine bottle between a wooden cabinet, coffee table, and microwave.",Place the wine bottle on the coffee table,[HOLD],171,5
coffee_table/case282,2788,coffee_table/case282,5,Place the wine bottle on the coffee table,0,"Organize a culinary scene by relocating items, including chocolate pudding, mugs, a frypan, and a wine bottle between a wooden cabinet, coffee table, and microwave.",Place the wine bottle on the coffee table,[HOLD],172,5
coffee_table/case282,2789,coffee_table/case282,5,Place the wine bottle on the coffee table,0,"Organize a culinary scene by relocating items, including chocolate pudding, mugs, a frypan, and a wine bottle between a wooden cabinet, coffee table, and microwave.",Place the wine bottle on the coffee table,[HOLD],173,5
coffee_table/case282,2790,coffee_table/case282,5,Place the wine bottle on the coffee table,0,"Organize a culinary scene by relocating items, including chocolate pudding, mugs, a frypan, and a wine bottle between a wooden cabinet, coffee table, and microwave.",Place the wine bottle on the coffee table,[HOLD],174,5
coffee_table/case282,2791,coffee_table/case282,5,Place the wine bottle on the coffee table,0,"Organize a culinary scene by relocating items, including chocolate pudding, mugs, a frypan, and a wine bottle between a wooden cabinet, coffee table, and microwave.",Place the wine bottle on the coffee table,[HOLD],175,5
coffee_table/case282,2792,coffee_table/case282,5,Place the wine bottle on the coffee table,0,"Organize a culinary scene by relocating items, including chocolate pudding, mugs, a frypan, and a wine bottle between a wooden cabinet, coffee table, and microwave.",Place the wine bottle on the coffee table,[HOLD],176,5
coffee_table/case282,2793,coffee_table/case282,5,Place the wine bottle on the coffee table,0,"Organize a culinary scene by relocating items, including chocolate pudding, mugs, a frypan, and a wine bottle between a wooden cabinet, coffee table, and microwave.",Place the wine bottle on the coffee table,[HOLD],177,5
coffee_table/case282,2794,coffee_table/case282,5,Place the wine bottle on the coffee table,0,"Organize a culinary scene by relocating items, including chocolate pudding, mugs, a frypan, and a wine bottle between a wooden cabinet, coffee table, and microwave.",Place the wine bottle on the coffee table,[HOLD],178,5
coffee_table/case282,2795,coffee_table/case282,5,Place the wine bottle on the coffee table,0,"Organize a culinary scene by relocating items, including chocolate pudding, mugs, a frypan, and a wine bottle between a wooden cabinet, coffee table, and microwave.",Place the wine bottle on the coffee table,[HOLD],179,5
coffee_table/case282,2796,coffee_table/case282,5,Place the wine bottle on the coffee table,0,"Organize a culinary scene by relocating items, including chocolate pudding, mugs, a frypan, and a wine bottle between a wooden cabinet, coffee table, and microwave.",Place the wine bottle on the coffee table,[HOLD],180,5
coffee_table/case282,2797,coffee_table/case282,5,Place the wine bottle on the coffee table,0,"Organize a culinary scene by relocating items, including chocolate pudding, mugs, a frypan, and a wine bottle between a wooden cabinet, coffee table, and microwave.",Place the wine bottle on the coffee table,[HOLD],181,5
coffee_table/case282,2798,coffee_table/case282,5,Place the wine bottle on the coffee table,0,"Organize a culinary scene by relocating items, including chocolate pudding, mugs, a frypan, and a wine bottle between a wooden cabinet, coffee table, and microwave.",Place the wine bottle on the coffee table,[HOLD],182,5
coffee_table/case282,2799,coffee_table/case282,5,Place the wine bottle on the coffee table,0,"Organize a culinary scene by relocating items, including chocolate pudding, mugs, a frypan, and a wine bottle between a wooden cabinet, coffee table, and microwave.",Place the wine bottle on the coffee table,[HOLD],183,5
coffee_table/case282,2800,coffee_table/case282,5,Place the wine bottle on the coffee table,0,"Organize a culinary scene by relocating items, including chocolate pudding, mugs, a frypan, and a wine bottle between a wooden cabinet, coffee table, and microwave.",Place the wine bottle on the coffee table,[HOLD],184,5
coffee_table/case282,2801,coffee_table/case282,5,Place the wine bottle on the coffee table,0,"Organize a culinary scene by relocating items, including chocolate pudding, mugs, a frypan, and a wine bottle between a wooden cabinet, coffee table, and microwave.",Place the wine bottle on the coffee table,[HOLD],185,5
coffee_table/case282,2802,coffee_table/case282,5,Place the wine bottle on the coffee table,0,"Organize a culinary scene by relocating items, including chocolate pudding, mugs, a frypan, and a wine bottle between a wooden cabinet, coffee table, and microwave.",Place the wine bottle on the coffee table,[HOLD],186,5
coffee_table/case282,2803,coffee_table/case282,5,Place the wine bottle on the coffee table,0,"Organize a culinary scene by relocating items, including chocolate pudding, mugs, a frypan, and a wine bottle between a wooden cabinet, coffee table, and microwave.",Place the wine bottle on the coffee table,[HOLD],187,5
coffee_table/case282,2804,coffee_table/case282,5,Place the wine bottle on the coffee table,0,"Organize a culinary scene by relocating items, including chocolate pudding, mugs, a frypan, and a wine bottle between a wooden cabinet, coffee table, and microwave.",Place the wine bottle on the coffee table,[HOLD],188,5
coffee_table/case282,2805,coffee_table/case282,5,Place the wine bottle on the coffee table,0,"Organize a culinary scene by relocating items, including chocolate pudding, mugs, a frypan, and a wine bottle between a wooden cabinet, coffee table, and microwave.",Place the wine bottle on the coffee table,[HOLD],189,5
coffee_table/case282,2806,coffee_table/case282,5,Place the wine bottle on the coffee table,0,"Organize a culinary scene by relocating items, including chocolate pudding, mugs, a frypan, and a wine bottle between a wooden cabinet, coffee table, and microwave.",Place the wine bottle on the coffee table,[HOLD],190,5
coffee_table/case282,2807,coffee_table/case282,5,Place the wine bottle on the coffee table,0,"Organize a culinary scene by relocating items, including chocolate pudding, mugs, a frypan, and a wine bottle between a wooden cabinet, coffee table, and microwave.",Place the wine bottle on the coffee table,[HOLD],191,5
coffee_table/case282,2808,coffee_table/case282,5,Place the wine bottle on the coffee table,0,"Organize a culinary scene by relocating items, including chocolate pudding, mugs, a frypan, and a wine bottle between a wooden cabinet, coffee table, and microwave.",Place the wine bottle on the coffee table,[HOLD],192,5
coffee_table/case282,2809,coffee_table/case282,5,Place the wine bottle on the coffee table,0,"Organize a culinary scene by relocating items, including chocolate pudding, mugs, a frypan, and a wine bottle between a wooden cabinet, coffee table, and microwave.",Place the wine bottle on the coffee table,[HOLD],193,5
coffee_table/case282,2810,coffee_table/case282,5,Place the wine bottle on the coffee table,0,"Organize a culinary scene by relocating items, including chocolate pudding, mugs, a frypan, and a wine bottle between a wooden cabinet, coffee table, and microwave.",Place the wine bottle on the coffee table,[HOLD],194,5
