trajectory_id,scene,case,source_path,source_relative_path,visual_relative_path,full_instruction,num_frames,num_steps,boundary_start_ok,boundary_contiguous,positive_intervals,terminal_match,step_text_count_match,hdf5_readable,state_action_length_match,state_time_monotonic,robot_qpos_prefix_verified,annotation_valid,invalid_reason,source_sha256,state_width,state_dtype,action_dim,action_dtype
coffee_table/case1,coffee_table,case1,/ssd1/itaein/datasets/RoboCerebra/RoboCerebra_trainset/coffee_table/case1/demo.hdf5,RoboCerebra_trainset/coffee_table/case1/demo.hdf5,RoboCerebra_trainset/coffee_table/case1/case1.mp4,"Arrange a plate, red coffee mug, Chefmate 8 frypan, and wine bottle from the coffee table onto designated storage surfaces including a wooden two-layer shelf, wine rack, and bowl drainer for organized display.",5504,8,True,True,True,False,True,True,True,True,True,False,terminal_mismatch;frame_assignment_not_exact,93e8e3446fac06befdaf0ec095b9f528b2e106d68112d968fce1cf9481c0f9e2,84,float64,7,float64
coffee_table/case2,coffee_table,case2,/ssd1/itaein/datasets/RoboCerebra/RoboCerebra_trainset/coffee_table/case2/demo.hdf5,RoboCerebra_trainset/coffee_table/case2/demo.hdf5,RoboCerebra_trainset/coffee_table/case2/case2.mp4,"Organize kitchen items by storing cream cheese and butter in specific regions of the short cabinet, and prepare beverages by pouring milk into a red coffee mug and wine into a porcelain mug.",3739,11,True,True,True,True,True,True,True,True,True,True,,5d5f83d46136d73affb67838f2d3f1348eb620cb141b62c219dd8c41acc5cb2b,116,float64,7,float64
coffee_table/case3,coffee_table,case3,/ssd1/itaein/datasets/RoboCerebra/RoboCerebra_trainset/coffee_table/case3/demo.hdf5,RoboCerebra_trainset/coffee_table/case3/demo.hdf5,RoboCerebra_trainset/coffee_table/case3/case3.mp4,"The task involves controlling a robotic arm to interact with objects including a wooden cabinet, chocolate pudding, milk, a porcelain mug, a red coffee mug, and barbecue sauce to transfer, pour, and rearrange items for organization and serving purposes.",2513,9,True,True,True,True,True,True,True,True,True,True,,137e41bdb9b9013703ac1af07eed9ee646cf24a19a2a8eb191312cffab4e26fd,103,float64,7,float64
coffee_table/case4,coffee_table,case4,/ssd1/itaein/datasets/RoboCerebra/RoboCerebra_trainset/coffee_table/case4/demo.hdf5,RoboCerebra_trainset/coffee_table/case4/demo.hdf5,RoboCerebra_trainset/coffee_table/case4/case4.mp4,"Organize cooking ingredients (butter, bbq_sauce, wine_bottle) and utensils (chefmate_8_frypan, red_coffee_mug) by transferring them between designated storage areas (white_cabinet, coffee_table), prepare them for use on the flat_stove, and perform preliminary cooking setup for a simple meal.",4370,12,True,True,True,True,True,True,True,True,True,True,,a35dcad3760d728f1f2f65185f54417a8c6871c5cac23a01d5cba534ebb3a73b,105,float64,7,float64
coffee_table/case5,coffee_table,case5,/ssd1/itaein/datasets/RoboCerebra/RoboCerebra_trainset/coffee_table/case5/demo.hdf5,RoboCerebra_trainset/coffee_table/case5/demo.hdf5,RoboCerebra_trainset/coffee_table/case5/case5.mp4,"Arrange a beverage and snack serving area by transferring the red_coffee_mug, wine_bottle, white_bowl, and popcorn from the coffee_table to the rack, pouring wine into the red_coffee_mug, and placing popcorn into the white_bowl for serving.",3628,9,True,True,True,True,True,True,True,True,True,True,,05e83b2e558fd15a7f20a1fda6c0b7291d2ff6f85a66464ca633b92dadd5ef00,97,float64,7,float64
coffee_table/case6,coffee_table,case6,/ssd1/itaein/datasets/RoboCerebra/RoboCerebra_trainset/coffee_table/case6/demo.hdf5,RoboCerebra_trainset/coffee_table/case6/demo.hdf5,RoboCerebra_trainset/coffee_table/case6/case6.mp4,"Combine cream cheese, tomato sauce, and BBQ sauce in an akita_black_bowl from the coffee_table, then transfer the mixture onto a plate to create a creamy sauce dip.",3535,12,True,True,True,True,True,True,True,True,True,True,,aa0b6ccc5586f7abf57677d83fc20a6bd1d37fe8e0e3d23be7d08e9865e7c20f,97,float64,7,float64
coffee_table/case7,coffee_table,case7,/ssd1/itaein/datasets/RoboCerebra/RoboCerebra_trainset/coffee_table/case7/demo.hdf5,RoboCerebra_trainset/coffee_table/case7/demo.hdf5,RoboCerebra_trainset/coffee_table/case7/case7.mp4,"Organize the kitchen by opening the white cabinet, placing a white bowl with popcorn inside, pouring out wine from a wine bottle before placing it on the counter, and storing a frypan on the rack.",5384,11,True,True,True,True,True,True,True,True,True,True,,d22cf8afe4eec8ef44094e24f5c04cea8f9c933479c1078c115bda849781dde5,103,float64,7,float64
coffee_table/case8,coffee_table,case8,/ssd1/itaein/datasets/RoboCerebra/RoboCerebra_trainset/coffee_table/case8/demo.hdf5,RoboCerebra_trainset/coffee_table/case8/demo.hdf5,RoboCerebra_trainset/coffee_table/case8/case8.mp4,"Organize kitchen items by interacting with the wooden_cabinet, coffee_table, and white_storage_box, while preparing a heated tomato sauce beverage using a white_yellow_mug and microwave.",5065,7,True,True,True,True,True,True,True,True,True,True,,c656c2640241523bee29f99f2483574cd6f6ce85d91459e33ffefb1b7214dd53,94,float64,7,float64
coffee_table/case9,coffee_table,case9,/ssd1/itaein/datasets/RoboCerebra/RoboCerebra_trainset/coffee_table/case9/demo.hdf5,RoboCerebra_trainset/coffee_table/case9/demo.hdf5,RoboCerebra_trainset/coffee_table/case9/case9.mp4,"The task involves reorganizing kitchen items by transferring the salad_dressing, wine_bottle, red_coffee_mug, and chefmate_8_frypan from the coffee_table to designated storage locations (white_cabinet, wine_rack, and rack) and handling liquid by pouring it out from the wine_bottle.",5461,11,True,True,True,True,True,True,True,True,True,True,,bb563534d1846954db2ce66fef6ece4c30964c23272cb16f8b78e99a38eaac52,103,float64,7,float64
coffee_table/case10,coffee_table,case10,/ssd1/itaein/datasets/RoboCerebra/RoboCerebra_trainset/coffee_table/case10/demo.hdf5,RoboCerebra_trainset/coffee_table/case10/demo.hdf5,RoboCerebra_trainset/coffee_table/case10/case10.mp4,"The task involves preparing and organizing snacks by using a short cabinet, coffee table, white bowl, wine rack, and various items like salad dressing, popcorn, and a wine bottle, to pour contents into the bowl and store objects appropriately.",5015,11,True,True,True,True,True,True,True,True,True,True,,852464c002474490b5af3e74014ffb821329ab02591f11dfd38172b741fe0916,90,float64,7,float64
coffee_table/case11,coffee_table,case11,/ssd1/itaein/datasets/RoboCerebra/RoboCerebra_trainset/coffee_table/case11/demo.hdf5,RoboCerebra_trainset/coffee_table/case11/demo.hdf5,RoboCerebra_trainset/coffee_table/case11/case11.mp4,"Prepare a creative warming and mixing sequence by heating alphabet_soup in the microwave, mixing salad_dressing in a red_coffee_mug, and pouring wine onto a wooden_shelf, using objects like a coffee_table, microwave, red_coffee_mug, salad_dressing container, wine_bottle, and wooden_shelf.",5268,10,True,True,True,True,True,True,True,True,True,True,,16086d4721dcf552f99cebcf6aca8253c7256e2548cfbeb1fb07c54751d65b9b,86,float64,7,float64
coffee_table/case12,coffee_table,case12,/ssd1/itaein/datasets/RoboCerebra/RoboCerebra_trainset/coffee_table/case12/demo.hdf5,RoboCerebra_trainset/coffee_table/case12/demo.hdf5,RoboCerebra_trainset/coffee_table/case12/case12.mp4,"Create a decorative sauced plate display by transferring a plate from the coffee table to a wooden tray and artistically adding ketchup, salad dressing, and BBQ sauce onto the plate.",3811,11,True,True,True,True,True,True,True,True,True,True,,b736b258f259a67f79cd6becabdb832a52f273bb7547dee43b398309c9ed79f7,97,float64,7,float64
coffee_table/case13,coffee_table,case13,/ssd1/itaein/datasets/RoboCerebra/RoboCerebra_trainset/coffee_table/case13/demo.hdf5,RoboCerebra_trainset/coffee_table/case13/demo.hdf5,RoboCerebra_trainset/coffee_table/case13/case13.mp4,"The task involves a robotic arm simulating a cooking preparation process by retrieving items from storage, combining chocolate pudding into a white bowl, placing and activating a frypan on a stove, pouring wine into a red coffee mug, and returning the bottle to the cabinet.",4284,9,True,True,True,True,True,True,True,True,True,True,,b8e52302b0f05ed513bd8f36802287fd44272a338ff3d04510a9e9bd6fcd8c97,105,float64,7,float64
coffee_table/case14,coffee_table,case14,/ssd1/itaein/datasets/RoboCerebra/RoboCerebra_trainset/coffee_table/case14/demo.hdf5,RoboCerebra_trainset/coffee_table/case14/demo.hdf5,RoboCerebra_trainset/coffee_table/case14/case14.mp4,"Use a robotic arm to organize kitchen items by placing milk in the short_fridge, cream_cheese in the akita_black_bowl, and a wine_bottle on the wooden_tray.",4303,7,True,True,True,True,True,True,True,True,True,True,,5b2769edba417eb98c35efa2557af79d392c70e9906b6381ac42a8f11d3995d4,99,float64,7,float64
coffee_table/case15,coffee_table,case15,/ssd1/itaein/datasets/RoboCerebra/RoboCerebra_trainset/coffee_table/case15/demo.hdf5,RoboCerebra_trainset/coffee_table/case15/demo.hdf5,RoboCerebra_trainset/coffee_table/case15/case15.mp4,"Organize and prepare a food serving scene by relocating items (chocolate pudding, red coffee mug, wine bottle, chefmate frypan, macaroni and cheese) among the white storage box, rack, coffee table, and counter, while setting up the red coffee mug with wine.",3348,9,True,True,True,True,True,True,True,True,True,True,,e2db4bd86642bbc1480aa962d78a305b2db3f476d330b380f5b7d7c49dcf7038,110,float64,7,float64
coffee_table/case16,coffee_table,case16,/ssd1/itaein/datasets/RoboCerebra/RoboCerebra_trainset/coffee_table/case16/demo.hdf5,RoboCerebra_trainset/coffee_table/case16/demo.hdf5,RoboCerebra_trainset/coffee_table/case16/case16.mp4,"The task involves using a robotic arm to organize items by placing popcorn into a short cabinet in the middle region, cream cheese into a white storage box in the top side, and a red coffee mug into a microwave in the heating region.",5249,8,True,True,True,True,True,True,True,True,True,True,,e03c482d0b5474c48b32544dd6f784cffda417063df8ac3caeedfc764314c9e1,79,float64,7,float64
coffee_table/case17,coffee_table,case17,/ssd1/itaein/datasets/RoboCerebra/RoboCerebra_trainset/coffee_table/case17/demo.hdf5,RoboCerebra_trainset/coffee_table/case17/demo.hdf5,RoboCerebra_trainset/coffee_table/case17/case17.mp4,"The task involves arranging a snack setup by interacting with objects like the white_cabinet, coffee_table, white_bowl, microwave, porcelain_mug, and items such as butter, cookies, and new_salad_dressing to prepare and organize them for use.",2530,7,True,True,True,True,True,True,True,True,True,True,,3b602052104ceff4be9cdf34eb6853b24a4f8cbf6ce9476bd643451bb2876bd6,105,float64,7,float64
coffee_table/case18,coffee_table,case18,/ssd1/itaein/datasets/RoboCerebra/RoboCerebra_trainset/coffee_table/case18/demo.hdf5,RoboCerebra_trainset/coffee_table/case18/demo.hdf5,RoboCerebra_trainset/coffee_table/case18/case18.mp4,"The task involves organizing food items (butter, tomato_sauce, salad_dressing) and tableware (glazed_rim_porcelain_ramekin, red_coffee_mug) by moving and placing them appropriately using storage furniture (wooden_cabinet, microwave) and the coffee_table for further processing.",4488,10,True,True,True,True,True,True,True,True,True,True,,6045b4295d6362a366268ced70a4decc386dd5945ae0f96aedfa9f7a8b627961,105,float64,7,float64
coffee_table/case19,coffee_table,case19,/ssd1/itaein/datasets/RoboCerebra/RoboCerebra_trainset/coffee_table/case19/demo.hdf5,RoboCerebra_trainset/coffee_table/case19/demo.hdf5,RoboCerebra_trainset/coffee_table/case19/case19.mp4,"Heat chocolate pudding by pouring it into a moka pot retrieved from a wooden cabinet, placing the pot on a flat stove, and turning the stove on.",5259,9,True,True,True,True,True,True,True,True,True,True,,491a94155dfbe9fcb7a2977003c4bca4417c340014a4fa79eecc898238588171,66,float64,7,float64
coffee_table/case20,coffee_table,case20,/ssd1/itaein/datasets/RoboCerebra/RoboCerebra_trainset/coffee_table/case20/demo.hdf5,RoboCerebra_trainset/coffee_table/case20/demo.hdf5,RoboCerebra_trainset/coffee_table/case20/case20.mp4,Arrange a snack of cookies and BBQ sauce on a plate from the coffee table and store a wine bottle in the top region of the wine rack.,2567,7,True,True,True,True,True,True,True,True,True,True,,2938cbbe4e0e8d6a56ab81e6af1189cac5784b3cddcd9ff9642dcb507c2935dd,84,float64,7,float64
coffee_table/case21,coffee_table,case21,/ssd1/itaein/datasets/RoboCerebra/RoboCerebra_trainset/coffee_table/case21/demo.hdf5,RoboCerebra_trainset/coffee_table/case21/demo.hdf5,RoboCerebra_trainset/coffee_table/case21/case21.mp4,"The task involves preparing a dressed salad mixture by combining cream_cheese and new_salad_dressing using akita_black_bowl and white_yellow_mug, and arranging tableware by organizing items like a wine_bottle on a rack and relocating other objects between the coffee_table and short_cabinet.",2732,9,True,True,True,True,True,True,True,True,True,True,,42e5570cd6c120c88d76edf072c7a0f92cc22a9aea7ebdf3924f323be69c4a98,116,float64,7,float64
coffee_table/case22,coffee_table,case22,/ssd1/itaein/datasets/RoboCerebra/RoboCerebra_trainset/coffee_table/case22/demo.hdf5,RoboCerebra_trainset/coffee_table/case22/demo.hdf5,RoboCerebra_trainset/coffee_table/case22/case22.mp4,"The task involves preparing a mixed ingredient bowl by retrieving a white bowl from a white cabinet, placing it on a coffee table, and adding cream cheese, ketchup, and wine from the coffee table into the bowl.",3414,12,True,True,True,True,True,True,True,True,True,True,,0ef741d71684f726a06e3cef98be5f6638559a6af14ba988693b0c3a87671a1b,90,float64,7,float64
coffee_table/case23,coffee_table,case23,/ssd1/itaein/datasets/RoboCerebra/RoboCerebra_trainset/coffee_table/case23/demo.hdf5,RoboCerebra_trainset/coffee_table/case23/demo.hdf5,RoboCerebra_trainset/coffee_table/case23/case23.mp4,"Prepare a mixed beverage by combining milk and wine in a porcelain mug, using objects from the coffee table and short fridge.",2255,7,True,True,True,True,True,True,True,True,True,True,,f7656e2ab5a8151d3ef6feb4ca9dd6ba4428a9b4042c1d15dc431b2e8af70576,73,float64,7,float64
coffee_table/case24,coffee_table,case24,/ssd1/itaein/datasets/RoboCerebra/RoboCerebra_trainset/coffee_table/case24/demo.hdf5,RoboCerebra_trainset/coffee_table/case24/demo.hdf5,RoboCerebra_trainset/coffee_table/case24/case24.mp4,"Prepare a drink by pouring wine into a white-yellow mug from a white cabinet and coffee table, and gather butter from a short cabinet to place on a counter while also picking up a frypan from the coffee table.",4362,9,True,True,True,True,True,True,True,True,True,True,,f46561ae0abc3bba851ae7bd8dad7cc6f48c5e526260e2768002a155548bb40e,96,float64,7,float64
coffee_table/case25,coffee_table,case25,/ssd1/itaein/datasets/RoboCerebra/RoboCerebra_trainset/coffee_table/case25/demo.hdf5,RoboCerebra_trainset/coffee_table/case25/demo.hdf5,RoboCerebra_trainset/coffee_table/case25/case25.mp4,"Organize and store kitchen items by putting the porcelain mug into the top compartment of the white cabinet, placing the new salad dressing inside the opened bowl drainer, and interacting with the microwave.",3770,6,True,True,True,True,True,True,True,True,True,True,,a26e5cc65c3ec138565583687b63e7421a1981259a1d397ab899fb945a074543,66,float64,7,float64
coffee_table/case26,coffee_table,case26,/ssd1/itaein/datasets/RoboCerebra/RoboCerebra_trainset/coffee_table/case26/demo.hdf5,RoboCerebra_trainset/coffee_table/case26/demo.hdf5,RoboCerebra_trainset/coffee_table/case26/case26.mp4,"Combine cream_cheese, butter, and new_salad_dressing from the coffee_table into the akita_black_bowl to prepare a mixed spread.",2112,8,True,True,True,True,True,True,True,True,True,True,,2c929784663492a9e7b3ffc7c2f5fa0cfcd8744baa68ee254c71ba6ca41cd90a,84,float64,7,float64
coffee_table/case27,coffee_table,case27,/ssd1/itaein/datasets/RoboCerebra/RoboCerebra_trainset/coffee_table/case27/demo.hdf5,RoboCerebra_trainset/coffee_table/case27/demo.hdf5,RoboCerebra_trainset/coffee_table/case27/case27.mp4,"Transfer selected food items (cream_cheese, butter, macaroni_and_cheese) from the coffee_table into kitchen storage (white_cabinet) and an appliance (microwave) for organized placement.",2138,8,True,True,True,True,True,True,True,True,True,True,,94c7c832c437c843506f875c6015860bd186856434f7b696c5db5ebb71d3a4c7,79,float64,7,float64
coffee_table/case28,coffee_table,case28,/ssd1/itaein/datasets/RoboCerebra/RoboCerebra_trainset/coffee_table/case28/demo.hdf5,RoboCerebra_trainset/coffee_table/case28/demo.hdf5,RoboCerebra_trainset/coffee_table/case28/case28.mp4,"Heat and flavor macaroni and cheese with tomato sauce in a microwave, and prepare a wine beverage in a red coffee mug placed on the coffee table.",5412,9,True,True,False,True,True,True,True,True,True,False,nonpositive_interval;frame_assignment_not_exact,e1f9f96791ab9b9700c1f56276d0d2b24bf961ad133db0d4419ce83f1acbe9d1,86,float64,7,float64
coffee_table/case29,coffee_table,case29,/ssd1/itaein/datasets/RoboCerebra/RoboCerebra_trainset/coffee_table/case29/demo.hdf5,RoboCerebra_trainset/coffee_table/case29/demo.hdf5,RoboCerebra_trainset/coffee_table/case29/case29.mp4,"The task involves using a white bowl, tomato sauce, salad dressings, and a red coffee mug to prepare a mixed dressing setup by sequentially pouring contents into containers and relocating objects between a coffee table and a wooden shelf.",4176,11,True,True,True,True,True,True,True,True,True,True,,5e1f7230b1da61755bbf4e2114b13a66abb01fae3e9198c8ae527b25f14ae89c,97,float64,7,float64
coffee_table/case30,coffee_table,case30,/ssd1/itaein/datasets/RoboCerebra/RoboCerebra_trainset/coffee_table/case30/demo.hdf5,RoboCerebra_trainset/coffee_table/case30/demo.hdf5,RoboCerebra_trainset/coffee_table/case30/case30.mp4,"The task involves combining wine from a wine_bottle into a porcelain_mug and mixing salad_dressing and ketchup in an akita_black_bowl, using objects from a coffee_table and short_cabinet to prepare a mixed dipping sauce.",4002,10,True,True,True,True,True,True,True,True,True,True,,d7d0af27381b014353836e39c0623effe5b08aa77c098d93c108e9bae2bbff3f,116,float64,7,float64
coffee_table/case31,coffee_table,case31,/ssd1/itaein/datasets/RoboCerebra/RoboCerebra_trainset/coffee_table/case31/demo.hdf5,RoboCerebra_trainset/coffee_table/case31/demo.hdf5,RoboCerebra_trainset/coffee_table/case31/case31.mp4,"The task involves using the white_cabinet, chefmate_8_frypan, macaroni_and_cheese, butter, coffee_table, and plate to prepare and serve a creamy macaroni dish.",3197,10,True,True,True,True,True,True,True,True,True,True,,3d6188d449f03be5d3f9b12ec07c9a56a0eeaf66b6f1862ba9966bcd9aa7e58c,90,float64,7,float64
coffee_table/case32,coffee_table,case32,/ssd1/itaein/datasets/RoboCerebra/RoboCerebra_trainset/coffee_table/case32/demo.hdf5,RoboCerebra_trainset/coffee_table/case32/demo.hdf5,RoboCerebra_trainset/coffee_table/case32/case32.mp4,"Prepare a mixed sauce by combining BBQ sauce and salad dressing in a frypan, and serve a dessert by placing chocolate pudding on a plate.",2536,8,True,True,True,True,True,True,True,True,True,True,,4cbcf680c154d161f5b00b674032867b1178d55a9ee8a3cbc033c27fb4378158,97,float64,7,float64
coffee_table/case33,coffee_table,case33,/ssd1/itaein/datasets/RoboCerebra/RoboCerebra_trainset/coffee_table/case33/demo.hdf5,RoboCerebra_trainset/coffee_table/case33/demo.hdf5,RoboCerebra_trainset/coffee_table/case33/case33.mp4,"Organize butter, chocolate pudding, and macaroni and cheese from the coffee table into the white cabinet, akita black bowl, and chefmate 8"" frypan, respectively, using the white cabinet for storage and tableware for preparation.",2065,7,True,True,True,True,True,True,True,True,True,True,,9f34b0bb8e1f2c0bad8c4b2354c5fad1d7eff11ca99821ea7a48286751d73762,103,float64,7,float64
coffee_table/case34,coffee_table,case34,/ssd1/itaein/datasets/RoboCerebra/RoboCerebra_trainset/coffee_table/case34/demo.hdf5,RoboCerebra_trainset/coffee_table/case34/demo.hdf5,RoboCerebra_trainset/coffee_table/case34/case34.mp4,"Prepare a heated mixture of tomato sauce and butter by retrieving the ingredients from the white cabinet and coffee table, combining them in the akita_black_bowl, and heating the bowl in the microwave.",3242,10,True,True,True,True,True,True,True,True,True,True,,6a9b03ea527acaf252a3f97d0ca8c4f4aa3ba7a99244f08674c91e15fed771ee,79,float64,7,float64
coffee_table/case35,coffee_table,case35,/ssd1/itaein/datasets/RoboCerebra/RoboCerebra_trainset/coffee_table/case35/demo.hdf5,RoboCerebra_trainset/coffee_table/case35/demo.hdf5,RoboCerebra_trainset/coffee_table/case35/case35.mp4,"Assemble a layered culinary display by sequentially using a microwave, red coffee mug, glazed rim porcelain ramekin, moka pot, and wine bottle to pour and arrange milk, tomato sauce, and BBQ sauce from various locations onto a coffee table.",2813,11,True,True,False,True,True,True,True,True,True,False,nonpositive_interval;frame_assignment_not_exact,2f5fb4bdf346a697a7937ce65aec04a73cdc83f84bbbb8999297c6a4e1696bf5,125,float64,7,float64
coffee_table/case36,coffee_table,case36,/ssd1/itaein/datasets/RoboCerebra/RoboCerebra_trainset/coffee_table/case36/demo.hdf5,RoboCerebra_trainset/coffee_table/case36/demo.hdf5,RoboCerebra_trainset/coffee_table/case36/case36.mp4,Prepare a snack by cooking butter in a frypan on a stove and topping popcorn in a bowl with ketchup.,5002,10,True,True,True,True,True,True,True,True,True,True,,217ccf23cfae74a1855e71767a2e90247cfc30a7c96a4597847bac6934efda8f,99,float64,7,float64
coffee_table/case37,coffee_table,case37,/ssd1/itaein/datasets/RoboCerebra/RoboCerebra_trainset/coffee_table/case37/demo.hdf5,RoboCerebra_trainset/coffee_table/case37/demo.hdf5,RoboCerebra_trainset/coffee_table/case37/case37.mp4,"Create a serving scene by pouring wine from a wine_bottle on a coffee_table into a glazed_rim_porcelain_ramekin, placing alphabet_soup onto a bowl_drainer, and placing cream_cheese into an akita_black_bowl.",3287,8,True,True,True,True,True,True,True,True,True,True,,1af93ee7b7c497dd82342edd6c728053429a2dff15066c643b339acf0d18cbbf,103,float64,7,float64
coffee_table/case38,coffee_table,case38,/ssd1/itaein/datasets/RoboCerebra/RoboCerebra_trainset/coffee_table/case38/demo.hdf5,RoboCerebra_trainset/coffee_table/case38/demo.hdf5,RoboCerebra_trainset/coffee_table/case38/case38.mp4,"Organize food and tableware by moving butter, wine bottle, and a porcelain ramekin to their designated locations, and operate the flat stove for cooking purposes.",2472,9,True,True,True,True,True,True,True,True,True,True,,2876ad3ac0b0e2387c36072654297c9489bc38e37a19540d0af9ca223267c704,79,float64,7,float64
coffee_table/case39,coffee_table,case39,/ssd1/itaein/datasets/RoboCerebra/RoboCerebra_trainset/coffee_table/case39/demo.hdf5,RoboCerebra_trainset/coffee_table/case39/demo.hdf5,RoboCerebra_trainset/coffee_table/case39/case39.mp4,"The task involves organizing butter, akita_black_bowl, and white_yellow_mug from a coffee_table into their proper storage locations: the short_cabinet, bowl_drainer, and basket, respectively.",2823,7,True,True,True,True,True,True,True,True,True,True,,5dfd67500f4da05789825f7ca480e9ff1f78c83ca9b6cc8c8051e3f0148c88ce,90,float64,7,float64
coffee_table/case40,coffee_table,case40,/ssd1/itaein/datasets/RoboCerebra/RoboCerebra_trainset/coffee_table/case40/demo.hdf5,RoboCerebra_trainset/coffee_table/case40/demo.hdf5,RoboCerebra_trainset/coffee_table/case40/case40.mp4,"Set up a meal assembly station by retrieving a chefmate_8_frypan from a wooden_cabinet and placing it at the assembly_station, transferring macaroni_and_cheese into the frypan, handling orange_juice and a red_coffee_mug from the coffee_table, and organizing them appropriately for use.",3248,9,True,True,True,True,True,True,True,True,True,True,,18b4830df21b4436d762c906d4d4322296cd1baddf47c17faf70490137d4dcd1,90,float64,7,float64
coffee_table/case41,coffee_table,case41,/ssd1/itaein/datasets/RoboCerebra/RoboCerebra_trainset/coffee_table/case41/demo.hdf5,RoboCerebra_trainset/coffee_table/case41/demo.hdf5,RoboCerebra_trainset/coffee_table/case41/case41.mp4,"Organize and properly store kitchen items by placing chocolate pudding in the microwave, wine bottle on the wine rack, and cream cheese and porcelain mug into a white storage box after picking them up from the coffee table.",5723,8,True,True,True,True,True,True,True,True,True,True,,1eff9a1af5bbdfae2c1f1e38d74ff436227a4659149be507bc0234c0ae37aee4,86,float64,7,float64
coffee_table/case42,coffee_table,case42,/ssd1/itaein/datasets/RoboCerebra/RoboCerebra_trainset/coffee_table/case42/demo.hdf5,RoboCerebra_trainset/coffee_table/case42/demo.hdf5,RoboCerebra_trainset/coffee_table/case42/case42.mp4,"Organize a condiment setup by using tableware to transfer and arrange new salad dressing, BBQ sauce, and wine from their containers into a porcelain mug, a glazed porcelain ramekin, and a frypan, respectively, placing the items back on the coffee table after use.",3477,10,True,True,True,True,True,True,True,True,True,True,,c4d0ac31d889ee902018b343cfba8481f5dd8ad03d66bb5748e9104678d11d10,116,float64,7,float64
coffee_table/case43,coffee_table,case43,/ssd1/itaein/datasets/RoboCerebra/RoboCerebra_trainset/coffee_table/case43/demo.hdf5,RoboCerebra_trainset/coffee_table/case43/demo.hdf5,RoboCerebra_trainset/coffee_table/case43/case43.mp4,"Organize and prepare the kitchen by transferring items, including milk, popcorn, cookware, and a coffee mug, between storage areas (fridge, cabinet, basket) and the coffee table for proper placement and storage.",6709,11,True,True,True,True,True,True,True,True,True,True,,40657f66e69250967f018548d72fb2846ef601e773f1880b5eced72b69629854,118,float64,7,float64
coffee_table/case44,coffee_table,case44,/ssd1/itaein/datasets/RoboCerebra/RoboCerebra_trainset/coffee_table/case44/demo.hdf5,RoboCerebra_trainset/coffee_table/case44/demo.hdf5,RoboCerebra_trainset/coffee_table/case44/case44.mp4,"The task involves using an akita_black_bowl, plate, cream_cheese, salad_dressing, and popcorn to set up a snack serving arrangement on the coffee_table and storing the popcorn in the white_cabinet.",3269,8,True,True,True,True,True,True,True,True,True,True,,31bf111160db6a0b33c40d4df1f669c7665efa92a2887725522c9b3f636b389b,103,float64,7,float64
coffee_table/case45,coffee_table,case45,/ssd1/itaein/datasets/RoboCerebra/RoboCerebra_trainset/coffee_table/case45/demo.hdf5,RoboCerebra_trainset/coffee_table/case45/demo.hdf5,RoboCerebra_trainset/coffee_table/case45/case45.mp4,"The task involves organizing snacks and storage by opening the white_cabinet and wine_rack, placing cream_cheese into a white_bowl, and chocolate_pudding onto a plate, using a coffee_table as a workspace.",1722,5,True,True,True,True,True,True,True,True,True,True,,fb648c984f4c6793942db3cec2c0802d9fcc6349fb2436fc903a15f52eb69779,90,float64,7,float64
coffee_table/case46,coffee_table,case46,/ssd1/itaein/datasets/RoboCerebra/RoboCerebra_trainset/coffee_table/case46/demo.hdf5,RoboCerebra_trainset/coffee_table/case46/demo.hdf5,RoboCerebra_trainset/coffee_table/case46/case46.mp4,"This task involves using a robotic arm to locate, grasp, lift, move, and place various objects (chefmate_8_frypan, akita_black_bowl, wine_bottle, and porcelain_mug) from the coffee_table to their respective target locations (rack, wooden_two_layer_shelf, wooden_tray, and placement area next to the wooden_tray) for the purpose of organized manipulation and transfer.",2865,9,True,True,True,True,True,True,True,True,True,True,,d7e5e79ce937ef3a72d50e5e1e2ff0b77c54450fc2e2f1852a92b561b21d679a,110,float64,7,float64
coffee_table/case47,coffee_table,case47,/ssd1/itaein/datasets/RoboCerebra/RoboCerebra_trainset/coffee_table/case47/demo.hdf5,RoboCerebra_trainset/coffee_table/case47/demo.hdf5,RoboCerebra_trainset/coffee_table/case47/case47.mp4,"Prepare a microwaved macaroni dish by heating macaroni_and_cheese in the microwave, transferring it to a white_bowl, and enhancing it with cream_cheese sourced from the coffee_table.",4833,9,True,True,True,True,True,True,True,True,True,True,,514a8815a81d681387ab38f080ab2b5b85d5d02abfc0a47d464b867620a899f8,73,float64,7,float64
coffee_table/case48,coffee_table,case48,/ssd1/itaein/datasets/RoboCerebra/RoboCerebra_trainset/coffee_table/case48/demo.hdf5,RoboCerebra_trainset/coffee_table/case48/demo.hdf5,RoboCerebra_trainset/coffee_table/case48/case48.mp4,"Set up a snack and beverage station by moving a white bowl, cookies, a porcelain mug, and a wine bottle from a coffee table to a serving counter, filling the bowl with cookies, pouring wine into the mug, turning on the flat stove, and opening a wooden cabinet.",2976,7,True,True,True,True,True,True,True,True,True,True,,6ce1aec28248d020eedcfc534de835804ef79c8277ff1a5d281cc7c17aadbb47,92,float64,7,float64
coffee_table/case49,coffee_table,case49,/ssd1/itaein/datasets/RoboCerebra/RoboCerebra_trainset/coffee_table/case49/demo.hdf5,RoboCerebra_trainset/coffee_table/case49/demo.hdf5,RoboCerebra_trainset/coffee_table/case49/case49.mp4,"Prepare a snack by combining cookies and BBQ sauce in a white bowl, heating it on a flat stove, and serving orange juice in a porcelain mug using items from the coffee table.",3780,12,True,True,False,True,True,True,True,True,True,False,nonpositive_interval;frame_assignment_not_exact,ee4bbd49c46e4bfadaadd17823d5d12a6fc1aa292ccd991581fc8b1b52d7d528,99,float64,7,float64
coffee_table/case50,coffee_table,case50,/ssd1/itaein/datasets/RoboCerebra/RoboCerebra_trainset/coffee_table/case50/demo.hdf5,RoboCerebra_trainset/coffee_table/case50/demo.hdf5,RoboCerebra_trainset/coffee_table/case50/case50.mp4,"The task involves sequentially using a robotic arm to interact with various objects: opening a wine rack in the top region, picking up a wine bottle and placing it on a coffee table, picking up a white-yellow mug to pour out orange juice before returning the mug to the coffee table, picking up a white bowl, opening a bowl drainer in the left region, and placing the bowl into the drainer.",4502,10,True,True,True,True,True,True,True,True,True,True,,f68e3dded66a1f27dfa28171c37b9f9f93f594ad74e188779bbfe22d5973e000,84,float64,7,float64
coffee_table/case51,coffee_table,case51,/ssd1/itaein/datasets/RoboCerebra/RoboCerebra_trainset/coffee_table/case51/demo.hdf5,RoboCerebra_trainset/coffee_table/case51/demo.hdf5,RoboCerebra_trainset/coffee_table/case51/case51.mp4,"Arrange a dual-dish setup by placing a saucy white bowl, a dressed frypan, and a mixed beverage-filled red coffee mug on the serving area.",3535,9,True,True,True,True,True,True,True,True,True,True,,e6557dce5906dffb9fea92e7586063d648c787c391942c777b817b61e75964fe,110,float64,7,float64
coffee_table/case52,coffee_table,case52,/ssd1/itaein/datasets/RoboCerebra/RoboCerebra_trainset/coffee_table/case52/demo.hdf5,RoboCerebra_trainset/coffee_table/case52/demo.hdf5,RoboCerebra_trainset/coffee_table/case52/case52.mp4,"Prepare a mini cooking setup by arranging objects including a white cabinet, akita black bowl, salad dressing, flat stove, chefmate frypan, and a glazed porcelain ramekin across designated areas like a coffee table and dining set to facilitate cooking and dining activities.",3747,7,True,True,True,True,True,True,True,True,True,True,,ae188e17739ec6e8121a39635d40903f7ae3f6e00fe89d84825fa04dfef1c1f9,92,float64,7,float64
coffee_table/case53,coffee_table,case53,/ssd1/itaein/datasets/RoboCerebra/RoboCerebra_trainset/coffee_table/case53/demo.hdf5,RoboCerebra_trainset/coffee_table/case53/demo.hdf5,RoboCerebra_trainset/coffee_table/case53/case53.mp4,"The task involves organizing kitchen tools and ingredients (butter, akita_black_bowl, and chefmate_8_frypan) from the coffee_table to appropriate areas (white_cabinet, flat_stove) to begin cooking by turning on the flat_stove.",3274,6,True,True,True,True,True,True,True,True,True,True,,9389288b0ccf461a58a1376e2b7dffd1e0df25310e968569155f53365a8b4a6d,79,float64,7,float64
coffee_table/case54,coffee_table,case54,/ssd1/itaein/datasets/RoboCerebra/RoboCerebra_trainset/coffee_table/case54/demo.hdf5,RoboCerebra_trainset/coffee_table/case54/demo.hdf5,RoboCerebra_trainset/coffee_table/case54/case54.mp4,"The task involves preparing for cooking by transferring a frypan from a coffee table to a stove, pouring tomato sauce into the frypan, and placing cookies on a dining table.",2863,8,True,True,True,True,True,True,True,True,True,True,,83a43074186801c952778730de97a6f1c840c24a44c31a523b3b05ad2eca5dc1,73,float64,7,float64
coffee_table/case55,coffee_table,case55,/ssd1/itaein/datasets/RoboCerebra/RoboCerebra_trainset/coffee_table/case55/demo.hdf5,RoboCerebra_trainset/coffee_table/case55/demo.hdf5,RoboCerebra_trainset/coffee_table/case55/case55.mp4,"Prepare a butter and milk mixture by using the chefmate_8_frypan from the coffee_table, placing it on the flat_stove in the cook_region, turning on the stove, and combining butter and milk from the coffee_table into the pan.",2940,8,True,True,True,True,True,True,True,True,True,True,,d56499435afb1e32e26c28d530be06c608f39752abb9aa54306da2f42def75e5,73,float64,7,float64
coffee_table/case56,coffee_table,case56,/ssd1/itaein/datasets/RoboCerebra/RoboCerebra_trainset/coffee_table/case56/demo.hdf5,RoboCerebra_trainset/coffee_table/case56/demo.hdf5,RoboCerebra_trainset/coffee_table/case56/case56.mp4,"Organize a cooking setup and prepare snacks by moving cookies from the coffee_table to the wooden_cabinet, relocating a red_coffee_mug to the wooden_shelf, placing popcorn into the chefmate_8_frypan, and pouring out tomato_sauce from the coffee_table.",2813,10,True,True,True,True,True,True,True,True,True,True,,aaa18563faa07605a21473ce2158baca415a9384a9e7af67d7c8d0f2b58308e3,103,float64,7,float64
coffee_table/case57,coffee_table,case57,/ssd1/itaein/datasets/RoboCerebra/RoboCerebra_trainset/coffee_table/case57/demo.hdf5,RoboCerebra_trainset/coffee_table/case57/demo.hdf5,RoboCerebra_trainset/coffee_table/case57/case57.mp4,"The task involves preparing a snack setup by pouring orange juice into a red coffee mug and arranging popcorn on a plate, while also storing the chefmate_8 frypan into the white cabinet.",4708,9,True,True,True,True,True,True,True,True,True,True,,a54251bba3dcfc8bbada97720b5bfade24cee51286a8e13b0e5c9050d6c1ba3b,109,float64,7,float64
coffee_table/case58,coffee_table,case58,/ssd1/itaein/datasets/RoboCerebra/RoboCerebra_trainset/coffee_table/case58/demo.hdf5,RoboCerebra_trainset/coffee_table/case58/demo.hdf5,RoboCerebra_trainset/coffee_table/case58/case58.mp4,"Rearrange kitchen items using a robotic arm by relocating the chefmate_8_frypan to the bottom region of the wooden_two_layer_shelf, pouring contents from a wine_bottle positioned on the top region of the wooden_two_layer_shelf, placing a red_coffee_mug on a rack, and positioning a glazed_rim_porcelain_ramekin in the right region of a bowl_drainer.",4700,8,True,True,True,True,True,True,True,True,True,True,,a2a27c83dd827422bcc02ec04bdec07acec5fa496e7506a3d95cb629ff89ad5f,97,float64,7,float64
coffee_table/case59,coffee_table,case59,/ssd1/itaein/datasets/RoboCerebra/RoboCerebra_trainset/coffee_table/case59/demo.hdf5,RoboCerebra_trainset/coffee_table/case59/demo.hdf5,RoboCerebra_trainset/coffee_table/case59/case59.mp4,Melt butter in the chefmate_8_frypan on the flat_stove and transfer it into the white_bowl using objects including the coffee_table and white_bowl.,4097,8,True,True,True,True,True,True,True,True,True,True,,815aac98aba8cabf060232bc234adf5f21bad6e6fb96fca641f307dc132f8312,75,float64,7,float64
coffee_table/case60,coffee_table,case60,/ssd1/itaein/datasets/RoboCerebra/RoboCerebra_trainset/coffee_table/case60/demo.hdf5,RoboCerebra_trainset/coffee_table/case60/demo.hdf5,RoboCerebra_trainset/coffee_table/case60/case60.mp4,"The task involves using a robotic arm in a staged kitchen setup to manipulate objects (wooden_tray, coffee_table, wine_bottle, flat_stove, moka_pot, red_coffee_mug) in sequential actions for transporting, pouring, arranging, and activating items to simulate a kitchen workflow.",3286,8,True,True,True,True,True,True,True,True,True,True,,92920f661a02b8f500a8465c9e384787c1352e2f2669255d994a8e50da1395f6,86,float64,7,float64
coffee_table/case61,coffee_table,case61,/ssd1/itaein/datasets/RoboCerebra/RoboCerebra_trainset/coffee_table/case61/demo.hdf5,RoboCerebra_trainset/coffee_table/case61/demo.hdf5,RoboCerebra_trainset/coffee_table/case61/case61.mp4,"Prepare a mixed heated dish by assembling macaroni and cheese with wine on a plate, placing chocolate pudding in a white bowl within a microwave, and utilizing related objects like a coffee_table, plate, wine_bottle, and wooden_two_layer_shelf for proper execution.",5445,12,True,True,True,True,True,True,True,True,True,True,,4898ec580147abca7f2357def20673f6bc8c43dde41d408805970b949e1f93f7,99,float64,7,float64
coffee_table/case62,coffee_table,case62,/ssd1/itaein/datasets/RoboCerebra/RoboCerebra_trainset/coffee_table/case62/demo.hdf5,RoboCerebra_trainset/coffee_table/case62/demo.hdf5,RoboCerebra_trainset/coffee_table/case62/case62.mp4,Prepare a meal by cooking macaroni and cheese in a frypan on a flat stove and serving alphabet soup in a ramekin.,3391,10,True,True,True,True,True,True,True,True,True,True,,234067e40d66d59d0274b03c86b8881d7307cacca7d634ad0880d5341ac934eb,92,float64,7,float64
coffee_table/case63,coffee_table,case63,/ssd1/itaein/datasets/RoboCerebra/RoboCerebra_trainset/coffee_table/case63/demo.hdf5,RoboCerebra_trainset/coffee_table/case63/demo.hdf5,RoboCerebra_trainset/coffee_table/case63/case63.mp4,"A robotic arm organizes items—popcorn and a glazed porcelain ramekin—from the coffee table into a white cabinet and a wooden shelf, prepares a porcelain mug by placing it at the drink station, pours wine into the mug, and returns the wine bottle to its original location.",3704,8,True,True,True,True,True,True,True,True,True,True,,307839059684d07f42eb33e40a3d8cfb086442643e55cf8c2d0fd5d33937970b,90,float64,7,float64
coffee_table/case64,coffee_table,case64,/ssd1/itaein/datasets/RoboCerebra/RoboCerebra_trainset/coffee_table/case64/demo.hdf5,RoboCerebra_trainset/coffee_table/case64/demo.hdf5,RoboCerebra_trainset/coffee_table/case64/case64.mp4,Organize a dessert serving by placing chocolate pudding on a plate inside a wooden cabinet and prepare a liquid pour by transferring wine from a bottle into a frying pan on the coffee table.,3624,11,True,True,True,True,True,True,True,True,True,True,,15dc7f736713d4e05ceeef02e4a0ed1f4cfe37c6ed0a36e1899f5e2803ba7d69,90,float64,7,float64
coffee_table/case65,coffee_table,case65,/ssd1/itaein/datasets/RoboCerebra/RoboCerebra_trainset/coffee_table/case65/demo.hdf5,RoboCerebra_trainset/coffee_table/case65/demo.hdf5,RoboCerebra_trainset/coffee_table/case65/case65.mp4,"The task involves using a robotic arm to retrieve a frypan from a white cabinet, assemble ingredients (tomato sauce, chocolate pudding, and popcorn) into the frypan and a bowl from a coffee table, transferring, pouring, and arranging them to create a culinary setup.",2436,11,True,True,True,False,True,True,True,True,True,False,terminal_mismatch;frame_assignment_not_exact,df3b40e1d058330b8f7251a74a8363c165cbb3dc8553f50f8aca5424d9fb4ff7,103,float64,7,float64
coffee_table/case66,coffee_table,case66,/ssd1/itaein/datasets/RoboCerebra/RoboCerebra_trainset/coffee_table/case66/demo.hdf5,RoboCerebra_trainset/coffee_table/case66/demo.hdf5,RoboCerebra_trainset/coffee_table/case66/case66.mp4,The task involves preparing a snack presentation by heating popcorn in a microwave and creating a sauce mixture of tomato sauce and new salad dressing in a white bowl placed on a coffee table.,4263,10,True,True,True,False,True,True,True,True,True,False,terminal_mismatch;frame_assignment_not_exact,9d2ebb9830f10d6aa776c102c55ff276f7cd08a512e537dfe33175987247ce36,86,float64,7,float64
coffee_table/case67,coffee_table,case67,/ssd1/itaein/datasets/RoboCerebra/RoboCerebra_trainset/coffee_table/case67/demo.hdf5,RoboCerebra_trainset/coffee_table/case67/demo.hdf5,RoboCerebra_trainset/coffee_table/case67/case67.mp4,Heat up alphabet soup in a white bowl using the microwave and store cream cheese in the white cabinet.,3764,10,True,True,True,False,True,True,True,True,True,False,terminal_mismatch;frame_assignment_not_exact,0771ba62dea55447ff3e41d3a0eeed1084b1ebad446e033f05ac4179739ca017,79,float64,7,float64
coffee_table/case68,coffee_table,case68,/ssd1/itaein/datasets/RoboCerebra/RoboCerebra_trainset/coffee_table/case68/demo.hdf5,RoboCerebra_trainset/coffee_table/case68/demo.hdf5,RoboCerebra_trainset/coffee_table/case68/case68.mp4,"Organize items from the coffee_table by placing the red_coffee_mug into the microwave, the popcorn into the white_storage_box, the wine_bottle and moka_pot onto the wooden_tray, and the porcelain_mug into the bowl_drainer.",4262,11,True,True,True,False,True,True,True,True,True,False,terminal_mismatch;frame_assignment_not_exact,e68b825ab6acffb19cd0ad08abb81f592b924f506ae98a24e8102bcb996fe3af,112,float64,7,float64
coffee_table/case69,coffee_table,case69,/ssd1/itaein/datasets/RoboCerebra/RoboCerebra_trainset/coffee_table/case69/demo.hdf5,RoboCerebra_trainset/coffee_table/case69/demo.hdf5,RoboCerebra_trainset/coffee_table/case69/case69.mp4,"The task involves organizing food items (butter, cream_cheese, chocolate_pudding) and a wine_bottle by moving them from the coffee_table to designated storage surfaces (wooden_two_layer_shelf, white_storage_box, bowl_drainer) for proper arrangement.",2245,7,True,True,True,False,True,True,True,True,True,False,terminal_mismatch;frame_assignment_not_exact,7d6abf71cc337c3f0f06de08fcb7d306c2adc427e55a58fcea3fe2961fc48977,84,float64,7,float64
coffee_table/case70,coffee_table,case70,/ssd1/itaein/datasets/RoboCerebra/RoboCerebra_trainset/coffee_table/case70/demo.hdf5,RoboCerebra_trainset/coffee_table/case70/demo.hdf5,RoboCerebra_trainset/coffee_table/case70/case70.mp4,"Organize a culinary setup by relocating items (butter, cream_cheese, red_coffee_mug, chefmate_8_frypan, and wine_bottle) from a coffee_table to specified destinations (basket, white_bowl, counter), and opening the microwave for preparation tasks.",4195,11,True,True,True,False,True,True,True,True,True,False,terminal_mismatch;frame_assignment_not_exact,68a749189c0f98a4c8936274d79bed8a345377e5612e1f1ecedbc406e304e3e8,125,float64,7,float64
coffee_table/case71,coffee_table,case71,/ssd1/itaein/datasets/RoboCerebra/RoboCerebra_trainset/coffee_table/case71/demo.hdf5,RoboCerebra_trainset/coffee_table/case71/demo.hdf5,RoboCerebra_trainset/coffee_table/case71/case71.mp4,"The task involves preparing soup and sauce by sequentially transferring the contents of alphabet_soup into an akita_black_bowl and pouring tomato_sauce and wine from their containers into a chefmate_8_frypan, all while manipulating objects placed on a coffee_table.",2117,7,True,True,True,False,True,True,True,True,True,False,terminal_mismatch;frame_assignment_not_exact,0682390005db64175e4778a30b3315645eda43488085ddff701cf669092edd5f,97,float64,7,float64
coffee_table/case72,coffee_table,case72,/ssd1/itaein/datasets/RoboCerebra/RoboCerebra_trainset/coffee_table/case72/demo.hdf5,RoboCerebra_trainset/coffee_table/case72/demo.hdf5,RoboCerebra_trainset/coffee_table/case72/case72.mp4,"Organize a kitchen scene by storing cookies in a white storage box, activating a flat stove, placing a frypan onto its cook region, and repositioning a wine bottle on the wine rack.",3329,7,True,True,True,False,True,True,True,True,True,False,terminal_mismatch;frame_assignment_not_exact,91d9d9a20cecb197e5fdbaa6a0137bf0969de934db43ee9e9e50d9ee80aab979,73,float64,7,float64
coffee_table/case73,coffee_table,case73,/ssd1/itaein/datasets/RoboCerebra/RoboCerebra_trainset/coffee_table/case73/demo.hdf5,RoboCerebra_trainset/coffee_table/case73/demo.hdf5,RoboCerebra_trainset/coffee_table/case73/case73.mp4,Prepare a food container by mixing cream cheese and salad dressing in a white bowl and prepare a beverage by pouring wine into a white-yellow mug.,2680,9,True,True,True,True,True,True,True,True,True,True,,aab8d0a2af0a5e1db80d3913f521fd96bbf9f7f0f1d50266e9e88a42da47ad9f,105,float64,7,float64
coffee_table/case74,coffee_table,case74,/ssd1/itaein/datasets/RoboCerebra/RoboCerebra_trainset/coffee_table/case74/demo.hdf5,RoboCerebra_trainset/coffee_table/case74/demo.hdf5,RoboCerebra_trainset/coffee_table/case74/case74.mp4,The task is to serve wine in a white-yellow mug with a new salad dressing garnish presented in a glazed-rim porcelain ramekin near an opened wooden cabinet.,2411,9,True,True,True,True,True,True,True,True,True,True,,b5fe0264439b6daf8a9d26ab55ba8ebe61f5306da166c5f239bc14c4fe1ed03c,90,float64,7,float64
coffee_table/case75,coffee_table,case75,/ssd1/itaein/datasets/RoboCerebra/RoboCerebra_trainset/coffee_table/case75/demo.hdf5,RoboCerebra_trainset/coffee_table/case75/demo.hdf5,RoboCerebra_trainset/coffee_table/case75/case75.mp4,"Set up a cooking area by retrieving a chefmate_8_frypan, a wine_bottle, and a porcelain_mug from the coffee_table, placing the frypan and mug on the flat_stove, activating the stove, and handling the wine_bottle as required.",3522,9,True,True,True,True,True,True,True,True,True,True,,3e4f206cfd2ee8eb60727b09dbecb31207a69ab51f296a43a1da5f3c2ea05fdc,79,float64,7,float64
coffee_table/case76,coffee_table,case76,/ssd1/itaein/datasets/RoboCerebra/RoboCerebra_trainset/coffee_table/case76/demo.hdf5,RoboCerebra_trainset/coffee_table/case76/demo.hdf5,RoboCerebra_trainset/coffee_table/case76/case76.mp4,"Set up a cooking area by placing a chefmate_8_frypan on a flat_stove, organize other objects including a plate and alphabet_soup on a coffee_table, and store cream_cheese in a wooden_cabinet.",2443,9,True,True,True,True,True,True,True,True,True,True,,a59c65ebe2c449c84ea659501af81724746806707a98c8e30a6e42c783852e07,92,float64,7,float64
coffee_table/case77,coffee_table,case77,/ssd1/itaein/datasets/RoboCerebra/RoboCerebra_trainset/coffee_table/case77/demo.hdf5,RoboCerebra_trainset/coffee_table/case77/demo.hdf5,RoboCerebra_trainset/coffee_table/case77/case77.mp4,Set up a cooling and serving arrangement by placing cream_cheese and chocolate_pudding into specific regions of a short_fridge for cooling and pouring wine from a wine_bottle into a red_coffee_mug for serving.,2522,7,True,True,True,True,True,True,True,True,True,True,,c8acbcbf5a03556aafd616a958a3f4ce33d841dfb777d859cb410d2ddab1748b,86,float64,7,float64
coffee_table/case78,coffee_table,case78,/ssd1/itaein/datasets/RoboCerebra/RoboCerebra_trainset/coffee_table/case78/demo.hdf5,RoboCerebra_trainset/coffee_table/case78/demo.hdf5,RoboCerebra_trainset/coffee_table/case78/case78.mp4,"Prepare and arrange dressings in a white bowl and black bowl with salad dressing and ketchup respectively, while repositioning popcorn and wine bottle from the coffee table as part of the snack setup.",3284,10,True,True,True,True,True,True,True,True,True,True,,b230ac9f8e49e90c2964a270319f6fa74f42b77213f4b54aaa6812000d5a9554,112,float64,7,float64
coffee_table/case79,coffee_table,case79,/ssd1/itaein/datasets/RoboCerebra/RoboCerebra_trainset/coffee_table/case79/demo.hdf5,RoboCerebra_trainset/coffee_table/case79/demo.hdf5,RoboCerebra_trainset/coffee_table/case79/case79.mp4,"Prepare a snack ensemble by pouring orange juice into a porcelain mug, filling a white bowl with popcorn, and start a sauce by adding wine from a wine bottle into a chefmate 8 frypan, using objects from the coffee table.",1779,9,True,True,True,True,True,True,True,True,True,True,,bfc4c79c7caebf4dd37b284145796cd383fe4af9f692cac3f08891f5844178b4,110,float64,7,float64
coffee_table/case80,coffee_table,case80,/ssd1/itaein/datasets/RoboCerebra/RoboCerebra_trainset/coffee_table/case80/demo.hdf5,RoboCerebra_trainset/coffee_table/case80/demo.hdf5,RoboCerebra_trainset/coffee_table/case80/case80.mp4,"Heat alphabet soup by transferring it from its container into a porcelain mug, placing the mug inside a microwave, and preparing it for heating.",1895,6,True,True,True,True,True,True,True,True,True,True,,c368045ec18a0a13f7bb8228d93b3fe3ce14173c7d63562dd3a7f22e295eb63e,60,float64,7,float64
coffee_table/case81,coffee_table,case81,/ssd1/itaein/datasets/RoboCerebra/RoboCerebra_trainset/coffee_table/case81/demo.hdf5,RoboCerebra_trainset/coffee_table/case81/demo.hdf5,RoboCerebra_trainset/coffee_table/case81/case81.mp4,"Assemble and heat a creative food display by placing chocolate pudding in an Akita black bowl, preparing a wine mixture in a Chefmate frypan, and heating it on a flat stove in the cooking region.",2364,8,True,True,True,True,True,True,True,True,True,True,,5b8269dc31f6479a8edd1bc87305cc64f7862035043c34951a582c3b6c898539,86,float64,7,float64
coffee_table/case82,coffee_table,case82,/ssd1/itaein/datasets/RoboCerebra/RoboCerebra_trainset/coffee_table/case82/demo.hdf5,RoboCerebra_trainset/coffee_table/case82/demo.hdf5,RoboCerebra_trainset/coffee_table/case82/case82.mp4,"Organize kitchen items by moving and placing the wine bottle on the wine rack's top region, cream cheese in the basket's contain region, the bowl drainer on its left region, and the plate on the rack to prepare for a dinner setup.",1868,12,True,True,True,True,True,True,True,True,True,True,,f217f8ca3fbb8566db16db1c3deaf3abb56c42a23536d2125ee8bf988ffcd26b,97,float64,7,float64
coffee_table/case83,coffee_table,case83,/ssd1/itaein/datasets/RoboCerebra/RoboCerebra_trainset/coffee_table/case83/demo.hdf5,RoboCerebra_trainset/coffee_table/case83/demo.hdf5,RoboCerebra_trainset/coffee_table/case83/case83.mp4,"The task involves preparing a cooking setup by retrieving and placing the chefmate_8_frypan and moka_pot onto the flat_stove, turning on the stove, and pouring new_salad_dressing into a glazed_rim_porcelain_ramekin.",3196,8,True,True,True,True,True,True,True,True,True,True,,12224f7ba364f9a94fee88aa2d42fcc9167c218bacbe7daac2fad873287b6bd6,92,float64,7,float64
coffee_table/case84,coffee_table,case84,/ssd1/itaein/datasets/RoboCerebra/RoboCerebra_trainset/coffee_table/case84/demo.hdf5,RoboCerebra_trainset/coffee_table/case84/demo.hdf5,RoboCerebra_trainset/coffee_table/case84/case84.mp4,"Prepare a blended salad dressing by combining new_salad_dressing from the wooden_cabinet, bbq_sauce from the dining_set_group, and orange_juice into the akita_black_bowl.",2954,9,True,True,True,True,True,True,True,True,True,True,,49106e7ab9432083ec33946253310e5d926b82f01c3026f05454bd9aaccadb76,90,float64,7,float64
coffee_table/case85,coffee_table,case85,/ssd1/itaein/datasets/RoboCerebra/RoboCerebra_trainset/coffee_table/case85/demo.hdf5,RoboCerebra_trainset/coffee_table/case85/demo.hdf5,RoboCerebra_trainset/coffee_table/case85/case85.mp4,"Arrange a kitchen counter by transferring an akita_black_bowl and white_bowl from the coffee table to the kitchen counter, pouring cream_cheese into the akita_black_bowl and milk into the white_bowl, and opening the microwave at the top side.",1711,6,True,True,True,True,True,True,True,True,True,True,,f74b7bc0e4fb95ccf6b549f42ad3b3c68c90fbe9a8696ee579d2364073adb304,86,float64,7,float64
coffee_table/case86,coffee_table,case86,/ssd1/itaein/datasets/RoboCerebra/RoboCerebra_trainset/coffee_table/case86/demo.hdf5,RoboCerebra_trainset/coffee_table/case86/demo.hdf5,RoboCerebra_trainset/coffee_table/case86/case86.mp4,"Prepare a snack by placing cream cheese and cookies into a white bowl, and serve a drink by pouring wine from a wine bottle into a porcelain mug.",2482,9,True,True,True,True,True,True,True,True,True,True,,3d0f85db878e792673d09f141189da3797b1d2b0a0322be29644830f151063e9,103,float64,7,float64
coffee_table/case87,coffee_table,case87,/ssd1/itaein/datasets/RoboCerebra/RoboCerebra_trainset/coffee_table/case87/demo.hdf5,RoboCerebra_trainset/coffee_table/case87/demo.hdf5,RoboCerebra_trainset/coffee_table/case87/case87.mp4,"Prepare a dessert by transferring chocolate pudding into a white bowl and set up the beverage area with wine and orange juice using objects including a wooden cabinet, coffee table, flat stove, and a table.",2889,11,True,True,True,True,True,True,True,True,True,True,,12ce9bc1b1e605e3aaa53c96d80479bcfe0a6b94aceb4f66d08b93147587c684,92,float64,7,float64
coffee_table/case88,coffee_table,case88,/ssd1/itaein/datasets/RoboCerebra/RoboCerebra_trainset/coffee_table/case88/demo.hdf5,RoboCerebra_trainset/coffee_table/case88/demo.hdf5,RoboCerebra_trainset/coffee_table/case88/case88.mp4,"Arrange items from the white_cabinet, coffee_table, and wine_rack to set up a dining table with a plate, chocolate pudding, porcelain mug, and wine bottle.",1624,6,True,True,True,True,True,True,True,True,True,True,,abaa113d4d8353753c1178fcbd0f871c59c338dc8c26c52db0100c94e88ff2d9,90,float64,7,float64
coffee_table/case89,coffee_table,case89,/ssd1/itaein/datasets/RoboCerebra/RoboCerebra_trainset/coffee_table/case89/demo.hdf5,RoboCerebra_trainset/coffee_table/case89/demo.hdf5,RoboCerebra_trainset/coffee_table/case89/case89.mp4,The task involves organizing food items by transferring cream_cheese from a wooden_cabinet to a glazed_rim_porcelain_ramekin on a coffee_table and placing butter from the coffee_table into the white_storage_box.,2092,6,True,True,True,True,True,True,True,True,True,True,,26dc229962b3670f77fbcd4e27c0f6d36324aa44887b6235b1c1c27cedd17c25,77,float64,7,float64
coffee_table/case90,coffee_table,case90,/ssd1/itaein/datasets/RoboCerebra/RoboCerebra_trainset/coffee_table/case90/demo.hdf5,RoboCerebra_trainset/coffee_table/case90/demo.hdf5,RoboCerebra_trainset/coffee_table/case90/case90.mp4,"The task involves a robotic arm using objects like popcorn, a coffee table, a white storage box, a frypan, a counter, orange juice, and a white cabinet to prepare and store food by moving, pouring, and organizing items systematically.",2106,6,True,True,True,True,True,True,True,True,True,True,,63aa74b309e496f5448cb8f8c2fee492507231f5ca796742c9f071198ec69089,77,float64,7,float64
coffee_table/case91,coffee_table,case91,/ssd1/itaein/datasets/RoboCerebra/RoboCerebra_trainset/coffee_table/case91/demo.hdf5,RoboCerebra_trainset/coffee_table/case91/demo.hdf5,RoboCerebra_trainset/coffee_table/case91/case91.mp4,"Organize and prepare snack-serving items by arranging cookies and cream_cheese in a basket, serving wine in a red_coffee_mug, placing bbq_sauce in a glazed_rim_porcelain_ramekin, and setting up items in the serving_area.",2464,10,True,True,True,True,True,True,True,True,True,True,,85fdf7fa9ec4a2020442b4053566fc9cf014511adbfcfbf1e878af920c0d549b,123,float64,7,float64
coffee_table/case92,coffee_table,case92,/ssd1/itaein/datasets/RoboCerebra/RoboCerebra_trainset/coffee_table/case92/demo.hdf5,RoboCerebra_trainset/coffee_table/case92/demo.hdf5,RoboCerebra_trainset/coffee_table/case92/case92.mp4,"Organize a basket on the counter by placing cookies and cream cheese into it, dispose of tomato sauce from its container, and prepare the microwave and a red coffee mug for snack preparation.",3281,9,True,True,True,True,True,True,True,True,True,True,,e380f8ac52510d7cc281dde8010de974d7648117446a6b4ce3166efeecada694,99,float64,7,float64
coffee_table/case93,coffee_table,case93,/ssd1/itaein/datasets/RoboCerebra/RoboCerebra_trainset/coffee_table/case93/demo.hdf5,RoboCerebra_trainset/coffee_table/case93/demo.hdf5,RoboCerebra_trainset/coffee_table/case93/case93.mp4,"Simulate interactions with various objects, including picking, placing, pouring, and opening, to organize items on and around the coffee_table, wine_rack, dining_set_group, and short_fridge.",2461,8,True,True,True,True,True,True,True,True,True,True,,05f06ae8eff77f4896791dd1df2290ccd86d012756c6dee56dc0927710a2c365,86,float64,7,float64
coffee_table/case94,coffee_table,case94,/ssd1/itaein/datasets/RoboCerebra/RoboCerebra_trainset/coffee_table/case94/demo.hdf5,RoboCerebra_trainset/coffee_table/case94/demo.hdf5,RoboCerebra_trainset/coffee_table/case94/case94.mp4,"Warm chocolate_pudding by transferring it from the coffee_table into a white_bowl, then placing the bowl in the microwave's heating_region for heating.",1838,6,True,True,True,True,True,True,True,True,True,True,,816d8366a13fe493660fc822a6f2b53692386ebb5a8dc277ded3a591b1930b2e,60,float64,7,float64
coffee_table/case95,coffee_table,case95,/ssd1/itaein/datasets/RoboCerebra/RoboCerebra_trainset/coffee_table/case95/demo.hdf5,RoboCerebra_trainset/coffee_table/case95/demo.hdf5,RoboCerebra_trainset/coffee_table/case95/case95.mp4,"The task involves organizing cookies and a wine bottle from the coffee_table into the white_cabinet (middle_region) and the wine_rack (top_region), respectively.",1581,5,True,True,True,True,True,True,True,True,True,True,,beed049963d7bf3264976a70827efdb981cf1319a2ea5305508278551a584897,64,float64,7,float64
coffee_table/case96,coffee_table,case96,/ssd1/itaein/datasets/RoboCerebra/RoboCerebra_trainset/coffee_table/case96/demo.hdf5,RoboCerebra_trainset/coffee_table/case96/demo.hdf5,RoboCerebra_trainset/coffee_table/case96/case96.mp4,"Prepare a warmed snack bowl by combining cookies and cream cheese in a white bowl, then heating it in a microwave and retrieving it afterward.",3098,10,True,True,True,True,True,True,True,True,True,True,,0c2a81596743fa09e5e7ee935ae2449d7b230dbfb20bc80058776ca76595b831,73,float64,7,float64
coffee_table/case97,coffee_table,case97,/ssd1/itaein/datasets/RoboCerebra/RoboCerebra_trainset/coffee_table/case97/demo.hdf5,RoboCerebra_trainset/coffee_table/case97/demo.hdf5,RoboCerebra_trainset/coffee_table/case97/case97.mp4,"Arrange snacks by placing cookies into an akita_black_bowl retrieved from a wooden_cabinet, placing the bowl on a coffee_table, and relocating a wine_bottle onto a rack while discarding salad_dressing.",2388,10,True,True,True,True,True,True,True,True,True,True,,96121bbc01fc05aa777cd4a6f665f18987cad55e038487d7bf5174b63f9cba15,103,float64,7,float64
coffee_table/case98,coffee_table,case98,/ssd1/itaein/datasets/RoboCerebra/RoboCerebra_trainset/coffee_table/case98/demo.hdf5,RoboCerebra_trainset/coffee_table/case98/demo.hdf5,RoboCerebra_trainset/coffee_table/case98/case98.mp4,"The task involves setting up a simple cooking station by retrieving a chefmate_8_frypan from a wooden_cabinet, placing it on a coffee_table, turning on a flat_stove, and preparing a white_bowl on the coffee_table by pouring wine from a wine_bottle into it.",1724,6,True,True,True,True,True,True,True,True,True,True,,f15bb18458ec00f0f8500f68008484d586c248b71a4f09c45f4e8b7bebe64dae,79,float64,7,float64
coffee_table/case99,coffee_table,case99,/ssd1/itaein/datasets/RoboCerebra/RoboCerebra_trainset/coffee_table/case99/demo.hdf5,RoboCerebra_trainset/coffee_table/case99/demo.hdf5,RoboCerebra_trainset/coffee_table/case99/case99.mp4,Prepare a warmed sauce mixture by combining tomato sauce and cream cheese in an akita_black_bowl and heating it in a microwave.,2328,8,True,True,True,True,True,True,True,True,True,True,,8cdfd9155439e6cb1acb98e220916744886c710780a320317f07ea285419b814,73,float64,7,float64
coffee_table/case100,coffee_table,case100,/ssd1/itaein/datasets/RoboCerebra/RoboCerebra_trainset/coffee_table/case100/demo.hdf5,RoboCerebra_trainset/coffee_table/case100/demo.hdf5,RoboCerebra_trainset/coffee_table/case100/case100.mp4,"Prepare a microwaved macaroni snack by placing macaroni and cheese dressed with salad dressing onto a plate and heating it in the microwave, while serving milk in a white bowl as a side.",3569,12,True,True,True,True,True,True,True,True,True,True,,c4ce3cf325b87a56ee14cef1d521edae0219cfd852395c62d22aebc36eee14e5,99,float64,7,float64
coffee_table/case101,coffee_table,case101,/ssd1/itaein/datasets/RoboCerebra/RoboCerebra_trainset/coffee_table/case101/demo.hdf5,RoboCerebra_trainset/coffee_table/case101/demo.hdf5,RoboCerebra_trainset/coffee_table/case101/case101.mp4,"Combine popcorn and orange_juice in a white_bowl, then heat the mixture in a microwave for snack preparation.",3057,8,True,True,True,True,True,True,True,True,True,True,,91651b0659873b85b36441186d7fe900e45f3331f500e0dd292c398d93b8e6e6,73,float64,7,float64
coffee_table/case102,coffee_table,case102,/ssd1/itaein/datasets/RoboCerebra/RoboCerebra_trainset/coffee_table/case102/demo.hdf5,RoboCerebra_trainset/coffee_table/case102/demo.hdf5,RoboCerebra_trainset/coffee_table/case102/case102.mp4,"Prepare a mixed sauce by combining tomato sauce, salad dressing, and wine in the chefmate_8_frypan after retrieving ingredients from the coffee_table and placing the frypan from the wooden_cabinet onto the cooking_station.",2527,12,True,True,True,True,True,True,True,True,True,True,,93ea537b2b227785c4b2fc804111e142dfd2eeb2735c3aba8bfa1e0f3d1c84c9,90,float64,7,float64
coffee_table/case103,coffee_table,case103,/ssd1/itaein/datasets/RoboCerebra/RoboCerebra_trainset/coffee_table/case103/demo.hdf5,RoboCerebra_trainset/coffee_table/case103/demo.hdf5,RoboCerebra_trainset/coffee_table/case103/case103.mp4,"Prepare a mixed dish by combining macaroni and cheese with wine in an akita_black_bowl, then use the bowl_drainer to remove excess liquid, utilizing the microwave, coffee_table, and bowl_drainer in the process.",3260,11,True,True,True,True,True,True,True,True,True,True,,c9beeb220c0fa950fe310d86a4fdf674f71f64e41f6873eb2bd9731bdaeb84de,73,float64,7,float64
coffee_table/case104,coffee_table,case104,/ssd1/itaein/datasets/RoboCerebra/RoboCerebra_trainset/coffee_table/case104/demo.hdf5,RoboCerebra_trainset/coffee_table/case104/demo.hdf5,RoboCerebra_trainset/coffee_table/case104/case104.mp4,"Prepare a serving of chocolate pudding in an Akita black bowl placed on a wooden tray and pour wine from a wine bottle into a white-yellow mug, using objects from the coffee table.",1569,7,True,True,True,True,True,True,True,True,True,True,,0511d7d61bbbb62fbb1e324ab9606c2f742e93879e28c02901c8c9bb96e00de3,97,float64,7,float64
coffee_table/case105,coffee_table,case105,/ssd1/itaein/datasets/RoboCerebra/RoboCerebra_trainset/coffee_table/case105/demo.hdf5,RoboCerebra_trainset/coffee_table/case105/demo.hdf5,RoboCerebra_trainset/coffee_table/case105/case105.mp4,"The task involves pouring wine from a wine bottle into a red coffee mug and arranging a porcelain mug and a moka pot into their designated storage locations (a white cabinet and a wooden two-layer shelf, respectively).",2691,8,True,True,True,True,True,True,True,True,True,True,,2f12742a791b48912383a49906e3bacd8e961ac77796b9ee5470facc1c4d4100,90,float64,7,float64
coffee_table/case106,coffee_table,case106,/ssd1/itaein/datasets/RoboCerebra/RoboCerebra_trainset/coffee_table/case106/demo.hdf5,RoboCerebra_trainset/coffee_table/case106/demo.hdf5,RoboCerebra_trainset/coffee_table/case106/case106.mp4,"The task involves using a robotic arm to manipulate various objects — including a wooden cabinet, a chefmate frypan, a rack, a porcelain mug, milk, a coffee table, a short cabinet, and a plate — to sequentially open, pick, pour, and place items for organizing and handling household objects.",2605,9,True,True,True,True,True,True,True,True,True,True,,817477780cc7b351a7b266334a4ca3a2080254a98e8bb4d0a46a27fdd18b57eb,109,float64,7,float64
coffee_table/case107,coffee_table,case107,/ssd1/itaein/datasets/RoboCerebra/RoboCerebra_trainset/coffee_table/case107/demo.hdf5,RoboCerebra_trainset/coffee_table/case107/demo.hdf5,RoboCerebra_trainset/coffee_table/case107/case107.mp4,Organize snack ingredients (butter and popcorn) into specific sections of a white_storage_box and arrange tableware (red_coffee_mug) onto a white_cabinet.,3130,7,True,True,True,True,True,True,True,True,True,True,,f7c322bad8869a9c3c6a143193184d74fde8b03b2677e342aaac00c424d38826,77,float64,7,float64
coffee_table/case108,coffee_table,case108,/ssd1/itaein/datasets/RoboCerebra/RoboCerebra_trainset/coffee_table/case108/demo.hdf5,RoboCerebra_trainset/coffee_table/case108/demo.hdf5,RoboCerebra_trainset/coffee_table/case108/case108.mp4,"Arrange simple serving items by placing cookies into a white bowl, pouring orange juice into a porcelain mug, and moving a frypan to a rack, using the coffee table as the initial workspace.",2222,7,True,True,True,True,True,True,True,True,True,True,,2320fa15dce8d2c35ff0b34e947bdc90ddf29055f3787379d9f32a0c45955595,110,float64,7,float64
coffee_table/case109,coffee_table,case109,/ssd1/itaein/datasets/RoboCerebra/RoboCerebra_trainset/coffee_table/case109/demo.hdf5,RoboCerebra_trainset/coffee_table/case109/demo.hdf5,RoboCerebra_trainset/coffee_table/case109/case109.mp4,"Organize items on the coffee_table by relocating butter, plate, and porcelain_mug to designated storage areas and prepare the microwave by placing alphabet_soup inside its heating_region for warming.",3019,9,True,True,True,True,True,True,True,True,True,True,,df96b96c9537268648f3f1ea13c8c160e464de5ef74263672d59dae99761ce0d,86,float64,7,float64
coffee_table/case110,coffee_table,case110,/ssd1/itaein/datasets/RoboCerebra/RoboCerebra_trainset/coffee_table/case110/demo.hdf5,RoboCerebra_trainset/coffee_table/case110/demo.hdf5,RoboCerebra_trainset/coffee_table/case110/case110.mp4,"Prepare a dish by combining macaroni and cheese with wine and salad dressing in a frypan, then transferring it to a plate for serving.",3644,12,True,True,True,True,True,True,True,True,True,True,,c9791648498319269fa503ac10d75d73f428f179577892b1568f20d45b8ed991,103,float64,7,float64
coffee_table/case111,coffee_table,case111,/ssd1/itaein/datasets/RoboCerebra/RoboCerebra_trainset/coffee_table/case111/demo.hdf5,RoboCerebra_trainset/coffee_table/case111/demo.hdf5,RoboCerebra_trainset/coffee_table/case111/case111.mp4,"A robotic arm performs a food preparation sequence involving the microwave, coffee table, and wooden cabinet to organize popcorn, a red coffee mug, BBQ sauce, and a wine bottle for heating and serving.",2920,10,True,True,True,True,True,True,True,True,True,True,,2206cbe91a98f8608aed1d76d2fd7396c86302626a027e82a8200943ac25bebb,92,float64,7,float64
coffee_table/case112,coffee_table,case112,/ssd1/itaein/datasets/RoboCerebra/RoboCerebra_trainset/coffee_table/case112/demo.hdf5,RoboCerebra_trainset/coffee_table/case112/demo.hdf5,RoboCerebra_trainset/coffee_table/case112/case112.mp4,"Create a decorative arrangement by placing a plate, red coffee mug, moka pot, and wine bottle on a coffee table, while pouring wine onto the plate and turning on a flat stove for ambiance.",2257,9,True,True,True,True,True,True,True,True,True,True,,85dd8c864ce980456199c39e132e7dd247c284cbe01d0c6ebe31c75ab6597841,92,float64,7,float64
coffee_table/case113,coffee_table,case113,/ssd1/itaein/datasets/RoboCerebra/RoboCerebra_trainset/coffee_table/case113/demo.hdf5,RoboCerebra_trainset/coffee_table/case113/demo.hdf5,RoboCerebra_trainset/coffee_table/case113/case113.mp4,"Mix chocolate pudding, butter, salad dressing, and wine in the akita_black_bowl, then open the microwave for preparation, using ingredients from the coffee_table.",3401,12,True,True,True,True,True,True,True,True,True,True,,38ca5efdbdc0ef03e63bb4ff3f0bba7412972ab7cff9e241b610810be60e5a9a,99,float64,7,float64
coffee_table/case114,coffee_table,case114,/ssd1/itaein/datasets/RoboCerebra/RoboCerebra_trainset/coffee_table/case114/demo.hdf5,RoboCerebra_trainset/coffee_table/case114/demo.hdf5,RoboCerebra_trainset/coffee_table/case114/case114.mp4,"The task involves serving wine in a porcelain mug placed on a wooden tray and storing butter in a white storage box by utilizing various objects, including a coffee table, wine bottle, rack, and storage box.",2890,9,True,True,True,True,True,True,True,True,True,True,,865bb1b8fc1b5b8320b794df07706dbc73763451668d494c12c2c65071dc9f96,97,float64,7,float64
coffee_table/case115,coffee_table,case115,/ssd1/itaein/datasets/RoboCerebra/RoboCerebra_trainset/coffee_table/case115/demo.hdf5,RoboCerebra_trainset/coffee_table/case115/demo.hdf5,RoboCerebra_trainset/coffee_table/case115/case115.mp4,"The task involves preparing for cooking by placing a chefmate_8_frypan from the coffee_table onto the flat_stove, turning on the stove, handling milk from the coffee_table, and organizing a plate into the white_cabinet's top_region.",2111,9,True,True,False,True,True,True,True,True,True,False,nonpositive_interval;frame_assignment_not_exact,5d0b1cc3067df047f8c316d8492c1258949fd0ad73fd4a165cfef96e50c38d89,79,float64,7,float64
coffee_table/case116,coffee_table,case116,/ssd1/itaein/datasets/RoboCerebra/RoboCerebra_trainset/coffee_table/case116/demo.hdf5,RoboCerebra_trainset/coffee_table/case116/demo.hdf5,RoboCerebra_trainset/coffee_table/case116/case116.mp4,"The task involves preparing an experimental snack by combining tomato_sauce, cookies, and cream_cheese in a white_bowl retrieved from the coffee_table, with ingredients sourced from the coffee_table and white_cabinet, and mixing them together.",3260,11,True,True,True,True,True,True,True,True,True,True,,a60f7f0953b4f663673d8305c545123de00a8c236215eb1b5751146712a4ee51,90,float64,7,float64
coffee_table/case117,coffee_table,case117,/ssd1/itaein/datasets/RoboCerebra/RoboCerebra_trainset/coffee_table/case117/demo.hdf5,RoboCerebra_trainset/coffee_table/case117/demo.hdf5,RoboCerebra_trainset/coffee_table/case117/case117.mp4,"Prepare a mini meal display by arranging a porcelain mug with ketchup poured inside and alphabet soup on a wooden tray, while also placing cookies on the dining set group, using items from the coffee table.",2473,10,True,True,True,True,True,True,True,True,True,True,,ace3a185040e20313449c8676d2951222c8beb0bb88e2872b245320aba3f700a,99,float64,7,float64
coffee_table/case118,coffee_table,case118,/ssd1/itaein/datasets/RoboCerebra/RoboCerebra_trainset/coffee_table/case118/demo.hdf5,RoboCerebra_trainset/coffee_table/case118/demo.hdf5,RoboCerebra_trainset/coffee_table/case118/case118.mp4,"Arrange a beverage and snack display by positioning a wooden tray and a white storage box from the coffee table, using them to hold a wine bottle, orange juice in a glazed porcelain ramekin, and cookies.",3385,10,True,True,True,True,True,True,True,True,True,True,,fa18a5051c525226e52a125b7040223bb4852bc7a098b64e5f9fe1601bdbb30a,99,float64,7,float64
coffee_table/case119,coffee_table,case119,/ssd1/itaein/datasets/RoboCerebra/RoboCerebra_trainset/coffee_table/case119/demo.hdf5,RoboCerebra_trainset/coffee_table/case119/demo.hdf5,RoboCerebra_trainset/coffee_table/case119/case119.mp4,"Prepare a milk-filled white_yellow_mug and a wine-filled porcelain_mug, then store the cream_cheese in a basket.",2415,9,True,True,True,True,True,True,True,True,True,True,,3d53a651b71db02f5a02e412b4bdf3c7e0bc70c3394629e81083612fae58069f,112,float64,7,float64
coffee_table/case120,coffee_table,case120,/ssd1/itaein/datasets/RoboCerebra/RoboCerebra_trainset/coffee_table/case120/demo.hdf5,RoboCerebra_trainset/coffee_table/case120/demo.hdf5,RoboCerebra_trainset/coffee_table/case120/case120.mp4,"Prepare a beverage and dessert service by retrieving a white-yellow mug from a wooden cabinet, pouring wine from a wine bottle into the mug, and serving chocolate pudding in a white bowl, all facilitated using a coffee table.",2222,8,True,True,True,True,True,True,True,True,True,True,,059f7524c66b412db93204db05b8cb72e0403b54e6416fc46c7a42c2df06a9bb,90,float64,7,float64
coffee_table/case121,coffee_table,case121,/ssd1/itaein/datasets/RoboCerebra/RoboCerebra_trainset/coffee_table/case121/demo.hdf5,RoboCerebra_trainset/coffee_table/case121/demo.hdf5,RoboCerebra_trainset/coffee_table/case121/case121.mp4,"Create a breakfast setup scene by arranging objects — plate, cream_cheese, chefmate_8_frypan, alphabet_soup, and salad_dressing — onto appropriate surfaces like the dining_table and countertop while interacting with related storage spaces.",1426,6,True,True,True,True,True,True,True,True,True,True,,0e9f886d22c3ca531dad1a9cf15559eeb2a20aa5f9a1cdf9c68d99376e741ea3,103,float64,7,float64
coffee_table/case122,coffee_table,case122,/ssd1/itaein/datasets/RoboCerebra/RoboCerebra_trainset/coffee_table/case122/demo.hdf5,RoboCerebra_trainset/coffee_table/case122/demo.hdf5,RoboCerebra_trainset/coffee_table/case122/case122.mp4,"Prepare a dish by melting butter in a microwave, heating wine in a frypan retrieved from a wooden cabinet, and using available kitchen tools, including a coffee table, white bowl, and microwave.",3077,9,True,True,True,True,True,True,True,True,True,True,,e6e91d4cb5e5d88705b495e21306bbbfb49f1edcdfbc932342f573f224c9535f,92,float64,7,float64
coffee_table/case123,coffee_table,case123,/ssd1/itaein/datasets/RoboCerebra/RoboCerebra_trainset/coffee_table/case123/demo.hdf5,RoboCerebra_trainset/coffee_table/case123/demo.hdf5,RoboCerebra_trainset/coffee_table/case123/case123.mp4,"Prepare a warmed snack bowl by combining cookies and orange juice in a white bowl, then heating the bowl in the microwave.",2437,9,True,True,True,True,True,True,True,True,True,True,,bcb4dda1cf4ad4479931740df92b44b0f19da7a6c8e369d94b1079abf2ec33d7,73,float64,7,float64
coffee_table/case124,coffee_table,case124,/ssd1/itaein/datasets/RoboCerebra/RoboCerebra_trainset/coffee_table/case124/demo.hdf5,RoboCerebra_trainset/coffee_table/case124/demo.hdf5,RoboCerebra_trainset/coffee_table/case124/case124.mp4,"Organize kitchen items by emptying a wine_bottle on the coffee_table, storing a plate in the wooden_cabinet middle_region, and placing butter on the wooden_shelf top_region.",2063,8,True,True,True,True,True,True,True,True,True,True,,47069b306371e90578e9e164c7e39ebb44ef5ded2d660bbf045051d50284b630,77,float64,7,float64
coffee_table/case125,coffee_table,case125,/ssd1/itaein/datasets/RoboCerebra/RoboCerebra_trainset/coffee_table/case125/demo.hdf5,RoboCerebra_trainset/coffee_table/case125/demo.hdf5,RoboCerebra_trainset/coffee_table/case125/case125.mp4,"Prepare a savory snack plate by gathering butter, macaroni and cheese, and ketchup from a white cabinet and coffee table, combining them into a white-yellow mug and a glazed rim porcelain ramekin as directed.",2274,9,True,True,True,True,True,True,True,True,True,True,,3e3e3c7e794f0441a8781763b7616d463cffa1d6134fa16ffae95945c422b9e9,103,float64,7,float64
coffee_table/case126,coffee_table,case126,/ssd1/itaein/datasets/RoboCerebra/RoboCerebra_trainset/coffee_table/case126/demo.hdf5,RoboCerebra_trainset/coffee_table/case126/demo.hdf5,RoboCerebra_trainset/coffee_table/case126/case126.mp4,"Use a robotic arm to assemble a meal by transferring and placing various objects (chefmate_8_frypan, glazed_rim_porcelain_ramekin, white_bowl, tomato_sauce, bbq_sauce, and macaroni_and_cheese) from the coffee_table to designated locations (flat_stove cook_region, assembly_area, and chefmate_8_frypan) for preparation and serving.",2479,15,True,True,True,True,True,True,True,True,True,True,,e7ec051e5fd000337dc105311853a6b7813eafb136ab718ae7eb66c9a3cd3e1d,112,float64,7,float64
coffee_table/case127,coffee_table,case127,/ssd1/itaein/datasets/RoboCerebra/RoboCerebra_trainset/coffee_table/case127/demo.hdf5,RoboCerebra_trainset/coffee_table/case127/demo.hdf5,RoboCerebra_trainset/coffee_table/case127/case127.mp4,"Organize kitchen items by storing popcorn in the short cabinet, placing a white bowl with tomato sauce into the wooden two-layer shelf, and using the coffee table as the initial object location.",2147,7,True,True,True,True,True,True,True,True,True,True,,112a0844a8b9d4b665a7ccf5072c1cef09c223afbf6e0f09564de6c40595337d,77,float64,7,float64
coffee_table/case128,coffee_table,case128,/ssd1/itaein/datasets/RoboCerebra/RoboCerebra_trainset/coffee_table/case128/demo.hdf5,RoboCerebra_trainset/coffee_table/case128/demo.hdf5,RoboCerebra_trainset/coffee_table/case128/case128.mp4,"Organize the coffee_table by clearing the plate, moka_pot, and wine_bottle, storing them in designated cabinet regions, and prepare the flat_stove for use by turning it on and placing the moka_pot on it.",3479,9,True,True,True,True,True,True,True,True,True,True,,1956563ddc5882a3da360f328b735135ac609974bf68a1e3e26de20b71f68100,85,float64,7,float64
coffee_table/case129,coffee_table,case129,/ssd1/itaein/datasets/RoboCerebra/RoboCerebra_trainset/coffee_table/case129/demo.hdf5,RoboCerebra_trainset/coffee_table/case129/demo.hdf5,RoboCerebra_trainset/coffee_table/case129/case129.mp4,"Prepare a serving setup by turning on the flat stove in the cook region, opening the wooden cabinet in the top region, arranging a plate, mug, orange juice, tomato sauce, and moka pot from the coffee table, and placing items appropriately.",1716,8,True,True,True,True,True,True,True,True,True,True,,1f2c42cd7f6779752ff1647d9d130be399f8d0a07f98da292ea9b869751803a7,105,float64,7,float64
coffee_table/case130,coffee_table,case130,/ssd1/itaein/datasets/RoboCerebra/RoboCerebra_trainset/coffee_table/case130/demo.hdf5,RoboCerebra_trainset/coffee_table/case130/demo.hdf5,RoboCerebra_trainset/coffee_table/case130/case130.mp4,"Reorganize kitchen items by placing butter from a coffee_table into the wooden_cabinet top_region, transferring chocolate_pudding into a white_bowl, and relocating a chefmate_8_frypan to the wooden_shelf top_side.",2109,7,True,True,True,False,True,True,True,True,True,False,terminal_mismatch;frame_assignment_not_exact,78684049d27bb1d6d3915243202a1d026b51d3aa2ba600fcbfea3fb54403c92a,90,float64,7,float64
coffee_table/case131,coffee_table,case131,/ssd1/itaein/datasets/RoboCerebra/RoboCerebra_trainset/coffee_table/case131/demo.hdf5,RoboCerebra_trainset/coffee_table/case131/demo.hdf5,RoboCerebra_trainset/coffee_table/case131/case131.mp4,"Prepare a fusion dish by combining salad dressing, wine, and macaroni and cheese in an akita_black_bowl retrieved from a wooden cabinet and placed on a coffee_table.",2775,11,True,True,True,True,True,True,True,True,True,True,,de8f34f6053bc96258b67f5e6098655bdaa1e1f355749d17b85e6dae6b2728ce,90,float64,7,float64
coffee_table/case132,coffee_table,case132,/ssd1/itaein/datasets/RoboCerebra/RoboCerebra_trainset/coffee_table/case132/demo.hdf5,RoboCerebra_trainset/coffee_table/case132/demo.hdf5,RoboCerebra_trainset/coffee_table/case132/case132.mp4,Store the akita_black_bowl in the white_cabinet and mix wine from a wine_bottle with popcorn in a porcelain_mug on the coffee_table.,2523,7,True,True,True,False,True,True,True,True,True,False,terminal_mismatch;frame_assignment_not_exact,71ce5fff79aac2faf9fe7e0cf502445a134b6c1a3dcb25e116eedb088a7a96c6,90,float64,7,float64
coffee_table/case133,coffee_table,case133,/ssd1/itaein/datasets/RoboCerebra/RoboCerebra_trainset/coffee_table/case133/demo.hdf5,RoboCerebra_trainset/coffee_table/case133/demo.hdf5,RoboCerebra_trainset/coffee_table/case133/case133.mp4,"Prepare a snack platter by arranging cookies, butter, a ramekin containing macaroni and cheese on a plate retrieved from the coffee table.",2434,8,True,True,True,False,True,True,True,True,True,False,terminal_mismatch;frame_assignment_not_exact,e23c1b1ce3031c7e5a9ecabcac1f5501047b10a75e99284e4371fa473c83f8c1,97,float64,7,float64
coffee_table/case134,coffee_table,case134,/ssd1/itaein/datasets/RoboCerebra/RoboCerebra_trainset/coffee_table/case134/demo.hdf5,RoboCerebra_trainset/coffee_table/case134/demo.hdf5,RoboCerebra_trainset/coffee_table/case134/case134.mp4,"Combine chocolate pudding, milk, and butter into a white bowl to prepare a mixed dessert, using items from the coffee table and a short fridge.",2759,7,True,True,True,False,True,True,True,True,True,False,terminal_mismatch;frame_assignment_not_exact,cdd33078ad83d24d6581e7e3b5d3c8910eb56817e3229e3a43694e487a3cf51e,86,float64,7,float64
coffee_table/case135,coffee_table,case135,/ssd1/itaein/datasets/RoboCerebra/RoboCerebra_trainset/coffee_table/case135/demo.hdf5,RoboCerebra_trainset/coffee_table/case135/demo.hdf5,RoboCerebra_trainset/coffee_table/case135/case135.mp4,"The task involves using a flat_stove, chefmate_8_frypan, tomato_sauce, cream_cheese, and an akita_black_bowl to prepare a simple heated sauce dish by heating the sauce and transferring it to the bowl.",3067,7,True,True,True,False,True,True,True,True,True,False,terminal_mismatch;frame_assignment_not_exact,443fdff5338838f8a667483fad8d4bedd7ad28ba3332bbb26cabca75604c1b9c,86,float64,7,float64
coffee_table/case136,coffee_table,case136,/ssd1/itaein/datasets/RoboCerebra/RoboCerebra_trainset/coffee_table/case136/demo.hdf5,RoboCerebra_trainset/coffee_table/case136/demo.hdf5,RoboCerebra_trainset/coffee_table/case136/case136.mp4,"Assemble a dessert plate with chocolate pudding and cream cheese from the coffee table, pour wine into the dining set, then store the plate in the white storage box.",2522,9,True,True,True,False,True,True,True,True,True,False,terminal_mismatch;frame_assignment_not_exact,a64b519fc8714380c4bb2d36002c3dd44606c7f4e6e7ec6ca6244a124b2b931d,84,float64,7,float64
coffee_table/case137,coffee_table,case137,/ssd1/itaein/datasets/RoboCerebra/RoboCerebra_trainset/coffee_table/case137/demo.hdf5,RoboCerebra_trainset/coffee_table/case137/demo.hdf5,RoboCerebra_trainset/coffee_table/case137/case137.mp4,"Prepare a unique mixture by transferring cream_cheese from the wooden_cabinet to the akita_black_bowl, pouring wine from a wine_bottle into a chefmate_8_frypan, and combining the frypan's contents into a moka_pot, all using the coffee_table as a workspace.",1944,9,True,True,True,False,True,True,True,True,True,False,terminal_mismatch;frame_assignment_not_exact,87cdac6d689f502c3817cf393dc10cbd098be38277cf00a945507ae540444334,105,float64,7,float64
coffee_table/case138,coffee_table,case138,/ssd1/itaein/datasets/RoboCerebra/RoboCerebra_trainset/coffee_table/case138/demo.hdf5,RoboCerebra_trainset/coffee_table/case138/demo.hdf5,RoboCerebra_trainset/coffee_table/case138/case138.mp4,"Simulate a cooking preparation sequence by sequentially locating, manipulating, and relocating objects (white_bowl, tomato_sauce container, chefmate_8_frypan, akita_black_bowl, and wine_bottle) between specific locations (coffee_table, counter, and rack) to prepare ingredients and organize cookware.",1774,5,True,True,True,False,True,True,True,True,True,False,terminal_mismatch;frame_assignment_not_exact,351db37818ac68d45372c1625402f4f348dc7e9a8902aae265a11414f541e60e,110,float64,7,float64
coffee_table/case139,coffee_table,case139,/ssd1/itaein/datasets/RoboCerebra/RoboCerebra_trainset/coffee_table/case139/demo.hdf5,RoboCerebra_trainset/coffee_table/case139/demo.hdf5,RoboCerebra_trainset/coffee_table/case139/case139.mp4,Assemble a dessert and beverage display by arranging cookies and chocolate pudding on a plate at the display area and pouring wine from a wine bottle into an Akita black bowl after retrieving the necessary items from a white cabinet.,2329,8,True,True,True,False,True,True,True,True,True,False,terminal_mismatch;frame_assignment_not_exact,820e64cfb52b8f3f16c7871b11fc6d320600f9707809ad431eb19334b55765a4,103,float64,7,float64
coffee_table/case140,coffee_table,case140,/ssd1/itaein/datasets/RoboCerebra/RoboCerebra_trainset/coffee_table/case140/demo.hdf5,RoboCerebra_trainset/coffee_table/case140/demo.hdf5,RoboCerebra_trainset/coffee_table/case140/case140.mp4,"The task involves using a robotic arm to organize popcorn from a coffee_table into a white_cabinet's top_region, prepare a chefmate_8_frypan from the coffee_table onto a wooden_tray's contain_region, and open the respective storage areas (white_cabinet and microwave) as needed.",3360,6,True,True,True,True,True,True,True,True,True,True,,a613d368a6d3ec18605d288bf508cbf452e5bb47ec89dfad486992fbbb59353a,79,float64,7,float64
coffee_table/case141,coffee_table,case141,/ssd1/itaein/datasets/RoboCerebra/RoboCerebra_trainset/coffee_table/case141/demo.hdf5,RoboCerebra_trainset/coffee_table/case141/demo.hdf5,RoboCerebra_trainset/coffee_table/case141/case141.mp4,"Set up a serving arrangement by storing cookies in the white cabinet, positioning cream cheese onto a porcelain mug, and pouring out milk near the mug, using cookies, cream cheese, milk, a porcelain mug, a coffee table, and a white cabinet.",2749,9,True,True,True,True,True,True,True,True,True,True,,d513b2382f8c08d1dbddc7db0d4052e04c17f809f3f3b3f8c94f73a2eeccd6c4,90,float64,7,float64
coffee_table/case142,coffee_table,case142,/ssd1/itaein/datasets/RoboCerebra/RoboCerebra_trainset/coffee_table/case142/demo.hdf5,RoboCerebra_trainset/coffee_table/case142/demo.hdf5,RoboCerebra_trainset/coffee_table/case142/case142.mp4,"Prepare a cream cheese bowl by placing cream cheese into a white bowl from the coffee table, and store the wine bottle from the coffee table into the top region of the wine rack.",2182,6,True,True,True,True,True,True,True,True,True,True,,9dcc62ea1d49a4da149bc164bcf99ce9460806d38c1d8c9cb6d076bfc0ba0668,77,float64,7,float64
coffee_table/case143,coffee_table,case143,/ssd1/itaein/datasets/RoboCerebra/RoboCerebra_trainset/coffee_table/case143/demo.hdf5,RoboCerebra_trainset/coffee_table/case143/demo.hdf5,RoboCerebra_trainset/coffee_table/case143/case143.mp4,The task involves storing cookies from the coffee_table into the short_cabinet and preparing a beverage by pouring wine from a wine_bottle into a porcelain_mug.,2333,5,True,True,True,True,True,True,True,True,True,True,,66b694c352e2428d2f5f274c9f925b18384926a2be4dfc0f1c76601475645e65,77,float64,7,float64
coffee_table/case144,coffee_table,case144,/ssd1/itaein/datasets/RoboCerebra/RoboCerebra_trainset/coffee_table/case144/demo.hdf5,RoboCerebra_trainset/coffee_table/case144/demo.hdf5,RoboCerebra_trainset/coffee_table/case144/case144.mp4,"Prepare a heated macaroni dish by combining macaroni_and_cheese, tomato_sauce, and new_salad_dressing, heating them in a microwave, and serving the heated_macaroni_dish in a white_bowl from the coffee_table.",4976,14,True,True,True,True,True,True,True,True,True,True,,67df481f8efabeec7069580a0f4d31ff6124dfd1b9ebec7025dbf84faf84727d,86,float64,7,float64
coffee_table/case145,coffee_table,case145,/ssd1/itaein/datasets/RoboCerebra/RoboCerebra_trainset/coffee_table/case145/demo.hdf5,RoboCerebra_trainset/coffee_table/case145/demo.hdf5,RoboCerebra_trainset/coffee_table/case145/case145.mp4,"Organize by storing a porcelain mug in the top region of a white cabinet, placing a rack on top of the white cabinet, and arranging a chefmate 8-inch frypan on the rack.",3778,7,True,True,True,True,True,True,True,True,True,True,,a19c1d9a8b70211365aff8810ebc6e451797768bdaab3d6070aaa807ed99d987,77,float64,7,float64
coffee_table/case146,coffee_table,case146,/ssd1/itaein/datasets/RoboCerebra/RoboCerebra_trainset/coffee_table/case146/demo.hdf5,RoboCerebra_trainset/coffee_table/case146/demo.hdf5,RoboCerebra_trainset/coffee_table/case146/case146.mp4,The task involves transferring butter from the coffee_table to a basket using a white_bowl and pouring wine from a wine_bottle into a moka_pot.,2601,8,True,True,True,True,True,True,True,True,True,True,,1aef3942ca843a30361c160976ce6ffefb2069832040aa9cdf54ffe6b1b069fd,97,float64,7,float64
coffee_table/case147,coffee_table,case147,/ssd1/itaein/datasets/RoboCerebra/RoboCerebra_trainset/coffee_table/case147/demo.hdf5,RoboCerebra_trainset/coffee_table/case147/demo.hdf5,RoboCerebra_trainset/coffee_table/case147/case147.mp4,"Organize dairy items (butter and cream cheese) by storing them in specific regions of the white cabinet, dispose of orange juice by pouring it out, and relocate the wine bottle to the dining set group from the coffee table.",2492,10,True,True,True,True,True,True,True,True,True,True,,de5d0d7458f6b08a3b9b330f1fd7ad32aa1b6d93cc5e994ef3a1d1e053e2802e,90,float64,7,float64
coffee_table/case148,coffee_table,case148,/ssd1/itaein/datasets/RoboCerebra/RoboCerebra_trainset/coffee_table/case148/demo.hdf5,RoboCerebra_trainset/coffee_table/case148/demo.hdf5,RoboCerebra_trainset/coffee_table/case148/case148.mp4,"Prepare a snack arrangement by placing cookies and butter into an akita_black_bowl retrieved from the short_cabinet, setting the bowl onto the coffee_table, and turning on the flat_stove while handling ketchup.",2559,11,True,True,True,True,True,True,True,True,True,True,,5a89eec8088f7702b03b658b5dbf2335f3cf5f29e5ae8c5c1ebe956d9e0de028,92,float64,7,float64
coffee_table/case149,coffee_table,case149,/ssd1/itaein/datasets/RoboCerebra/RoboCerebra_trainset/coffee_table/case149/demo.hdf5,RoboCerebra_trainset/coffee_table/case149/demo.hdf5,RoboCerebra_trainset/coffee_table/case149/case149.mp4,"Organize ingredients for cooking preparation by transferring butter into the short_fridge, white_bowl onto the counter, and pouring salad_dressing into the white_bowl and bbq_sauce into the chefmate_8_frypan from the coffee_table.",3144,8,True,True,True,True,True,True,True,True,True,True,,73d06e7fe784b37198c365b3ce87224236911f13e3e705bd2f8cd1acec341170,99,float64,7,float64
coffee_table/case150,coffee_table,case150,/ssd1/itaein/datasets/RoboCerebra/RoboCerebra_trainset/coffee_table/case150/demo.hdf5,RoboCerebra_trainset/coffee_table/case150/demo.hdf5,RoboCerebra_trainset/coffee_table/case150/case150.mp4,"The task is to prepare a snack by combining cookies, BBQ sauce, and popcorn in a white-yellow mug, and to warm up the cooking appliance by turning on the flat stove.",4341,13,True,True,True,True,True,True,True,True,True,True,,1258b3e4c2d0e2b2a7c5579d5eb709f3bcf5c14bce2d8d1536984077188cd4db,92,float64,7,float64
coffee_table/case151,coffee_table,case151,/ssd1/itaein/datasets/RoboCerebra/RoboCerebra_trainset/coffee_table/case151/demo.hdf5,RoboCerebra_trainset/coffee_table/case151/demo.hdf5,RoboCerebra_trainset/coffee_table/case151/case151.mp4,Prepare a snack bowl by combining cookies and milk in a white bowl and store a wine bottle in the upper region of a short fridge.,2587,8,True,True,True,True,True,True,True,True,True,True,,ebd61d0c63944fe591c221256cd721ff3738a8e4965971fcdb33fb2dcdff6c12,86,float64,7,float64
coffee_table/case152,coffee_table,case152,/ssd1/itaein/datasets/RoboCerebra/RoboCerebra_trainset/coffee_table/case152/demo.hdf5,RoboCerebra_trainset/coffee_table/case152/demo.hdf5,RoboCerebra_trainset/coffee_table/case152/case152.mp4,"Prepare a fancy snack by arranging butter and salad dressing on a wooden tray, transferring butter and cream cheese to a plate, and positioning a red coffee mug on the coffee table, using objects such as a wooden tray, coffee table, plate, flat stove, butter, salad dressing, cream cheese, and red coffee mug.",2585,12,True,True,True,True,True,True,True,True,True,True,,33ddeb6d6b6398e770414b0151590d732c1a0614c77f6c74ed37d6e6703b793a,112,float64,7,float64
coffee_table/case153,coffee_table,case153,/ssd1/itaein/datasets/RoboCerebra/RoboCerebra_trainset/coffee_table/case153/demo.hdf5,RoboCerebra_trainset/coffee_table/case153/demo.hdf5,RoboCerebra_trainset/coffee_table/case153/case153.mp4,"Pour milk from the coffee table into a porcelain mug and set the mug on a plate, which is placed on the coffee table.",1742,6,True,True,True,True,True,True,True,True,True,True,,71860ef7733a23db5b9c8d06de03d332d2dbf51b945d161e7e009bb719e0f183,77,float64,7,float64
coffee_table/case154,coffee_table,case154,/ssd1/itaein/datasets/RoboCerebra/RoboCerebra_trainset/coffee_table/case154/demo.hdf5,RoboCerebra_trainset/coffee_table/case154/demo.hdf5,RoboCerebra_trainset/coffee_table/case154/case154.mp4,"The task involves using a robotic arm to transfer cookies, cream cheese, bbq sauce, a frying pan, and a wine bottle between a coffee table, plate, microwave, basket, and wooden shelf to facilitate food preparation and organization.",3923,14,True,True,True,True,True,True,True,True,True,True,,0879bf32d62138f4c01e8d3fa41b15fea10b0d8579a091a15bbfadd933a74c8d,125,float64,7,float64
coffee_table/case155,coffee_table,case155,/ssd1/itaein/datasets/RoboCerebra/RoboCerebra_trainset/coffee_table/case155/demo.hdf5,RoboCerebra_trainset/coffee_table/case155/demo.hdf5,RoboCerebra_trainset/coffee_table/case155/case155.mp4,"Set up a dinner serving scene by arranging items including a red coffee mug, chefmate frypan, new salad dressing, wine bottle, milk, and utensils on a dining table, wooden tray, and relevant storage or preparation areas like a wooden cabinet, coffee table, and microwave.",2577,6,True,True,True,True,True,True,True,True,True,True,,aa985c27d04c592f442643589fa06546c3c1a77ade483961b876f7d75fd56cef,131,float64,7,float64
coffee_table/case156,coffee_table,case156,/ssd1/itaein/datasets/RoboCerebra/RoboCerebra_trainset/coffee_table/case156/demo.hdf5,RoboCerebra_trainset/coffee_table/case156/demo.hdf5,RoboCerebra_trainset/coffee_table/case156/case156.mp4,"The task involves combining macaroni_and_cheese, salad_dressing, and milk into a white_bowl and white_yellow_mug, respectively, while also preparing the microwave by opening it.",2328,9,True,True,True,True,True,True,True,True,True,True,,05ed883537a5db68c28a989cd6d30a410a3f2cd75b1fa46a88751c76b75f5d47,99,float64,7,float64
coffee_table/case157,coffee_table,case157,/ssd1/itaein/datasets/RoboCerebra/RoboCerebra_trainset/coffee_table/case157/demo.hdf5,RoboCerebra_trainset/coffee_table/case157/demo.hdf5,RoboCerebra_trainset/coffee_table/case157/case157.mp4,"The task involves preparing a heated chocolate pudding topped with cream cheese by transferring chocolate pudding into an akita_black_bowl, heating it in a microwave, and adding cream cheese as a topping.",2068,10,True,True,True,True,True,True,True,True,True,True,,d8da7fc6be1bfc5f8f7467d01baf138f19f2b12439e982527604155bec0975c0,73,float64,7,float64
coffee_table/case158,coffee_table,case158,/ssd1/itaein/datasets/RoboCerebra/RoboCerebra_trainset/coffee_table/case158/demo.hdf5,RoboCerebra_trainset/coffee_table/case158/demo.hdf5,RoboCerebra_trainset/coffee_table/case158/case158.mp4,"The task involves using a robotic arm to manipulate various objects—white_storage_box, plate, chefmate_8_frypan, orange_juice container, and wine_bottle—for actions such as transporting, inserting, pouring, and placing, primarily on the coffee_table, rack, and white_storage_box.",3071,10,True,True,True,True,True,True,True,True,True,True,,c288785a1b80f3b22778273c6fa4766a716d39b612db4bee43a2230ae9eca642,97,float64,7,float64
coffee_table/case159,coffee_table,case159,/ssd1/itaein/datasets/RoboCerebra/RoboCerebra_trainset/coffee_table/case159/demo.hdf5,RoboCerebra_trainset/coffee_table/case159/demo.hdf5,RoboCerebra_trainset/coffee_table/case159/case159.mp4,Prepare a serving setup by storing cookies in the wooden_cabinet and combining tomato_sauce with the akita_black_bowl before placing it on the wooden_tray.,2173,8,True,True,True,True,True,True,True,True,True,True,,d9bd1ad9e3f78a9f31b1ce75742422aeaecdd5f30272569202ff1efabcca2567,90,float64,7,float64
coffee_table/case160,coffee_table,case160,/ssd1/itaein/datasets/RoboCerebra/RoboCerebra_trainset/coffee_table/case160/demo.hdf5,RoboCerebra_trainset/coffee_table/case160/demo.hdf5,RoboCerebra_trainset/coffee_table/case160/case160.mp4,"Prepare a dessert by combining chocolate pudding and wine in a white bowl, using items retrieved from a wooden cabinet, coffee table, and fridge.",2768,9,True,True,True,True,True,True,True,True,True,True,,b25defb6f442eb6b5e21f2c09da07937406b9df556e1ce4cd1b32685057d8744,79,float64,7,float64
coffee_table/case161,coffee_table,case161,/ssd1/itaein/datasets/RoboCerebra/RoboCerebra_trainset/coffee_table/case161/demo.hdf5,RoboCerebra_trainset/coffee_table/case161/demo.hdf5,RoboCerebra_trainset/coffee_table/case161/case161.mp4,The task involves heating alphabet soup in a microwave and preparing a plate with a drizzle of new salad dressing and BBQ sauce for serving.,1904,7,True,True,True,True,True,True,True,True,True,True,,59d5c1eabe0d41d53430d414ae4954ad1708acedb3992d2127a52a88c7a0e6c2,86,float64,7,float64
coffee_table/case162,coffee_table,case162,/ssd1/itaein/datasets/RoboCerebra/RoboCerebra_trainset/coffee_table/case162/demo.hdf5,RoboCerebra_trainset/coffee_table/case162/demo.hdf5,RoboCerebra_trainset/coffee_table/case162/case162.mp4,"Prepare a mixed liquid in a white bowl by combining salad dressing and orange juice, and arrange the chefmate frypan on the microwave's heating region for heating.",2579,8,True,True,True,True,True,True,True,True,True,True,,1c4f3b1ccc11089d35fafde80c82c7e14fe2368cce6214bee550f1239dcdd73b,86,float64,7,float64
coffee_table/case163,coffee_table,case163,/ssd1/itaein/datasets/RoboCerebra/RoboCerebra_trainset/coffee_table/case163/demo.hdf5,RoboCerebra_trainset/coffee_table/case163/demo.hdf5,RoboCerebra_trainset/coffee_table/case163/case163.mp4,The task involves heating macaroni_and_cheese in the microwave and preparing a quick meal and snack by placing the macaroni_and_cheese on a plate and pouring salad_dressing over cookies.,2812,10,True,True,False,True,True,True,True,True,True,False,nonpositive_interval;frame_assignment_not_exact,596f4506e0b0ea418edb582b0ff49b5ee90117892c654fa76ac976973257e828,86,float64,7,float64
coffee_table/case164,coffee_table,case164,/ssd1/itaein/datasets/RoboCerebra/RoboCerebra_trainset/coffee_table/case164/demo.hdf5,RoboCerebra_trainset/coffee_table/case164/demo.hdf5,RoboCerebra_trainset/coffee_table/case164/case164.mp4,"Prepare a simple dish by combining cream cheese in a white bowl and heating milk with a Chefmate 8"" frypan on a flat stove in the cook region.",2439,9,True,True,True,True,True,True,True,True,True,True,,52ca3e46a2924fdce8799bc322e4e3337f052a00de3236ee8b0b624885d95919,86,float64,7,float64
coffee_table/case165,coffee_table,case165,/ssd1/itaein/datasets/RoboCerebra/RoboCerebra_trainset/coffee_table/case165/demo.hdf5,RoboCerebra_trainset/coffee_table/case165/demo.hdf5,RoboCerebra_trainset/coffee_table/case165/case165.mp4,"The task involves using a robotic arm with a gripper to sequentially manipulate various objects (white_bowl, chefmate_8_frypan, white_yellow_mug, wine_bottle, chocolate_pudding) by grasping, lifting, moving, and releasing them into specified locations (wooden_tray, rack, table, white_yellow_mug, bowl_drainer) following detailed steps for each object.",2357,10,True,True,True,True,True,True,True,True,True,True,,095ba5602405b146aad86fd6b0c068b1b09b20f67724b21c265adf67350cae38,123,float64,7,float64
coffee_table/case166,coffee_table,case166,/ssd1/itaein/datasets/RoboCerebra/RoboCerebra_trainset/coffee_table/case166/demo.hdf5,RoboCerebra_trainset/coffee_table/case166/demo.hdf5,RoboCerebra_trainset/coffee_table/case166/case166.mp4,"Arrange popcorn, cookies, and wine on a plate on the coffee table using coordinated hand movements with respective objects for a snack display.",1977,7,True,True,True,True,True,True,True,True,True,True,,3bc5a0c53caba426575cec2a35caaa4911bdb9e5be935aa7d3955f9b2bcf2ad3,97,float64,7,float64
coffee_table/case167,coffee_table,case167,/ssd1/itaein/datasets/RoboCerebra/RoboCerebra_trainset/coffee_table/case167/demo.hdf5,RoboCerebra_trainset/coffee_table/case167/demo.hdf5,RoboCerebra_trainset/coffee_table/case167/case167.mp4,"Prepare a dessert mixture by combining cookies, milk, and butter from the coffee table into a white bowl after accessing the short cabinet in the middle region.",2236,9,True,True,True,True,True,True,True,True,True,True,,2d9f07706764614582a7e20c2eff95a77552c4519fed0a7487046e252814d3cc,90,float64,7,float64
coffee_table/case168,coffee_table,case168,/ssd1/itaein/datasets/RoboCerebra/RoboCerebra_trainset/coffee_table/case168/demo.hdf5,RoboCerebra_trainset/coffee_table/case168/demo.hdf5,RoboCerebra_trainset/coffee_table/case168/case168.mp4,"Organize butter, cookies, and a frypan from the coffee_table by placing them into specified regions of a short_cabinet and a bowl_drainer for storage.",2051,6,True,True,True,True,True,True,True,True,True,True,,5d589b0899462634187319ea70c698f5d6b45b6c784cfa11a1a6e9754dcf9d59,77,float64,7,float64
coffee_table/case169,coffee_table,case169,/ssd1/itaein/datasets/RoboCerebra/RoboCerebra_trainset/coffee_table/case169/demo.hdf5,RoboCerebra_trainset/coffee_table/case169/demo.hdf5,RoboCerebra_trainset/coffee_table/case169/case169.mp4,"Store a chocolate pudding in the top side of the white cabinet, prepare for cooking by placing a frypan on the flat stove, and pour wine from a wine bottle into an Akita black bowl.",2410,7,True,True,True,True,True,True,True,True,True,True,,a058f4bbf7fadf9534c3e4401277e5809394e7b1fee45c87bf70d93c0cb6844f,92,float64,7,float64
coffee_table/case170,coffee_table,case170,/ssd1/itaein/datasets/RoboCerebra/RoboCerebra_trainset/coffee_table/case170/demo.hdf5,RoboCerebra_trainset/coffee_table/case170/demo.hdf5,RoboCerebra_trainset/coffee_table/case170/case170.mp4,"Prepare a sauce mixture by combining tomato sauce and butter in the chefmate_8_frypan placed in the cooking area, while storing popcorn in the white_storage_box for later use.",1743,8,True,True,True,True,True,True,True,True,True,True,,78099783abc99cfa6385f2e8951dd2434ea66181da5a493ea48f61d540516a83,84,float64,7,float64
coffee_table/case171,coffee_table,case171,/ssd1/itaein/datasets/RoboCerebra/RoboCerebra_trainset/coffee_table/case171/demo.hdf5,RoboCerebra_trainset/coffee_table/case171/demo.hdf5,RoboCerebra_trainset/coffee_table/case171/case171.mp4,Heat tomato sauce in a porcelain mug using a microwave and store cookies on the top region of a wooden two-layer shelf.,2145,8,True,True,True,True,True,True,True,True,True,True,,1b876d421d0562a894e17e17cfbf5f43d445146cc6627db0d55a7b5f0a38f191,73,float64,7,float64
coffee_table/case172,coffee_table,case172,/ssd1/itaein/datasets/RoboCerebra/RoboCerebra_trainset/coffee_table/case172/demo.hdf5,RoboCerebra_trainset/coffee_table/case172/demo.hdf5,RoboCerebra_trainset/coffee_table/case172/case172.mp4,"Organize and prepare kitchen items, including chefmate_8_frypan, moka_pot, white_yellow_mug, wine_bottle, tomato_sauce, and macaroni_and_cheese, by interacting with the coffee_table, short_fridge, and white_storage_box for a creative kitchen setup.",1385,5,True,True,True,True,True,True,True,True,True,True,,70ba76144236df971955dd0483f558d26804af98114ce85324098dff735e624a,112,float64,7,float64
coffee_table/case173,coffee_table,case173,/ssd1/itaein/datasets/RoboCerebra/RoboCerebra_trainset/coffee_table/case173/demo.hdf5,RoboCerebra_trainset/coffee_table/case173/demo.hdf5,RoboCerebra_trainset/coffee_table/case173/case173.mp4,"The task involves preparing a dish by mixing butter, ketchup, and macaroni_and_cheese in a white_bowl, transferring the mixture to a chefmate_8_frypan placed on a flat_stove, and cooking it.",3781,15,True,True,True,True,True,True,True,True,True,True,,b83387ff3ef3a8a74f7b5d5dad5956277a8834c571b1281e59e7d85d32476a7f,99,float64,7,float64
coffee_table/case174,coffee_table,case174,/ssd1/itaein/datasets/RoboCerebra/RoboCerebra_trainset/coffee_table/case174/demo.hdf5,RoboCerebra_trainset/coffee_table/case174/demo.hdf5,RoboCerebra_trainset/coffee_table/case174/case174.mp4,"Prepare a warmed dish by combining cream cheese and salad dressing in a glazed-rim porcelain ramekin, using a flat stove for heating.",2423,10,True,False,False,True,True,True,True,True,True,False,nonpositive_interval;gap_or_overlap;frame_assignment_not_exact,c23213017c6b36ab2dc5794358ea93edb3cf9a8afa05cf4be1822802964d1773,79,float64,7,float64
coffee_table/case175,coffee_table,case175,/ssd1/itaein/datasets/RoboCerebra/RoboCerebra_trainset/coffee_table/case175/demo.hdf5,RoboCerebra_trainset/coffee_table/case175/demo.hdf5,RoboCerebra_trainset/coffee_table/case175/case175.mp4,"Prepare a microwaved dish by assembling cream cheese and BBQ sauce on a plate from the coffee table, placing the plate in the microwave at the top side, and starting the microwave.",2005,8,True,True,True,True,True,True,True,True,True,True,,ba7b3bf3925ab5bdeba3bbdadd5331f78d114192a00036c82641c89cb40b37db,73,float64,7,float64
coffee_table/case176,coffee_table,case176,/ssd1/itaein/datasets/RoboCerebra/RoboCerebra_trainset/coffee_table/case176/demo.hdf5,RoboCerebra_trainset/coffee_table/case176/demo.hdf5,RoboCerebra_trainset/coffee_table/case176/case176.mp4,"Organize and store various kitchen items, including cookies, mugs, a frypan, and a moka pot, from the coffee_table into designated areas of the white_cabinet, white_storage_box, and microwave while pouring out and returning the wine_bottle to the coffee_table.",4730,14,True,True,True,True,True,True,True,True,True,True,,6e152db507c019cd33a5d0d24a44f235db6ea3495765733e88daae02179c1d99,118,float64,7,float64
coffee_table/case177,coffee_table,case177,/ssd1/itaein/datasets/RoboCerebra/RoboCerebra_trainset/coffee_table/case177/demo.hdf5,RoboCerebra_trainset/coffee_table/case177/demo.hdf5,RoboCerebra_trainset/coffee_table/case177/case177.mp4,Prepare a heated popcorn and butter snack using a microwave and organize a wine bottle on the wine rack for beverage storage.,2887,11,True,True,True,True,True,True,True,True,True,True,,108bed0678c7c2d795940f5fdc09c5f1d04b2fbe738402c6b6290cd8a767cd33,86,float64,7,float64
coffee_table/case178,coffee_table,case178,/ssd1/itaein/datasets/RoboCerebra/RoboCerebra_trainset/coffee_table/case178/demo.hdf5,RoboCerebra_trainset/coffee_table/case178/demo.hdf5,RoboCerebra_trainset/coffee_table/case178/case178.mp4,"The task involves organizing items on the coffee_table by placing the popcorn and akita_black_bowl into specific regions of the wooden_cabinet, and pouring out the liquid from the wine_bottle.",1792,7,True,True,True,True,True,True,True,True,True,True,,0166f0f3231edc41b76fb1ad467c56b45dd8377ddc3667efc7b05ab00f50ac25,79,float64,7,float64
coffee_table/case179,coffee_table,case179,/ssd1/itaein/datasets/RoboCerebra/RoboCerebra_trainset/coffee_table/case179/demo.hdf5,RoboCerebra_trainset/coffee_table/case179/demo.hdf5,RoboCerebra_trainset/coffee_table/case179/case179.mp4,"Organize kitchen items by placing cream_cheese into the white_cabinet middle_region, akita_black_bowl into the wooden_two_layer_shelf top_side, and chefmate_8_frypan onto the rack after retrieving each from the coffee_table.",2114,7,True,True,True,True,True,True,True,True,True,True,,96ab68ba7078bea8942c9ca5681635a3032cce334f652236f187a2fccff6b4d6,92,float64,7,float64
coffee_table/case180,coffee_table,case180,/ssd1/itaein/datasets/RoboCerebra/RoboCerebra_trainset/coffee_table/case180/demo.hdf5,RoboCerebra_trainset/coffee_table/case180/demo.hdf5,RoboCerebra_trainset/coffee_table/case180/case180.mp4,"The task involves using kitchenware to mix new_salad_dressing and wine in an akita_black_bowl, then draining the mixture into a bowl_drainer.",2326,11,True,True,True,True,True,True,True,True,True,True,,883db03c37601e01f5b4580b63e44894a692c0b1d83ffc2db103f356d58a1740,77,float64,7,float64
coffee_table/case181,coffee_table,case181,/ssd1/itaein/datasets/RoboCerebra/RoboCerebra_trainset/coffee_table/case181/demo.hdf5,RoboCerebra_trainset/coffee_table/case181/demo.hdf5,RoboCerebra_trainset/coffee_table/case181/case181.mp4,Prepare a heated macaroni and cheese dish using a chefmate_8_frypan on a flat stove and assemble a side salad with new_salad_dressing in a white_bowl.,2822,11,True,True,True,True,True,True,True,True,True,True,,b2ee57594409ef84b1b3e943c38a086bc2a215c0a7bde08422bc66b3f9c0f946,99,float64,7,float64
coffee_table/case182,coffee_table,case182,/ssd1/itaein/datasets/RoboCerebra/RoboCerebra_trainset/coffee_table/case182/demo.hdf5,RoboCerebra_trainset/coffee_table/case182/demo.hdf5,RoboCerebra_trainset/coffee_table/case182/case182.mp4,The task involves preparing a white bowl with butter from a wooden cabinet and placing a frypan on a microwave for heating purposes.,2107,5,True,True,True,True,True,True,True,True,True,True,,df8e24cac9a5ca93670c3d5476a57a604018c3c193b832c3d39d224f43676789,79,float64,7,float64
coffee_table/case183,coffee_table,case183,/ssd1/itaein/datasets/RoboCerebra/RoboCerebra_trainset/coffee_table/case183/demo.hdf5,RoboCerebra_trainset/coffee_table/case183/demo.hdf5,RoboCerebra_trainset/coffee_table/case183/case183.mp4,"Combine milk, salad dressing, and wine into the akita_black_bowl to prepare a mixed container using items from the coffee_table and storage regions (short_fridge and wine_rack).",2750,10,True,True,True,True,True,True,True,True,True,True,,6962dc3a04e87b369a3a97906ffe630a751d97bba4b71dfb0b6beb48b1721311,86,float64,7,float64
coffee_table/case184,coffee_table,case184,/ssd1/itaein/datasets/RoboCerebra/RoboCerebra_trainset/coffee_table/case184/demo.hdf5,RoboCerebra_trainset/coffee_table/case184/demo.hdf5,RoboCerebra_trainset/coffee_table/case184/case184.mp4,"The task involves preparing a warmed dessert by combining chocolate pudding and cream cheese into a white bowl, placing it in a microwave for heating, while also moving a red coffee mug to the counter.",2345,9,True,True,True,True,True,True,True,True,True,True,,b030c9e4edcdf3b30fa7e3ad62a61198f0a7429c169d1853c5518a85e0e47420,88,float64,7,float64
coffee_table/case185,coffee_table,case185,/ssd1/itaein/datasets/RoboCerebra/RoboCerebra_trainset/coffee_table/case185/demo.hdf5,RoboCerebra_trainset/coffee_table/case185/demo.hdf5,RoboCerebra_trainset/coffee_table/case185/case185.mp4,"Organize items by storing cream_cheese in the wooden_cabinet top_region, prepare a glazed_rim_porcelain_ramekin with salad_dressing, and pour wine from a wine_bottle into an akita_black_bowl for a creative arrangement.",1308,7,True,True,True,True,True,True,True,True,True,True,,9c38bd50a94001a8137f8608625d5138e862cea1f1181fd50ec9cd962b2464ce,103,float64,7,float64
coffee_table/case186,coffee_table,case186,/ssd1/itaein/datasets/RoboCerebra/RoboCerebra_trainset/coffee_table/case186/demo.hdf5,RoboCerebra_trainset/coffee_table/case186/demo.hdf5,RoboCerebra_trainset/coffee_table/case186/case186.mp4,"Warm up a mixed meal by transferring macaroni and cheese and tomato sauce into a white bowl, then placing the bowl into the microwave for heating.",3232,11,True,True,True,True,True,True,True,True,True,True,,61159b8d8a18081ad70197fa5cf408c6183e68522ed6c90b1ff96452525b78b2,79,float64,7,float64
coffee_table/case187,coffee_table,case187,/ssd1/itaein/datasets/RoboCerebra/RoboCerebra_trainset/coffee_table/case187/demo.hdf5,RoboCerebra_trainset/coffee_table/case187/demo.hdf5,RoboCerebra_trainset/coffee_table/case187/case187.mp4,"Set up a culinary assembly by retrieving and organizing the plate, porcelain mug, moka pot, wine bottle, and tomato sauce from various locations, preparing the counter workspace, and initiating the flat stove for cooking.",2252,8,True,True,True,True,True,True,True,True,True,True,,3f9315af4c76ffc3f6094667ee2b445b5bd287ccf91d27a3d5d38a88bf1f3942,105,float64,7,float64
coffee_table/case188,coffee_table,case188,/ssd1/itaein/datasets/RoboCerebra/RoboCerebra_trainset/coffee_table/case188/demo.hdf5,RoboCerebra_trainset/coffee_table/case188/demo.hdf5,RoboCerebra_trainset/coffee_table/case188/case188.mp4,"Organize kitchen items, including a white_bowl, red_coffee_mug, milk, and a moka_pot, by rearranging them across a white_cabinet, coffee_table, and rack to facilitate quick beverage preparation.",2212,8,True,True,True,True,True,True,True,True,True,True,,ed28461a9483e7e2d9c4b7d4e373db688da863a7e598eef450edd385cd2f9c44,103,float64,7,float64
coffee_table/case189,coffee_table,case189,/ssd1/itaein/datasets/RoboCerebra/RoboCerebra_trainset/coffee_table/case189/demo.hdf5,RoboCerebra_trainset/coffee_table/case189/demo.hdf5,RoboCerebra_trainset/coffee_table/case189/case189.mp4,"Prepare a refreshing drink by pouring wine from a wine_bottle into a white_yellow_mug and arranging a chocolate_pudding on a wooden_tray, all on a coffee_table.",860,5,True,True,True,True,True,True,True,True,True,True,,dae2b618f99ba3977c80e2f13c4b20e2dc3b5757f23a25b88009a545520b2abb,84,float64,7,float64
coffee_table/case190,coffee_table,case190,/ssd1/itaein/datasets/RoboCerebra/RoboCerebra_trainset/coffee_table/case190/demo.hdf5,RoboCerebra_trainset/coffee_table/case190/demo.hdf5,RoboCerebra_trainset/coffee_table/case190/case190.mp4,"Organize kitchen items by pouring wine from a wine_bottle onto a coffee_table, then placing it back, and relocating a glazed_rim_porcelain_ramekin, white_yellow_mug, and alphabet_soup to specific storage areas or locations for proper arrangement.",2910,10,True,True,True,True,True,True,True,True,True,True,,fccf7250abc232147a61b0562993f7b5a8f3163a984e6487e13e13c52c35f023,98,float64,7,float64
coffee_table/case191,coffee_table,case191,/ssd1/itaein/datasets/RoboCerebra/RoboCerebra_trainset/coffee_table/case191/demo.hdf5,RoboCerebra_trainset/coffee_table/case191/demo.hdf5,RoboCerebra_trainset/coffee_table/case191/case191.mp4,"Organize snack items by transferring cookies from the coffee_table to the basket, popcorn to the white_bowl, pouring and returning the wine_bottle to the coffee_table, and placing the red_coffee_mug into the white_cabinet after opening it.",1653,9,True,True,True,True,True,True,True,True,True,True,,89d6384973c77d92ff567ab5db1c8e8179ffa3075d1f37b1947cbe825a9cd401,116,float64,7,float64
coffee_table/case192,coffee_table,case192,/ssd1/itaein/datasets/RoboCerebra/RoboCerebra_trainset/coffee_table/case192/demo.hdf5,RoboCerebra_trainset/coffee_table/case192/demo.hdf5,RoboCerebra_trainset/coffee_table/case192/case192.mp4,"The task involves using a robotic arm to arrange culinary items such as a wine bottle, frypan, red coffee mug, salad dressing, butter, and cookies on a table by retrieving them from various locations, as well as interacting with the wine rack and bowl drainer for setup purposes.",1836,5,True,True,True,False,True,True,True,True,True,False,terminal_mismatch;frame_assignment_not_exact,0b4f59415cff053b8b855191a82a2c101e58e61cc6678456a064fdbe1fba5633,110,float64,7,float64
coffee_table/case193,coffee_table,case193,/ssd1/itaein/datasets/RoboCerebra/RoboCerebra_trainset/coffee_table/case193/demo.hdf5,RoboCerebra_trainset/coffee_table/case193/demo.hdf5,RoboCerebra_trainset/coffee_table/case193/case193.mp4,"Prepare multiple items by positioning a microwave, placing a frypan inside it, mixing cream cheese into a bowl, and pouring wine into a porcelain ramekin using the microwave, frypan, cream cheese, bowl, wine bottle, and porcelain ramekin.",4977,7,True,True,True,False,True,True,True,True,True,False,terminal_mismatch;frame_assignment_not_exact,41a40d8854e0ec0da3c1f09aae9921adbf9b172f20109cf13136c14dafd097ea,99,float64,7,float64
coffee_table/case194,coffee_table,case194,/ssd1/itaein/datasets/RoboCerebra/RoboCerebra_trainset/coffee_table/case194/demo.hdf5,RoboCerebra_trainset/coffee_table/case194/demo.hdf5,RoboCerebra_trainset/coffee_table/case194/case194.mp4,"Organize and relocate cream_cheese, red_coffee_mug, porcelain_mug, and moka_pot from the coffee_table to specific designated locations: wooden_two_layer_shelf bottom_region, wine_rack top_region, rack, and bowl_drainer left_region, respectively.",5273,8,True,True,True,True,True,True,True,True,True,True,,697f0d415de5c125d9947665beb723cb79ceac72af01a44366df9a20bde9c477,97,float64,7,float64
coffee_table/case195,coffee_table,case195,/ssd1/itaein/datasets/RoboCerebra/RoboCerebra_trainset/coffee_table/case195/demo.hdf5,RoboCerebra_trainset/coffee_table/case195/demo.hdf5,RoboCerebra_trainset/coffee_table/case195/case195.mp4,"Prepare and serve a tossed macaroni dish by transferring a plate and macaroni and cheese from the coffee table to a wooden tray, and adding milk and new salad dressing to the macaroni and cheese.",4928,8,True,True,True,False,True,True,True,True,True,False,terminal_mismatch;frame_assignment_not_exact,5baec0411605c48ea28ce60d87a078fe3eae48be85a637f6cf1459f1316ff1cc,97,float64,7,float64
coffee_table/case196,coffee_table,case196,/ssd1/itaein/datasets/RoboCerebra/RoboCerebra_trainset/coffee_table/case196/demo.hdf5,RoboCerebra_trainset/coffee_table/case196/demo.hdf5,RoboCerebra_trainset/coffee_table/case196/case196.mp4,"Prepare a meal by combining butter, macaroni and cheese, and wine in a frypan heated on a flat stove after collecting the necessary items from the coffee table.",5543,9,True,True,True,False,True,True,True,True,True,False,terminal_mismatch;frame_assignment_not_exact,e461c5860caae0ac04c796eb8dbab53d63efdf5249851849997a5f8bfc2a3dee,99,float64,7,float64
coffee_table/case197,coffee_table,case197,/ssd1/itaein/datasets/RoboCerebra/RoboCerebra_trainset/coffee_table/case197/demo.hdf5,RoboCerebra_trainset/coffee_table/case197/demo.hdf5,RoboCerebra_trainset/coffee_table/case197/case197.mp4,"The task involves combining milk, salad dressing, and wine into designated tableware (a red coffee mug and a glazed rim porcelain ramekin) using items from a coffee table, a short fridge, and appliances.",5470,8,True,True,True,True,True,True,True,True,True,True,,bc93698a43b669a7e321fb9a52295e858a6f36cadeb602fca5536619fd477384,99,float64,7,float64
coffee_table/case198,coffee_table,case198,/ssd1/itaein/datasets/RoboCerebra/RoboCerebra_trainset/coffee_table/case198/demo.hdf5,RoboCerebra_trainset/coffee_table/case198/demo.hdf5,RoboCerebra_trainset/coffee_table/case198/case198.mp4,"Prepare a simple sauce by using a chefmate_8_frypan from the white_storage_box, placing it on a coffee_table, adding butter and tomato_sauce to the pan, and heating them on the flat_stove.",4011,7,True,True,True,False,True,True,True,True,True,False,terminal_mismatch;frame_assignment_not_exact,a3c1b57915cae3245e764643f16cc43a5b5c67a5a702029d7efc1ebaf5ea643b,73,float64,7,float64
coffee_table/case199,coffee_table,case199,/ssd1/itaein/datasets/RoboCerebra/RoboCerebra_trainset/coffee_table/case199/demo.hdf5,RoboCerebra_trainset/coffee_table/case199/demo.hdf5,RoboCerebra_trainset/coffee_table/case199/case199.mp4,"The task involves preparing a warm milk beverage by transferring milk into a porcelain mug, placing the mug into the microwave, and organizing a white bowl on a wooden cabinet.",3516,6,True,True,True,True,True,True,True,True,True,True,,5987c5517895d14f6fb5e70f6a749b0050feab22456b3a1cbbd659b4f4777f7b,79,float64,7,float64
coffee_table/case200,coffee_table,case200,/ssd1/itaein/datasets/RoboCerebra/RoboCerebra_trainset/coffee_table/case200/demo.hdf5,RoboCerebra_trainset/coffee_table/case200/demo.hdf5,RoboCerebra_trainset/coffee_table/case200/case200.mp4,"Reorganize kitchen items by placing the white_yellow_mug inside the wooden_cabinet, moving cookies into the microwave heating_region, and positioning the chefmate_8_frypan beside the bowl_drainer on the coffee_table for a coherent setup.",4860,8,True,True,True,True,True,True,True,True,True,True,,502989c5ed654e353e4c05008fe113568191a04a26629d286a3c0dfdbd96f037,79,float64,7,float64
coffee_table/case201,coffee_table,case201,/ssd1/itaein/datasets/RoboCerebra/RoboCerebra_trainset/coffee_table/case201/demo.hdf5,RoboCerebra_trainset/coffee_table/case201/demo.hdf5,RoboCerebra_trainset/coffee_table/case201/case201.mp4,"The task involves using a robotic arm to arrange kitchen and dining items by performing actions such as picking up and placing cream cheese, porcelain mug, chefmate frying pan, and a wine bottle on specified surfaces, as well as opening the microwave and short cabinet for setup purposes.",3111,8,True,True,True,True,True,True,True,True,True,True,,94d74cfa44468b5cc3a397d2b990d07d006fa62bd1476f7ca5563a13c5ee5650,105,float64,7,float64
coffee_table/case202,coffee_table,case202,/ssd1/itaein/datasets/RoboCerebra/RoboCerebra_trainset/coffee_table/case202/demo.hdf5,RoboCerebra_trainset/coffee_table/case202/demo.hdf5,RoboCerebra_trainset/coffee_table/case202/case202.mp4,"Organize a cream_cheese, popcorn, and wine_bottle by properly storing them in a white_storage_box, short_fridge, and wooden_tray respectively, starting and returning to the coffee_table at each step.",3916,7,True,True,True,True,True,True,True,True,True,True,,e6b4c7b7c16a4687d3bd4b808103b8b8c056032786b96487c0e95689d6288792,86,float64,7,float64
coffee_table/case203,coffee_table,case203,/ssd1/itaein/datasets/RoboCerebra/RoboCerebra_trainset/coffee_table/case203/demo.hdf5,RoboCerebra_trainset/coffee_table/case203/demo.hdf5,RoboCerebra_trainset/coffee_table/case203/case203.mp4,"The task involves assembling a meal setup by organizing cream cheese, butter, and a wine bottle with actions involving a microwave, coffee table, and basket, as well as pouring out wine and handling a porcelain mug.",2991,9,True,True,True,True,True,True,True,True,True,True,,cfebf225bfe1ff9231b456a282741cdc6032a11c6d5abb1ae0b3c747b0fe1654,99,float64,7,float64
coffee_table/case204,coffee_table,case204,/ssd1/itaein/datasets/RoboCerebra/RoboCerebra_trainset/coffee_table/case204/demo.hdf5,RoboCerebra_trainset/coffee_table/case204/demo.hdf5,RoboCerebra_trainset/coffee_table/case204/case204.mp4,"Organize cookies, popcorn, and a porcelain mug from the coffee table into a short cabinet and basket, then prepare a beverage by pouring wine from a bottle into the mug.",4594,9,True,True,True,True,True,True,True,True,True,True,,50096271cb268dffaed0318c4071791179eda2ef8eac5ab68220ff41312c1d6c,103,float64,7,float64
coffee_table/case205,coffee_table,case205,/ssd1/itaein/datasets/RoboCerebra/RoboCerebra_trainset/coffee_table/case205/demo.hdf5,RoboCerebra_trainset/coffee_table/case205/demo.hdf5,RoboCerebra_trainset/coffee_table/case205/case205.mp4,"Reorganize kitchen items by moving the cream_cheese from the coffee_table to the white_cabinet, placing the chefmate_8_frypan from the coffee_table on the microwave, and relocating the red_coffee_mug from the coffee_table to the white_storage_box.",4875,8,True,True,True,True,True,True,True,True,True,True,,2dd0d9f2b1facf84bcb0a4ebab2d406a64823895245f8f6fd26b63575da08074,79,float64,7,float64
coffee_table/case206,coffee_table,case206,/ssd1/itaein/datasets/RoboCerebra/RoboCerebra_trainset/coffee_table/case206/demo.hdf5,RoboCerebra_trainset/coffee_table/case206/demo.hdf5,RoboCerebra_trainset/coffee_table/case206/case206.mp4,"Heat butter in the microwave using a white cabinet and microwave, and pour tomato sauce from a coffee table onto a plate for serving.",2797,6,True,True,True,True,True,True,True,True,True,True,,5b5dc37bfe66020221a1e87c1c35b702f6566d30a834b082d0840a4855663657,79,float64,7,float64
coffee_table/case207,coffee_table,case207,/ssd1/itaein/datasets/RoboCerebra/RoboCerebra_trainset/coffee_table/case207/demo.hdf5,RoboCerebra_trainset/coffee_table/case207/demo.hdf5,RoboCerebra_trainset/coffee_table/case207/case207.mp4,"Assemble a snack by microwaving popcorn, pouring wine into a red coffee mug from a wine bottle, and storing chocolate pudding in a white storage box using items from the coffee table and microwave.",3913,8,True,True,True,True,True,True,True,True,True,True,,f586c79667bbc6a5db0ba05f658611a9742dc591a5335ff16a6f6db9195eca5a,86,float64,7,float64
coffee_table/case208,coffee_table,case208,/ssd1/itaein/datasets/RoboCerebra/RoboCerebra_trainset/coffee_table/case208/demo.hdf5,RoboCerebra_trainset/coffee_table/case208/demo.hdf5,RoboCerebra_trainset/coffee_table/case208/case208.mp4,"Prepare a warm cream cheese dip by heating cream cheese in a glazed rim porcelain ramekin in the microwave and arranging cookies on a plate for dipping, using objects like the coffee table, utensil, and microwave for assembly.",3342,8,True,True,True,True,True,True,True,True,True,True,,e390c8d237707ebbd60c978b406ca48b03cf1375bbfc3983a76ec504c2c17a69,86,float64,7,float64
coffee_table/case209,coffee_table,case209,/ssd1/itaein/datasets/RoboCerebra/RoboCerebra_trainset/coffee_table/case209/demo.hdf5,RoboCerebra_trainset/coffee_table/case209/demo.hdf5,RoboCerebra_trainset/coffee_table/case209/case209.mp4,"Organize dining items by relocating a wine bottle, porcelain mug, and salad dressing to their designated storage places, and prepare sauce by pouring out tomato sauce and setting it aside.",4203,10,True,True,True,True,True,True,True,True,True,True,,6c383fc09b76f6b8a1580b676d43293006093f7c9970b5eccc1c001334f61e6f,90,float64,7,float64
coffee_table/case210,coffee_table,case210,/ssd1/itaein/datasets/RoboCerebra/RoboCerebra_trainset/coffee_table/case210/demo.hdf5,RoboCerebra_trainset/coffee_table/case210/demo.hdf5,RoboCerebra_trainset/coffee_table/case210/case210.mp4,"Create a routine to mix a beverage by using orange_juice from the short_fridge and wine from the coffee_table, pouring both into a porcelain_mug on the coffee_table.",2560,6,True,True,True,True,True,True,True,True,True,True,,766a9a306f4561fe85c60350d120756fed138317fabd7b5f82fda8b13ca91823,73,float64,7,float64
coffee_table/case211,coffee_table,case211,/ssd1/itaein/datasets/RoboCerebra/RoboCerebra_trainset/coffee_table/case211/demo.hdf5,RoboCerebra_trainset/coffee_table/case211/demo.hdf5,RoboCerebra_trainset/coffee_table/case211/case211.mp4,"Set up a meal by transferring the chefmate_8_frypan, white_bowl, macaroni_and_cheese, tomato_sauce, and wine_bottle from the coffee_table to the rack, combining the macaroni_and_cheese and tomato_sauce in the white_bowl.",4005,11,True,True,True,True,True,True,True,True,True,True,,3cc81a149495b3a18a56e802d091fb27275b162a8434ebc681dd45d3e6285176,110,float64,7,float64
coffee_table/case212,coffee_table,case212,/ssd1/itaein/datasets/RoboCerebra/RoboCerebra_trainset/coffee_table/case212/demo.hdf5,RoboCerebra_trainset/coffee_table/case212/demo.hdf5,RoboCerebra_trainset/coffee_table/case212/case212.mp4,"The task involves using a robotic arm to simulate cooking by sequentially transferring macaroni_and_cheese, milk, and their mixed contents from a coffee_table to a white_bowl, then into a chefmate_8_frypan, and finally portioning the mixture into a glazed_rim_porcelain_ramekin for placement back on the coffee_table.",4781,13,True,True,True,True,True,True,True,True,True,True,,80cdaf87a7e2a14b94b1e9ed0d0bac816b4570185adcd3779eca72eaba231c33,97,float64,7,float64
coffee_table/case213,coffee_table,case213,/ssd1/itaein/datasets/RoboCerebra/RoboCerebra_trainset/coffee_table/case213/demo.hdf5,RoboCerebra_trainset/coffee_table/case213/demo.hdf5,RoboCerebra_trainset/coffee_table/case213/case213.mp4,"Arrange breakfast items and cooking tools by storing cream_cheese in the white_cabinet, preparing the flat_stove, managing the wine_bottle on the coffee_table, and placing a red_coffee_mug near the flat_stove for a simple breakfast setup.",5477,9,True,True,True,True,True,True,True,True,True,True,,7f71f833d59bcf89198c90ce1a581e8297fb8f80fa85a2895ab6f052f81dae49,79,float64,7,float64
coffee_table/case214,coffee_table,case214,/ssd1/itaein/datasets/RoboCerebra/RoboCerebra_trainset/coffee_table/case214/demo.hdf5,RoboCerebra_trainset/coffee_table/case214/demo.hdf5,RoboCerebra_trainset/coffee_table/case214/case214.mp4,"Organize serving tools and prepare a dessert by arranging a white bowl, chocolate pudding, and butter on a coffee table, combining them in the bowl, and placing the bowl on a chefmate frypan while accessing a white cabinet for additional setup steps.",1999,9,True,True,True,True,True,True,True,True,True,True,,adef1a3202c423fdb6f17fb103605d1cdd24e15b7101dd3c8bdf7dfb2b526a41,90,float64,7,float64
coffee_table/case215,coffee_table,case215,/ssd1/itaein/datasets/RoboCerebra/RoboCerebra_trainset/coffee_table/case215/demo.hdf5,RoboCerebra_trainset/coffee_table/case215/demo.hdf5,RoboCerebra_trainset/coffee_table/case215/case215.mp4,"Mix salad dressing and ketchup into tableware by using a red coffee mug and plate, employing a sequence that includes retrieving items from a fridge and dining set group, pouring the ingredients, and placing them appropriately.",4283,11,True,True,True,True,True,True,True,True,True,True,,b212b98e680f0a70d7083319d3c6c605501dbb218bbcc9070d70517dcf17f284,86,float64,7,float64
coffee_table/case216,coffee_table,case216,/ssd1/itaein/datasets/RoboCerebra/RoboCerebra_trainset/coffee_table/case216/demo.hdf5,RoboCerebra_trainset/coffee_table/case216/demo.hdf5,RoboCerebra_trainset/coffee_table/case216/case216.mp4,"The task involves preparing and organizing items by microwaving popcorn using the microwave, moving a chefmate frypan to a wooden tray, and storing a plate in a short cabinet.",5066,7,True,True,True,True,True,True,True,True,True,True,,e0d3cc96294b09f547fb2d456c9fb9a772d740eab19a8f1b355f7dbaaa960d2a,92,float64,7,float64
coffee_table/case217,coffee_table,case217,/ssd1/itaein/datasets/RoboCerebra/RoboCerebra_trainset/coffee_table/case217/demo.hdf5,RoboCerebra_trainset/coffee_table/case217/demo.hdf5,RoboCerebra_trainset/coffee_table/case217/case217.mp4,"The task involves organizing a snack and beverage setup by storing popcorn in a wooden cabinet, pouring wine from a wine bottle into a white bowl, and relocating a chefmate 8 frypan next to a bowl drainer.",3796,8,True,True,True,True,True,True,True,True,True,True,,c6250ea0b7c63dd4502235b1e17435fb1290b8c0ac48ec6effb0a6fe02bcc995,90,float64,7,float64
coffee_table/case218,coffee_table,case218,/ssd1/itaein/datasets/RoboCerebra/RoboCerebra_trainset/coffee_table/case218/demo.hdf5,RoboCerebra_trainset/coffee_table/case218/demo.hdf5,RoboCerebra_trainset/coffee_table/case218/case218.mp4,The task involves warming chocolate pudding in a microwave and transferring it into a white and yellow mug for serving.,3181,6,True,True,True,True,True,True,True,True,True,True,,076fec5a5a55de5bce867a632ebb1c110d573dfadf8e48015d53224567caa883,60,float64,7,float64
coffee_table/case219,coffee_table,case219,/ssd1/itaein/datasets/RoboCerebra/RoboCerebra_trainset/coffee_table/case219/demo.hdf5,RoboCerebra_trainset/coffee_table/case219/demo.hdf5,RoboCerebra_trainset/coffee_table/case219/case219.mp4,"The task involves preparing a creative sauce tasting setup by organizing various objects like a chefmate_8_frypan, plate, glazed_rim_porcelain_ramekin, and wine_bottle from a coffee_table, pouring ketchup, orange_juice, new_salad_dressing, and wine into them, and placing them appropriately for presentation.",4468,14,True,True,True,True,True,True,True,True,True,True,,c69d3d3ea0af52228f4c8328033887452232f0cb36c8d24804324a8d6c730ece,138,float64,7,float64
coffee_table/case220,coffee_table,case220,/ssd1/itaein/datasets/RoboCerebra/RoboCerebra_trainset/coffee_table/case220/demo.hdf5,RoboCerebra_trainset/coffee_table/case220/demo.hdf5,RoboCerebra_trainset/coffee_table/case220/case220.mp4,"Organize items from the coffee_table, including cookies, wine_bottle, chefmate_8_frypan, moka_pot, and akita_black_bowl, by storing them in a basket, rack, or wine_rack, and prepare the milk and bbq_sauce for appliance usage by pouring them into a porcelain_mug and chefmate_8_frypan, respectively.",7682,16,True,True,True,True,True,True,True,True,True,True,,fa84233f27f40605d9bae9c163f8c83ed4956cf0cd24f40ec1bd991f3db27c8b,162,float64,7,float64
coffee_table/case221,coffee_table,case221,/ssd1/itaein/datasets/RoboCerebra/RoboCerebra_trainset/coffee_table/case221/demo.hdf5,RoboCerebra_trainset/coffee_table/case221/demo.hdf5,RoboCerebra_trainset/coffee_table/case221/case221.mp4,"Prepare a mixed savory snack bowl by combining melted butter from a frypan, popcorn, wine, and ketchup into an akita_black_bowl using objects including a short_fridge, coffee_table, wine_bottle, and chefmate_8_frypan.",5037,16,True,True,True,True,True,True,True,True,True,True,,23b66268a3c2a0da0e8b650c9487f208452d98803f91bfa6ec9cbed9bd5a6d8f,112,float64,7,float64
coffee_table/case222,coffee_table,case222,/ssd1/itaein/datasets/RoboCerebra/RoboCerebra_trainset/coffee_table/case222/demo.hdf5,RoboCerebra_trainset/coffee_table/case222/demo.hdf5,RoboCerebra_trainset/coffee_table/case222/case222.mp4,"Relocate kitchen items by placing the red_coffee_mug and chocolate_pudding into the short_cabinet in middle_region, pouring orange_juice into the white_bowl, and moving the wine_bottle to the wine_rack in top_region.",5060,10,True,True,True,True,True,True,True,True,True,True,,021678f42c086e65ece08a8008b46f00e021f8e3a6a422e8893d94fb5c91cf04,103,float64,7,float64
coffee_table/case223,coffee_table,case223,/ssd1/itaein/datasets/RoboCerebra/RoboCerebra_trainset/coffee_table/case223/demo.hdf5,RoboCerebra_trainset/coffee_table/case223/demo.hdf5,RoboCerebra_trainset/coffee_table/case223/case223.mp4,"Prepare a cooking experiment by mixing tomato sauce and wine in a Chefmate 8 frypan placed on a turned-on flat stove, using objects from the coffee table.",5668,9,True,True,True,False,True,True,True,True,True,False,terminal_mismatch;frame_assignment_not_exact,8f4c70631cff080792d6f6e9242d0d98b2fb5a751ea205b8e7f41699696bf361,73,float64,7,float64
coffee_table/case224,coffee_table,case224,/ssd1/itaein/datasets/RoboCerebra/RoboCerebra_trainset/coffee_table/case224/demo.hdf5,RoboCerebra_trainset/coffee_table/case224/demo.hdf5,RoboCerebra_trainset/coffee_table/case224/case224.mp4,"Organize a setup involving a microwave, a wooden tray, a wine bottle, a glazed rim porcelain ramekin, and BBQ sauce on a coffee table to mix and present different flavors.",1680,7,True,True,True,False,True,True,True,True,True,False,terminal_mismatch;frame_assignment_not_exact,543fe33e8b2e80179fe1445b9adf0875bb0b4dfb8804ca4aec7f2800867acf55,86,float64,7,float64
coffee_table/case225,coffee_table,case225,/ssd1/itaein/datasets/RoboCerebra/RoboCerebra_trainset/coffee_table/case225/demo.hdf5,RoboCerebra_trainset/coffee_table/case225/demo.hdf5,RoboCerebra_trainset/coffee_table/case225/case225.mp4,"The task involves rearranging kitchen items by moving butter, a bowl drainer, and a wine bottle between a wooden cabinet, coffee table, and specific locations, as well as operating the bowl drainer and pouring out the wine bottle.",2082,6,True,True,True,True,True,True,True,True,True,True,,70839cfbacd4d2dffd282020a3127fb0d524a8cf051f13303f26753fddeab16f,64,float64,7,float64
coffee_table/case226,coffee_table,case226,/ssd1/itaein/datasets/RoboCerebra/RoboCerebra_trainset/coffee_table/case226/demo.hdf5,RoboCerebra_trainset/coffee_table/case226/demo.hdf5,RoboCerebra_trainset/coffee_table/case226/case226.mp4,"Assemble ingredients by transferring a plate with cream cheese and a white bowl containing milk, salad dressing, and wine to the assembly area, then activate the flat stove in the cooking region.",4367,14,True,True,True,True,True,True,True,True,True,True,,60675c9f180cc29ec955ad04906e27c927c35d555260d634a45b2a6b5ef71565,112,float64,7,float64
coffee_table/case227,coffee_table,case227,/ssd1/itaein/datasets/RoboCerebra/RoboCerebra_trainset/coffee_table/case227/demo.hdf5,RoboCerebra_trainset/coffee_table/case227/demo.hdf5,RoboCerebra_trainset/coffee_table/case227/case227.mp4,"The task involves using a robotic arm to organize a kitchen and prepare items by interacting with objects such as a microwave, alphabet soup, a frypan, butter, a storage box, a wine bottle, and a wine rack to complete specific actions.",3872,7,True,True,True,True,True,True,True,True,True,True,,5376f99a5d15b8f281c4229ea01c7229d3d6684309763859f10db9a2c03a5986,86,float64,7,float64
coffee_table/case228,coffee_table,case228,/ssd1/itaein/datasets/RoboCerebra/RoboCerebra_trainset/coffee_table/case228/demo.hdf5,RoboCerebra_trainset/coffee_table/case228/demo.hdf5,RoboCerebra_trainset/coffee_table/case228/case228.mp4,"The task involves preparing a heated dish by using the white_cabinet to retrieve butter, combining it in a chefmate_8_frypan taken from the coffee_table, and finishing the process by heating the frypan in a microwave located in the top_side region.",3785,8,True,True,True,True,True,True,True,True,True,True,,fc7b411c1db845a45efef0ef9d8e74fb0a123d435619f30d96f1cd47d596d2b8,66,float64,7,float64
coffee_table/case229,coffee_table,case229,/ssd1/itaein/datasets/RoboCerebra/RoboCerebra_trainset/coffee_table/case229/demo.hdf5,RoboCerebra_trainset/coffee_table/case229/demo.hdf5,RoboCerebra_trainset/coffee_table/case229/case229.mp4,"The task involves organizing kitchen items—cream_cheese, wine_bottle, and plate—by transferring them from a coffee_table into designated storage spaces in a white_cabinet and short_cabinet, including pouring out the wine_bottle before storing it.",5134,8,True,True,True,True,True,True,True,True,True,True,,d469b1d36836cc39be8b53f55a3f7b73a47eb818919ed42a1b49be3e52113aeb,83,float64,7,float64
coffee_table/case230,coffee_table,case230,/ssd1/itaein/datasets/RoboCerebra/RoboCerebra_trainset/coffee_table/case230/demo.hdf5,RoboCerebra_trainset/coffee_table/case230/demo.hdf5,RoboCerebra_trainset/coffee_table/case230/case230.mp4,"Organize items on the coffee_table by transferring cookies to the white_storage_box, filling the red_coffee_mug with wine from the wine_bottle, and moving the chefmate_8_frypan onto the rack.",3625,9,True,True,True,True,True,True,True,True,True,True,,eda767802f427e10c57264c78eb177894e022a3dc3f96d68c746546040b497ec,97,float64,7,float64
coffee_table/case231,coffee_table,case231,/ssd1/itaein/datasets/RoboCerebra/RoboCerebra_trainset/coffee_table/case231/demo.hdf5,RoboCerebra_trainset/coffee_table/case231/demo.hdf5,RoboCerebra_trainset/coffee_table/case231/case231.mp4,"Organize cookies, macaroni_and_cheese, and a red_coffee_mug by transferring them between a coffee_table, white_cabinet, and microwave, while serving wine in the mug as part of a mini meal setup.",3415,9,True,True,True,True,True,True,True,True,True,True,,b342e2812a57c5992ba885b14a966891084c196d6c7c5e9493fa305d684cadfd,92,float64,7,float64
coffee_table/case232,coffee_table,case232,/ssd1/itaein/datasets/RoboCerebra/RoboCerebra_trainset/coffee_table/case232/demo.hdf5,RoboCerebra_trainset/coffee_table/case232/demo.hdf5,RoboCerebra_trainset/coffee_table/case232/case232.mp4,"Assemble a mixed dish by combining macaroni and cheese with milk in a chefmate_8_frypan, pouring wine into a glazed_rim_porcelain_ramekin, then set aside the chefmate_8_frypan on a rack.",3945,11,True,True,True,True,True,True,True,True,True,True,,3e021d4f01088fa5356180d5edf3b4c845c8a5eced6adf738f8e4bb0ea35c48c,110,float64,7,float64
coffee_table/case233,coffee_table,case233,/ssd1/itaein/datasets/RoboCerebra/RoboCerebra_trainset/coffee_table/case233/demo.hdf5,RoboCerebra_trainset/coffee_table/case233/demo.hdf5,RoboCerebra_trainset/coffee_table/case233/case233.mp4,"The task involves arranging a beverage-serving setup by opening a white cabinet, organizing a wooden tray on a coffee table, positioning an Akita black bowl and a porcelain mug, pouring a beverage from a wine bottle into the mug, and placing the mug onto the bowl.",2517,7,True,True,True,True,True,True,True,True,True,True,,2c2b20157d46a29ce63bf29daadd1d20426ff2630e69985e60ab8f2c425e6990,90,float64,7,float64
coffee_table/case234,coffee_table,case234,/ssd1/itaein/datasets/RoboCerebra/RoboCerebra_trainset/coffee_table/case234/demo.hdf5,RoboCerebra_trainset/coffee_table/case234/demo.hdf5,RoboCerebra_trainset/coffee_table/case234/case234.mp4,"The task involves using a robotic arm to interact with various objects, including a coffee_table, porcelain_mug, milk, flat_stove, moka_pot, akita_black_bowl, and popcorn, to sequentially manipulate, position, and perform actions such as pouring milk, turning on a stove, and filling a bowl with popcorn.",3889,9,True,True,True,True,True,True,True,True,True,True,,56b9d0f2f48d5ac0db08f9eefa6dd50d19d41cc499cbf9f7cfb163834eb003fb,99,float64,7,float64
coffee_table/case235,coffee_table,case235,/ssd1/itaein/datasets/RoboCerebra/RoboCerebra_trainset/coffee_table/case235/demo.hdf5,RoboCerebra_trainset/coffee_table/case235/demo.hdf5,RoboCerebra_trainset/coffee_table/case235/case235.mp4,"Organize food and beverage items by preparing orange juice in a white-yellow mug to heat in the microwave, storing chocolate pudding in a white storage box, and placing a red coffee mug into a basket.",4698,10,True,True,True,True,True,True,True,True,True,True,,9ca718f5741ae103b7216c6f4b5c51cd49aa10916a2be8ab2dd9f0ef979b6a89,99,float64,7,float64
coffee_table/case236,coffee_table,case236,/ssd1/itaein/datasets/RoboCerebra/RoboCerebra_trainset/coffee_table/case236/demo.hdf5,RoboCerebra_trainset/coffee_table/case236/demo.hdf5,RoboCerebra_trainset/coffee_table/case236/case236.mp4,"The task involves arranging a serving setup by placing cookies, a porcelain mug, and a moka pot onto a wooden tray, activating cooking tools by placing a frypan on a rack, and pouring the contents of a wine bottle onto a wooden shelf.",4293,10,True,False,False,True,True,True,True,True,True,False,nonpositive_interval;gap_or_overlap;frame_assignment_not_exact,eeaafd493358cf68bb7c16560fca3a1eb028c75f5ef23e0f688d7b9ab2ff7db1,123,float64,7,float64
coffee_table/case237,coffee_table,case237,/ssd1/itaein/datasets/RoboCerebra/RoboCerebra_trainset/coffee_table/case237/demo.hdf5,RoboCerebra_trainset/coffee_table/case237/demo.hdf5,RoboCerebra_trainset/coffee_table/case237/case237.mp4,"A robotic arm utilizes a coffee_table, chocolate_pudding, akita_black_bowl, wine_bottle, red_coffee_mug, and flat_stove to execute a multi-step routine involving food preparation, beverage pouring, and stove activation.",2040,8,True,True,True,True,True,True,True,True,True,True,,fc83263d381ef61ceff509afa09e4a37ad1a1ea793350f1b91a24bd7c704221f,86,float64,7,float64
coffee_table/case238,coffee_table,case238,/ssd1/itaein/datasets/RoboCerebra/RoboCerebra_trainset/coffee_table/case238/demo.hdf5,RoboCerebra_trainset/coffee_table/case238/demo.hdf5,RoboCerebra_trainset/coffee_table/case238/case238.mp4,"The task is to set up a mini cooking area by storing butter in the white cabinet's top region, pouring wine from a wine bottle into a porcelain mug, and turning on the flat stove for use.",2340,7,True,True,True,True,True,True,True,True,True,True,,1ec957b7f2be44c44bc8ae81e4ad7c02f9233406bb4bb45fc9767b08d45ec200,79,float64,7,float64
coffee_table/case239,coffee_table,case239,/ssd1/itaein/datasets/RoboCerebra/RoboCerebra_trainset/coffee_table/case239/demo.hdf5,RoboCerebra_trainset/coffee_table/case239/demo.hdf5,RoboCerebra_trainset/coffee_table/case239/case239.mp4,"Prepare a mixed sauce by combining wine and ketchup in a white bowl, and set up a chefmate_8_frypan on the middle region of a white cabinet for cooking.",4928,9,True,True,True,True,True,True,True,True,True,True,,9acfdd6313fa338219e8a131db96299f95ad6ed9ad79df96a3fb56ea9abcce8a,90,float64,7,float64
coffee_table/case240,coffee_table,case240,/ssd1/itaein/datasets/RoboCerebra/RoboCerebra_trainset/coffee_table/case240/demo.hdf5,RoboCerebra_trainset/coffee_table/case240/demo.hdf5,RoboCerebra_trainset/coffee_table/case240/case240.mp4,"Organize kitchen items by storing butter in the white_cabinet, placing a wine_bottle onto the wine_rack, and transferring new_salad_dressing into a white_yellow_mug before placing it onto a plate.",3196,10,True,True,True,True,True,True,True,True,True,True,,e25a31b54862185984866878dfb5f5ded9857d0c494aaf93c71cfc2a6356c7af,103,float64,7,float64
coffee_table/case241,coffee_table,case241,/ssd1/itaein/datasets/RoboCerebra/RoboCerebra_trainset/coffee_table/case241/demo.hdf5,RoboCerebra_trainset/coffee_table/case241/demo.hdf5,RoboCerebra_trainset/coffee_table/case241/case241.mp4,"The task involves setting up a cooking workspace by organizing items like butter, a wine bottle, a frypan, and tomato sauce from a coffee table into appropriate locations, including pouring out their contents and preparing the frypan for use.",2676,9,True,True,True,True,True,True,True,True,True,True,,e3fd1bb48e333f93180ba72c81802bad92f0c7c273e02de8efe2492777a5ff0c,103,float64,7,float64
coffee_table/case242,coffee_table,case242,/ssd1/itaein/datasets/RoboCerebra/RoboCerebra_trainset/coffee_table/case242/demo.hdf5,RoboCerebra_trainset/coffee_table/case242/demo.hdf5,RoboCerebra_trainset/coffee_table/case242/case242.mp4,"Simulate a food preparation and serving process by utilizing a microwave, chefmate_8_frypan, new_salad_dressing, wine_bottle, macaroni_and_cheese, and a coffee_table to prepare ingredients and place the dish in the dining_set_group.",2986,9,True,True,True,True,True,True,True,True,True,True,,df823370d3392ef402c58f7830f69d0d487530d7701a0d59b0e31638197ccf5d,86,float64,7,float64
coffee_table/case243,coffee_table,case243,/ssd1/itaein/datasets/RoboCerebra/RoboCerebra_trainset/coffee_table/case243/demo.hdf5,RoboCerebra_trainset/coffee_table/case243/demo.hdf5,RoboCerebra_trainset/coffee_table/case243/case243.mp4,"Prepare a mixed snack bowl by using a white_bowl from the white_cabinet, cookies and milk from the coffee_table, and optionally involving the microwave at the heating_region.",3249,9,True,True,True,True,True,True,True,True,True,True,,654dc2e9f2ca2d2a4f2c343e0874faf2848a6b16906a271850b83cdbef6e134a,79,float64,7,float64
coffee_table/case244,coffee_table,case244,/ssd1/itaein/datasets/RoboCerebra/RoboCerebra_trainset/coffee_table/case244/demo.hdf5,RoboCerebra_trainset/coffee_table/case244/demo.hdf5,RoboCerebra_trainset/coffee_table/case244/case244.mp4,"The task involves rearranging items by moving the chefmate_8_frypan from the coffee_table to the wooden_two_layer_shelf top_side, pouring out the milk and wine_bottle after picking them up from the coffee_table, and placing them back, followed by relocating a plate from the coffee_table to the basket contain_region.",3425,10,True,True,True,True,True,True,True,True,True,True,,a96069ece0d7b1375f5a6c9c3feceb7fd7e53edd454642811db250501ab8d0bb,97,float64,7,float64
coffee_table/case245,coffee_table,case245,/ssd1/itaein/datasets/RoboCerebra/RoboCerebra_trainset/coffee_table/case245/demo.hdf5,RoboCerebra_trainset/coffee_table/case245/demo.hdf5,RoboCerebra_trainset/coffee_table/case245/case245.mp4,"Combine ingredients from the short_fridge and coffee_table, including milk, macaroni_and_cheese, bbq_sauce, and wine, using a plate and chefmate_8_frypan to prepare a meal.",5467,15,True,True,True,True,True,True,True,True,True,True,,83b76680e31bb4933c83deaabcc1ede3eaa397edb49281f51c5edd376a3c1a6a,112,float64,7,float64
coffee_table/case246,coffee_table,case246,/ssd1/itaein/datasets/RoboCerebra/RoboCerebra_trainset/coffee_table/case246/demo.hdf5,RoboCerebra_trainset/coffee_table/case246/demo.hdf5,RoboCerebra_trainset/coffee_table/case246/case246.mp4,"Organize items from the coffee_table by placing the butter into the wooden_cabinet top_region and the chefmate_8_frypan into the white_storage_box top_side using opening, picking, and placing actions.",2589,5,True,True,True,True,True,True,True,True,True,True,,b337b2f60822d589631e18d3cec5e6ce8eac3a7e121d943cf0f0b24b01f2329f,64,float64,7,float64
coffee_table/case247,coffee_table,case247,/ssd1/itaein/datasets/RoboCerebra/RoboCerebra_trainset/coffee_table/case247/demo.hdf5,RoboCerebra_trainset/coffee_table/case247/demo.hdf5,RoboCerebra_trainset/coffee_table/case247/case247.mp4,"The task involves organizing snack components by transferring the akita_black_bowl and cream_cheese into the white_cabinet for storage, and repositioning a wine_bottle onto the microwave for later use.",3468,9,True,True,True,True,True,True,True,True,True,True,,123937a441188a50099c308e8c57b33d1ef9ef6898c13f335aaed4e709968109,79,float64,7,float64
coffee_table/case248,coffee_table,case248,/ssd1/itaein/datasets/RoboCerebra/RoboCerebra_trainset/coffee_table/case248/demo.hdf5,RoboCerebra_trainset/coffee_table/case248/demo.hdf5,RoboCerebra_trainset/coffee_table/case248/case248.mp4,"Organize snack ingredients by transferring cream_cheese to the short_fridge upper_region, wine_bottle to the wine_rack top_region, and popcorn into the white_bowl from the coffee_table.",3108,8,True,True,True,True,True,True,True,True,True,True,,1d596c4c8643ffeb9030bfae6b304eeb03a3c9b85ebb1a767037337935a23c75,86,float64,7,float64
coffee_table/case249,coffee_table,case249,/ssd1/itaein/datasets/RoboCerebra/RoboCerebra_trainset/coffee_table/case249/demo.hdf5,RoboCerebra_trainset/coffee_table/case249/demo.hdf5,RoboCerebra_trainset/coffee_table/case249/case249.mp4,"The task is to prepare a sauce by retrieving and transferring objects including a white_bowl, chefmate_8_frypan, and ketchup from a white_cabinet and coffee_table to the flat_stove, then heating the ketchup poured into the frypan on the stove.",4280,9,True,True,True,True,True,True,True,True,True,True,,4f83236417eca71e19d19ed98f556d89b32a7f29d725bac2296a074b5defab87,79,float64,7,float64
coffee_table/case250,coffee_table,case250,/ssd1/itaein/datasets/RoboCerebra/RoboCerebra_trainset/coffee_table/case250/demo.hdf5,RoboCerebra_trainset/coffee_table/case250/demo.hdf5,RoboCerebra_trainset/coffee_table/case250/case250.mp4,Arrange a snack serving setup by placing a wooden tray with cookies in a black bowl and a mug of poured-out orange juice in the serving area.,3456,10,True,True,True,True,True,True,True,True,True,True,,4409d1b71fa4621e04b9f4e36a2dced3374551c572be8ea50e035a8e3cd2c173,97,float64,7,float64
coffee_table/case251,coffee_table,case251,/ssd1/itaein/datasets/RoboCerebra/RoboCerebra_trainset/coffee_table/case251/demo.hdf5,RoboCerebra_trainset/coffee_table/case251/demo.hdf5,RoboCerebra_trainset/coffee_table/case251/case251.mp4,"Rearrange and organize objects by transferring liquid from a wine_bottle into a red_coffee_mug and relocating the red_coffee_mug, chocolate_pudding, and glazed_rim_porcelain_ramekin to designated storage areas (wooden_shelf, white_storage_box, and rack) from the coffee_table.",2889,9,True,True,True,True,True,True,True,True,True,True,,e7c0680ed321b0a52dbd99da5462896ef5ae6e1e9352353301178b34338b7011,97,float64,7,float64
coffee_table/case252,coffee_table,case252,/ssd1/itaein/datasets/RoboCerebra/RoboCerebra_trainset/coffee_table/case252/demo.hdf5,RoboCerebra_trainset/coffee_table/case252/demo.hdf5,RoboCerebra_trainset/coffee_table/case252/case252.mp4,"Prepare a wooden tray with cookies and milk by transferring cookies from the coffee table onto the tray, pouring milk into a red coffee mug, and placing all items on the tray for serving.",2069,5,True,True,True,True,True,True,True,True,True,True,,4778c301399b23cc1be3e58a637ecbfb2b51be4aa416f9cb27012c4588b86911,84,float64,7,float64
coffee_table/case253,coffee_table,case253,/ssd1/itaein/datasets/RoboCerebra/RoboCerebra_trainset/coffee_table/case253/demo.hdf5,RoboCerebra_trainset/coffee_table/case253/demo.hdf5,RoboCerebra_trainset/coffee_table/case253/case253.mp4,"The task involves using a robotic arm to manipulate various kitchen objects, including cream_cheese, white_bowl, porcelain_mug, and wine_bottle, by locating, moving, grasping, and placing them on designated targets (e.g., coffee_table, white_storage_box, wooden_two_layer_shelf) or performing specific actions (e.g., activating a flat_stove control, pouring wine into a mug) to organize and interact with the environment.",2516,8,True,True,True,True,True,True,True,True,True,True,,bacd2ddc033fd8c15e4de5dee31be826fd70e522107352ad089559aa26ca7015,86,float64,7,float64
coffee_table/case254,coffee_table,case254,/ssd1/itaein/datasets/RoboCerebra/RoboCerebra_trainset/coffee_table/case254/demo.hdf5,RoboCerebra_trainset/coffee_table/case254/demo.hdf5,RoboCerebra_trainset/coffee_table/case254/case254.mp4,"Prepare a snack platter by transferring a plate, popcorn, butter, and cream cheese from the coffee table to a table, and arranging the popcorn, butter, and cream cheese on the plate.",1601,9,True,True,True,True,True,True,True,True,True,True,,c36d0238ba77079e4153c9db075249d4f50a28b5e493ec754b11cdff565a294f,84,float64,7,float64
coffee_table/case255,coffee_table,case255,/ssd1/itaein/datasets/RoboCerebra/RoboCerebra_trainset/coffee_table/case255/demo.hdf5,RoboCerebra_trainset/coffee_table/case255/demo.hdf5,RoboCerebra_trainset/coffee_table/case255/case255.mp4,"Prepare a tomato macaroni dish by combining macaroni, cheese, and tomato sauce in a chefmate_8_frypan, transferring the mixture to a plate, and tidying up the chefmate_8_frypan by returning it to the coffee_table.",4815,13,True,True,True,False,True,True,True,True,True,False,terminal_mismatch;frame_assignment_not_exact,7c9860ee23ef21147941d3f9c4aac39f7bd91f084c217692b132703c42cc196d,84,float64,7,float64
coffee_table/case256,coffee_table,case256,/ssd1/itaein/datasets/RoboCerebra/RoboCerebra_trainset/coffee_table/case256/demo.hdf5,RoboCerebra_trainset/coffee_table/case256/demo.hdf5,RoboCerebra_trainset/coffee_table/case256/case256.mp4,"Prepare a seasoned popcorn snack by combining popcorn and BBQ sauce on a plate, then heating it in the microwave.",3842,9,True,True,True,False,True,True,True,True,True,False,terminal_mismatch;frame_assignment_not_exact,877ee3fef8aa38543eaa42254a0ad3dc3183f556b61f727dc97296e290214a96,73,float64,7,float64
coffee_table/case257,coffee_table,case257,/ssd1/itaein/datasets/RoboCerebra/RoboCerebra_trainset/coffee_table/case257/demo.hdf5,RoboCerebra_trainset/coffee_table/case257/demo.hdf5,RoboCerebra_trainset/coffee_table/case257/case257.mp4,"The task involves using a robotic arm to arrange a scene by sequentially moving, grasping, relocating, and placing objects (wooden_tray, alphabet_soup, basket, butter, porcelain_mug, wine_bottle, and chefmate_8_frypan) on a coffee_table or rack, as well as pouring wine into a porcelain_mug, to organize and complete the desired setup.",3398,5,True,True,True,False,True,True,True,True,True,False,terminal_mismatch;frame_assignment_not_exact,d1558dc23257105aeae9cac894439a81f9359655d41f220033957fa9d6d9a5f7,136,float64,7,float64
coffee_table/case258,coffee_table,case258,/ssd1/itaein/datasets/RoboCerebra/RoboCerebra_trainset/coffee_table/case258/demo.hdf5,RoboCerebra_trainset/coffee_table/case258/demo.hdf5,RoboCerebra_trainset/coffee_table/case258/case258.mp4,"Prepare a snack arrangement by combining chocolate pudding and macaroni and cheese on a plate, and pouring wine from a bottle onto a wooden tray for a beverage touch.",3326,8,True,True,True,True,True,True,True,True,True,True,,d3e33ba3e42d542cafa7c100ff064a751584510a96056b8136c280662e0db45a,99,float64,7,float64
coffee_table/case259,coffee_table,case259,/ssd1/itaein/datasets/RoboCerebra/RoboCerebra_trainset/coffee_table/case259/demo.hdf5,RoboCerebra_trainset/coffee_table/case259/demo.hdf5,RoboCerebra_trainset/coffee_table/case259/case259.mp4,"The task involves arranging a snack setup by opening the short_fridge, handling items like a wine_bottle, plate, popcorn, and chocolate_pudding from the coffee_table, pouring out the wine_bottle, and placing the popcorn and chocolate_pudding on the plate.",3401,9,True,True,True,False,True,True,True,True,True,False,terminal_mismatch;frame_assignment_not_exact,08fb5fdd427d58d302201c64401d1e615f10fe249d83b6b9be4a163e9ab06bc3,86,float64,7,float64
coffee_table/case260,coffee_table,case260,/ssd1/itaein/datasets/RoboCerebra/RoboCerebra_trainset/coffee_table/case260/demo.hdf5,RoboCerebra_trainset/coffee_table/case260/demo.hdf5,RoboCerebra_trainset/coffee_table/case260/case260.mp4,"The task is to prepare a creamy mixture by gathering akita_black_bowl, cream_cheese, milk, tomato_sauce, and wine_bottle from an undefined coffee_table, and sequentially depositing their contents into akita_black_bowl.",4982,5,True,True,True,False,True,True,True,True,True,False,terminal_mismatch;frame_assignment_not_exact,9f5a54b033d7e2fa9d07c159eb3aaa5888438a7f30d9587553967ad6775e10c3,97,float64,7,float64
coffee_table/case261,coffee_table,case261,/ssd1/itaein/datasets/RoboCerebra/RoboCerebra_trainset/coffee_table/case261/demo.hdf5,RoboCerebra_trainset/coffee_table/case261/demo.hdf5,RoboCerebra_trainset/coffee_table/case261/case261.mp4,Prepare a heated macaroni and cheese meal using a microwave and mix salad dressing in a frypan on a coffee table.,5969,10,True,True,True,True,True,True,True,True,True,True,,377b70d5ca8efbef7eac64be9a8d99708251c9b9446251cfcdbc7125f37def93,92,float64,7,float64
coffee_table/case262,coffee_table,case262,/ssd1/itaein/datasets/RoboCerebra/RoboCerebra_trainset/coffee_table/case262/demo.hdf5,RoboCerebra_trainset/coffee_table/case262/demo.hdf5,RoboCerebra_trainset/coffee_table/case262/case262.mp4,"Arrange a snack serving setup by placing popcorn on a wooden tray for serving and storing a red coffee mug in a bowl drainer, while accessing storage areas like a white cabinet and the bowl drainer.",1684,5,True,True,True,True,True,True,True,True,True,True,,8e4c5b5e9819e6335d33975f340fc51538753e7efc1440bc62623628e198bf0f,77,float64,7,float64
coffee_table/case263,coffee_table,case263,/ssd1/itaein/datasets/RoboCerebra/RoboCerebra_trainset/coffee_table/case263/demo.hdf5,RoboCerebra_trainset/coffee_table/case263/demo.hdf5,RoboCerebra_trainset/coffee_table/case263/case263.mp4,"Arrange cookies and pour wine onto a plate, using a white cabinet and coffee table, then place the decorated plate into a chefmate_8_frypan.",3063,10,True,True,True,True,True,True,True,True,True,True,,4cc278d178f12f13623042f209534b5021de9bb85d0d4a913c4ff15e1bbb952f,90,float64,7,float64
coffee_table/case264,coffee_table,case264,/ssd1/itaein/datasets/RoboCerebra/RoboCerebra_trainset/coffee_table/case264/demo.hdf5,RoboCerebra_trainset/coffee_table/case264/demo.hdf5,RoboCerebra_trainset/coffee_table/case264/case264.mp4,"Organize a snack setup by transferring a plate, macaroni_and_cheese, red_coffee_mug, bbq_sauce, and a wine_bottle from the coffee_table to the table, pouring out the bbq_sauce, and opening the microwave.",1567,6,True,True,True,True,True,True,True,True,True,True,,a8f0ac08325bd7e88ff6a57d7e597020c0b153a05f3fd987444041e59a67b2da,99,float64,7,float64
coffee_table/case265,coffee_table,case265,/ssd1/itaein/datasets/RoboCerebra/RoboCerebra_trainset/coffee_table/case265/demo.hdf5,RoboCerebra_trainset/coffee_table/case265/demo.hdf5,RoboCerebra_trainset/coffee_table/case265/case265.mp4,"Organize butter, milk, and a wine bottle by moving them from the coffee table to appropriate storage locations (wooden cabinet and short fridge) while using and adjusting appliances as needed.",2532,9,True,True,True,True,True,True,True,True,True,True,,dffd07ae340c254f8e23888a6d4d39ffd3cc89b0c3b6254ded804d228266f570,79,float64,7,float64
coffee_table/case266,coffee_table,case266,/ssd1/itaein/datasets/RoboCerebra/RoboCerebra_trainset/coffee_table/case266/demo.hdf5,RoboCerebra_trainset/coffee_table/case266/demo.hdf5,RoboCerebra_trainset/coffee_table/case266/case266.mp4,"The robotic arm uses the wooden cabinet, akita black bowl, serving counter, microwave, coffee table, popcorn, and orange juice container to prepare a snack by microwaving popcorn and serving a beverage by pouring orange juice.",3284,9,True,True,True,True,True,True,True,True,True,True,,3b52ac29cbe524598fd748dc1bd59b2a2080574555b44e960d0a6e308c2425ac,79,float64,7,float64
coffee_table/case267,coffee_table,case267,/ssd1/itaein/datasets/RoboCerebra/RoboCerebra_trainset/coffee_table/case267/demo.hdf5,RoboCerebra_trainset/coffee_table/case267/demo.hdf5,RoboCerebra_trainset/coffee_table/case267/case267.mp4,"Heat macaroni and cheese by transferring it into a white bowl, placing the bowl in the microwave, and using the microwave's heating region.",3189,8,True,True,True,True,True,True,True,True,True,True,,c4d82eb4fdcc4d0f781f9e78337aea4c514a5ecc864469ba69bc218bcc8fd029,60,float64,7,float64
coffee_table/case268,coffee_table,case268,/ssd1/itaein/datasets/RoboCerebra/RoboCerebra_trainset/coffee_table/case268/demo.hdf5,RoboCerebra_trainset/coffee_table/case268/demo.hdf5,RoboCerebra_trainset/coffee_table/case268/case268.mp4,"Organize items from the coffee_table by placing the wine_bottle in the white_storage_box, the chefmate_8_frypan on the wine_rack's top_region, and resolving a conflict for the placement of the red_coffee_mug due to the wine_rack's region limitation.",3565,6,True,True,True,True,True,True,True,True,True,True,,1817fca15c601a0053ee619e94d2c76c384ff17d649ef1e20479af361aac9eea,71,float64,7,float64
coffee_table/case269,coffee_table,case269,/ssd1/itaein/datasets/RoboCerebra/RoboCerebra_trainset/coffee_table/case269/demo.hdf5,RoboCerebra_trainset/coffee_table/case269/demo.hdf5,RoboCerebra_trainset/coffee_table/case269/case269.mp4,"Organize kitchen items by moving cream_cheese into the short_fridge middle_region, placing a plate into the white_storage_box top_side, returning a chefmate_8_frypan to the coffee_table, and pouring out a wine_bottle.",3609,8,True,True,True,True,True,True,True,True,True,True,,a995b1e7059bb3d70adcb9ad9ee2c8d623545cf92c4a5acffc8ad0d777e95e01,86,float64,7,float64
coffee_table/case270,coffee_table,case270,/ssd1/itaein/datasets/RoboCerebra/RoboCerebra_trainset/coffee_table/case270/demo.hdf5,RoboCerebra_trainset/coffee_table/case270/demo.hdf5,RoboCerebra_trainset/coffee_table/case270/case270.mp4,"The task involves preparing a heated snack plate by assembling cream cheese and BBQ sauce on a plate taken from the coffee table, placing the plate into an active microwave for heating.",4392,9,True,True,True,True,True,True,True,True,True,True,,238f540518cb1000bbdc10e9221e48b5f5390e704625c0f309de78d3f763a866,73,float64,7,float64
coffee_table/case271,coffee_table,case271,/ssd1/itaein/datasets/RoboCerebra/RoboCerebra_trainset/coffee_table/case271/demo.hdf5,RoboCerebra_trainset/coffee_table/case271/demo.hdf5,RoboCerebra_trainset/coffee_table/case271/case271.mp4,"Prepare a snack-time serving setup by arranging milk, a wine bottle, and a porcelain mug from the short_fridge and coffee_table onto a wooden_tray placed on the table.",2978,7,True,True,True,True,True,True,True,True,True,True,,a3b4088e66b1a107cb813295271eed22a47d824e779f0fbd668bf3d7eff763cb,86,float64,7,float64
coffee_table/case272,coffee_table,case272,/ssd1/itaein/datasets/RoboCerebra/RoboCerebra_trainset/coffee_table/case272/demo.hdf5,RoboCerebra_trainset/coffee_table/case272/demo.hdf5,RoboCerebra_trainset/coffee_table/case272/case272.mp4,Heat up alphabet soup in a white bowl using the microwave and organize a plate from the coffee table into a white cabinet.,5063,9,True,True,True,True,True,True,True,True,True,True,,6dc6154c862d72a8668398145be7d645719c988cf160b63219c9b444801610b1,79,float64,7,float64
coffee_table/case273,coffee_table,case273,/ssd1/itaein/datasets/RoboCerebra/RoboCerebra_trainset/coffee_table/case273/demo.hdf5,RoboCerebra_trainset/coffee_table/case273/demo.hdf5,RoboCerebra_trainset/coffee_table/case273/case273.mp4,"Prepare popcorn with butter by collecting a white bowl from a wooden cabinet, combining butter and popcorn in the bowl, and heating it on a flat stove.",3206,12,True,True,True,True,True,True,True,True,True,True,,9c80b0612592e2a073c8df15bf8b0e66412af684e7773e6fb7e18df7d1a20bdd,79,float64,7,float64
coffee_table/case274,coffee_table,case274,/ssd1/itaein/datasets/RoboCerebra/RoboCerebra_trainset/coffee_table/case274/demo.hdf5,RoboCerebra_trainset/coffee_table/case274/demo.hdf5,RoboCerebra_trainset/coffee_table/case274/case274.mp4,"Create a sequence for organizing and preparing cooking-related items by interacting with the wooden_cabinet, chefmate_8_frypan, wooden_tray, microwave, coffee_table, red_coffee_mug, and wine_bottle, including actions like retrieving, placing, and pouring.",5471,7,True,True,True,True,True,True,True,True,True,True,,fb2cb2bede4b102926c7043bb1c3e80e5afc9dee0b5cb6b244328b46acf56572,92,float64,7,float64
coffee_table/case275,coffee_table,case275,/ssd1/itaein/datasets/RoboCerebra/RoboCerebra_trainset/coffee_table/case275/demo.hdf5,RoboCerebra_trainset/coffee_table/case275/demo.hdf5,RoboCerebra_trainset/coffee_table/case275/case275.mp4,"Prepare a mixed snack bowl by combining cream cheese from the wooden cabinet and chocolate pudding from the coffee table in a white bowl, and retrieve a red coffee mug from the short cabinet.",3031,9,True,True,True,True,True,True,True,True,True,True,,79866d87079e0d64a8c9085690faf15bde93d62bdae8279bcc7de8617470bc0c,96,float64,7,float64
coffee_table/case276,coffee_table,case276,/ssd1/itaein/datasets/RoboCerebra/RoboCerebra_trainset/coffee_table/case276/demo.hdf5,RoboCerebra_trainset/coffee_table/case276/demo.hdf5,RoboCerebra_trainset/coffee_table/case276/case276.mp4,"The task involves preparing a culinary setup by arranging a chefmate_8_frypan, milk, akita_black_bowl, wine_bottle, and a poured-out bbq_sauce on a counter after retrieving them from a wooden_cabinet, short_fridge, and coffee_table.",3079,8,True,True,True,True,True,True,True,True,True,True,,bec59297c0f004742e5d8f5ce220db29d97726dac96264aeb1a21008714aa7df,105,float64,7,float64
coffee_table/case277,coffee_table,case277,/ssd1/itaein/datasets/RoboCerebra/RoboCerebra_trainset/coffee_table/case277/demo.hdf5,RoboCerebra_trainset/coffee_table/case277/demo.hdf5,RoboCerebra_trainset/coffee_table/case277/case277.mp4,"The task involves preparing a snack setup by sequentially manipulating objects (white_bowl, popcorn, wine_bottle, cream_cheese) on a coffee_table to transfer items or pour liquids into appropriate containers and activating a flat_stove in the cook_region for further use.",2788,10,True,True,True,True,True,True,True,True,True,True,,55b0f21c714ca91f803e5e94141d5ca29d3b2a7b26d341c8e6af12e57ae5764c,99,float64,7,float64
coffee_table/case278,coffee_table,case278,/ssd1/itaein/datasets/RoboCerebra/RoboCerebra_trainset/coffee_table/case278/demo.hdf5,RoboCerebra_trainset/coffee_table/case278/demo.hdf5,RoboCerebra_trainset/coffee_table/case278/case278.mp4,Prepare a snack by heating a red coffee mug in the microwave and assembling chocolate pudding and cream cheese onto a plate from the coffee table.,3308,7,True,True,True,True,True,True,True,True,True,True,,357972d0ce6ad05798740ab38ed4d2d0fcada5cb3198f9e2de3ea80931d78be8,86,float64,7,float64
coffee_table/case279,coffee_table,case279,/ssd1/itaein/datasets/RoboCerebra/RoboCerebra_trainset/coffee_table/case279/demo.hdf5,RoboCerebra_trainset/coffee_table/case279/demo.hdf5,RoboCerebra_trainset/coffee_table/case279/case279.mp4,"Organize items on the coffee_table by placing cookies into a white_storage_box, a chefmate_8_frypan onto a wooden_tray, and a porcelain_mug onto a bowl_drainer.",2514,6,True,True,True,True,True,True,True,True,True,True,,71c8ed142b9a9b9e3af47dc480a04ed19b34ab2936256fa929178db5ed9b905d,84,float64,7,float64
coffee_table/case280,coffee_table,case280,/ssd1/itaein/datasets/RoboCerebra/RoboCerebra_trainset/coffee_table/case280/demo.hdf5,RoboCerebra_trainset/coffee_table/case280/demo.hdf5,RoboCerebra_trainset/coffee_table/case280/case280.mp4,"Prepare a dessert plate by assembling chocolate pudding, butter, and milk on a plate sourced from a wooden cabinet and placed on a table.",3202,10,True,True,True,True,True,True,True,True,True,True,,01b67de6426594b09ad2339a6b7036e052a60e219aabf8f4d3af9c0ab70697b1,90,float64,7,float64
coffee_table/case281,coffee_table,case281,/ssd1/itaein/datasets/RoboCerebra/RoboCerebra_trainset/coffee_table/case281/demo.hdf5,RoboCerebra_trainset/coffee_table/case281/demo.hdf5,RoboCerebra_trainset/coffee_table/case281/case281.mp4,"The task is to prepare a cooking setup by interacting with a wooden cabinet, a coffee table, a white bowl, butter, a microwave, and tomato sauce to organize ingredients and position them for heating.",2759,9,True,True,True,True,True,True,True,True,True,True,,b591d492741740fefc0eb2cc515b3e1de026e2011a6f3a9e1f239d216cc6cef8,79,float64,7,float64
coffee_table/case282,coffee_table,case282,/ssd1/itaein/datasets/RoboCerebra/RoboCerebra_trainset/coffee_table/case282/demo.hdf5,RoboCerebra_trainset/coffee_table/case282/demo.hdf5,RoboCerebra_trainset/coffee_table/case282/case282.mp4,"Organize a culinary scene by relocating items, including chocolate pudding, mugs, a frypan, and a wine bottle between a wooden cabinet, coffee table, and microwave.",2811,6,True,True,True,True,True,True,True,True,True,True,,11a64976d199a45b8b9e4d0eb4d50907e9922ec4ce10bd6758f0bcb99158d096,105,float64,7,float64
coffee_table/case283,coffee_table,case283,/ssd1/itaein/datasets/RoboCerebra/RoboCerebra_trainset/coffee_table/case283/demo.hdf5,RoboCerebra_trainset/coffee_table/case283/demo.hdf5,RoboCerebra_trainset/coffee_table/case283/case283.mp4,Prepare a mixed beverage by combining wine and orange juice in a porcelain mug and organize the moka pot by transferring it from the wooden cabinet to the coffee table.,4126,9,True,True,True,True,True,True,True,True,True,True,,a2bcd7a4d5bc0b888c3b0a2fdbe08916bb68aef395829bb413c32041accb48bf,90,float64,7,float64
coffee_table/case284,coffee_table,case284,/ssd1/itaein/datasets/RoboCerebra/RoboCerebra_trainset/coffee_table/case284/demo.hdf5,RoboCerebra_trainset/coffee_table/case284/demo.hdf5,RoboCerebra_trainset/coffee_table/case284/case284.mp4,"The task involves preparing a cooking scene by using a wooden cabinet, chefmate frypan, flat stove, tomato sauce, coffee table, red coffee mug, and wine bottle to heat tomato sauce in a frypan and pour wine into a mug for beverage preparation.",2833,9,True,True,True,True,True,True,True,True,True,True,,887902c207103c9de556b4740f41cf48d8d489b4399a7fa87993fe5e99cf2b40,92,float64,7,float64
coffee_table/case285,coffee_table,case285,/ssd1/itaein/datasets/RoboCerebra/RoboCerebra_trainset/coffee_table/case285/demo.hdf5,RoboCerebra_trainset/coffee_table/case285/demo.hdf5,RoboCerebra_trainset/coffee_table/case285/case285.mp4,Set up a mini snack and beverage station by pouring wine from a wine_bottle into a white_yellow_mug on a coffee_table and storing cookies in a white_storage_box after retrieving them from the coffee_table.,1928,5,True,True,True,False,True,True,True,True,True,False,terminal_mismatch;frame_assignment_not_exact,817684ac24e880851fe86b303c72b04bb43a6744868a628e00ab7d1c60aab5f3,77,float64,7,float64
coffee_table/case286,coffee_table,case286,/ssd1/itaein/datasets/RoboCerebra/RoboCerebra_trainset/coffee_table/case286/demo.hdf5,RoboCerebra_trainset/coffee_table/case286/demo.hdf5,RoboCerebra_trainset/coffee_table/case286/case286.mp4,"Prepare a snack setup by arranging cookies on a plate with milk poured onto it and orange juice poured into a white-yellow mug, using objects from the coffee table, counter, and short fridge.",4167,9,True,True,True,True,True,True,True,True,True,True,,60d45a0234d8d354fe0b5dfc75741980300b1036eb04c071e6d476cd83c8897c,99,float64,7,float64
coffee_table/case287,coffee_table,case287,/ssd1/itaein/datasets/RoboCerebra/RoboCerebra_trainset/coffee_table/case287/demo.hdf5,RoboCerebra_trainset/coffee_table/case287/demo.hdf5,RoboCerebra_trainset/coffee_table/case287/case287.mp4,"Prepare a beverage-infused setting by using a white cabinet, a porcelain mug, a coffee table, a wine bottle, a microwave, and a red coffee mug to serve wine in a mug and place another mug in the microwave for heating.",3883,9,True,True,True,True,True,True,True,True,True,True,,39018a725da1b0642f089cd4f887d85a38cb153d0eab1b6fe3c1f9efe9c257a4,79,float64,7,float64
coffee_table/case288,coffee_table,case288,/ssd1/itaein/datasets/RoboCerebra/RoboCerebra_trainset/coffee_table/case288/demo.hdf5,RoboCerebra_trainset/coffee_table/case288/demo.hdf5,RoboCerebra_trainset/coffee_table/case288/case288.mp4,"Organize kitchen items by moving the butter, white bowl, chefmate 8"" frypan, wine bottle, salad dressing, and moka pot from the coffee table to designated storage spaces like the wooden cabinet, wooden two-layer shelf, and rack, while also pouring contents as specified.",4818,14,True,True,True,True,True,True,True,True,True,True,,5b509fb531dc192a6673678e02775d44f0b97eee866189d63d82fefd48886198,129,float64,7,float64
coffee_table/case289,coffee_table,case289,/ssd1/itaein/datasets/RoboCerebra/RoboCerebra_trainset/coffee_table/case289/demo.hdf5,RoboCerebra_trainset/coffee_table/case289/demo.hdf5,RoboCerebra_trainset/coffee_table/case289/case289.mp4,Organize items from the coffee_table by placing the chocolate_pudding into the short_cabinet middle_region and the white_yellow_mug onto the wooden_shelf top_side.,1988,5,True,True,True,True,True,True,True,True,True,True,,40f172817f6c23fa25f839e4fbf9974a1bbdeb5e757f398651edbc6d3325d5ac,64,float64,7,float64
coffee_table/case290,coffee_table,case290,/ssd1/itaein/datasets/RoboCerebra/RoboCerebra_trainset/coffee_table/case290/demo.hdf5,RoboCerebra_trainset/coffee_table/case290/demo.hdf5,RoboCerebra_trainset/coffee_table/case290/case290.mp4,"Prepare dairy ingredients for cooking by retrieving milk, cream cheese, and butter from specified locations, placing them on the coffee table, and transferring cream cheese into a bowl and butter into a ramekin.",3621,12,True,True,True,True,True,True,True,True,True,True,,3355b5ca421a376cfc8b48b5a6ecf53b3eddfc9fc9bf50f794c42fb9bf4f08dc,107,float64,7,float64
coffee_table/case291,coffee_table,case291,/ssd1/itaein/datasets/RoboCerebra/RoboCerebra_trainset/coffee_table/case291/demo.hdf5,RoboCerebra_trainset/coffee_table/case291/demo.hdf5,RoboCerebra_trainset/coffee_table/case291/case291.mp4,"The task involves organizing and interacting with various kitchen items, including a white bowl, orange juice, wine bottle, moka pot, and frypan on a coffee table, while processing liquids into specific containers to set up an interactive arrangement.",3163,7,True,True,True,True,True,True,True,True,True,True,,8a3105d86e836e50a8ecb39e321345df3d7551716fa950753c76a52545e97ec4,112,float64,7,float64
coffee_table/case292,coffee_table,case292,/ssd1/itaein/datasets/RoboCerebra/RoboCerebra_trainset/coffee_table/case292/demo.hdf5,RoboCerebra_trainset/coffee_table/case292/demo.hdf5,RoboCerebra_trainset/coffee_table/case292/case292.mp4,"Organize tableware (porcelain_mug, white_bowl) and beverages (milk, wine) from the coffee_table by storing them in designated locations (wooden_cabinet, wooden_shelf), pouring milk into the white_bowl and wine into the porcelain_mug as instructed.",3921,11,True,True,True,True,True,True,True,True,True,True,,6cf1f51408f268b370c2dbb38fe5dd3b5e82bc3df207a30cf9a76a60f9fffedc,90,float64,7,float64
coffee_table/case293,coffee_table,case293,/ssd1/itaein/datasets/RoboCerebra/RoboCerebra_trainset/coffee_table/case293/demo.hdf5,RoboCerebra_trainset/coffee_table/case293/demo.hdf5,RoboCerebra_trainset/coffee_table/case293/case293.mp4,"Set up a culinary demonstration by arranging a chefmate_8_frypan on a wooden_shelf, transferring butter and cookies into a glazed_rim_porcelain_ramekin, and pouring bbq_sauce from a coffee_table into a porcelain_mug.",4106,10,True,True,True,True,True,True,True,True,True,True,,570839f1ab927870886de6171f020d8e87bc37d2347fda4211e15dfa1e3f911f,116,float64,7,float64
coffee_table/case294,coffee_table,case294,/ssd1/itaein/datasets/RoboCerebra/RoboCerebra_trainset/coffee_table/case294/demo.hdf5,RoboCerebra_trainset/coffee_table/case294/demo.hdf5,RoboCerebra_trainset/coffee_table/case294/case294.mp4,Prepare macaroni and cheese in a frypan using butter on the stovetop while placing a wine bottle on the side table for a beverage arrangement.,4657,10,True,True,True,True,True,True,True,True,True,True,,27a3dfeeab801c434d0a4797a425d50f73907f87912aadc3ec049411ae98dd90,92,float64,7,float64
coffee_table/case295,coffee_table,case295,/ssd1/itaein/datasets/RoboCerebra/RoboCerebra_trainset/coffee_table/case295/demo.hdf5,RoboCerebra_trainset/coffee_table/case295/demo.hdf5,RoboCerebra_trainset/coffee_table/case295/case295.mp4,Prepare a snack by heating cookies in the microwave and serve a simulated wine drink by pouring wine from a bottle into an Akita black bowl.,3090,6,True,True,True,True,True,True,True,True,True,True,,d778bb1381e3297a6cfa06cae21f2d62bc1572a6d5e762f89fc767a08adf2ca8,73,float64,7,float64
coffee_table/case296,coffee_table,case296,/ssd1/itaein/datasets/RoboCerebra/RoboCerebra_trainset/coffee_table/case296/demo.hdf5,RoboCerebra_trainset/coffee_table/case296/demo.hdf5,RoboCerebra_trainset/coffee_table/case296/case296.mp4,"The task involves organizing by storing macaroni_and_cheese in the middle_region of a short_cabinet, serving wine from a wine_bottle into a glazed_rim_porcelain_ramekin, and arranging a porcelain_mug on the top_region of a wine_rack.",3649,8,True,True,True,True,True,True,True,True,True,True,,8dbb25cc5425b2fb2b9ddf6706329b16136d069ea02396d4964356ab5804b616,90,float64,7,float64
coffee_table/case297,coffee_table,case297,/ssd1/itaein/datasets/RoboCerebra/RoboCerebra_trainset/coffee_table/case297/demo.hdf5,RoboCerebra_trainset/coffee_table/case297/demo.hdf5,RoboCerebra_trainset/coffee_table/case297/case297.mp4,"The task involves transferring wine from a wine_bottle stored in the wooden_cabinet to another location, followed by storing a porcelain_mug from the coffee_table into a white_storage_box.",2218,5,True,True,True,True,True,True,True,True,True,True,,360d0ce224fc1696d3a9cf3412d5b855f6ead032e357ebd70344dcee28b5c6cc,64,float64,7,float64
coffee_table/case298,coffee_table,case298,/ssd1/itaein/datasets/RoboCerebra/RoboCerebra_trainset/coffee_table/case298/demo.hdf5,RoboCerebra_trainset/coffee_table/case298/demo.hdf5,RoboCerebra_trainset/coffee_table/case298/case298.mp4,"The task is to warm cream cheese and tomato sauce mix by preparing the ingredients on a plate, transferring them from the coffee table, and heating the plate in the microwave.",4567,12,True,True,True,True,True,True,True,True,True,True,,62f85ee425ab1c2793ede6fa045b8f3e72b7a3fb61332c0cb59e0da4e5720492,86,float64,7,float64
coffee_table/case299,coffee_table,case299,/ssd1/itaein/datasets/RoboCerebra/RoboCerebra_trainset/coffee_table/case299/demo.hdf5,RoboCerebra_trainset/coffee_table/case299/demo.hdf5,RoboCerebra_trainset/coffee_table/case299/case299.mp4,"Prepare a snack serving setup by pouring wine from a wine bottle into a white-yellow mug and arranging cookies on a plate placed in a basket, using the coffee table as the staging area.",2878,8,True,True,True,True,True,True,True,True,True,True,,1b9f4e4a4a2f9bd09b2e74eb711ceedaa80aa95895cf98bcb4bd678cb059c09d,97,float64,7,float64
coffee_table/case300,coffee_table,case300,/ssd1/itaein/datasets/RoboCerebra/RoboCerebra_trainset/coffee_table/case300/demo.hdf5,RoboCerebra_trainset/coffee_table/case300/demo.hdf5,RoboCerebra_trainset/coffee_table/case300/case300.mp4,Prepare a dish by placing cream_cheese into a white_bowl from a wooden_cabinet and heating a chefmate_8_frypan on a flat_stove.,2145,8,True,True,True,True,True,True,True,True,True,True,,502803bba51880dff9aebc43f1defa7b1c85c4580dc00666e269af5dd03e3889,79,float64,7,float64
coffee_table/case301,coffee_table,case301,/ssd1/itaein/datasets/RoboCerebra/RoboCerebra_trainset/coffee_table/case301/demo.hdf5,RoboCerebra_trainset/coffee_table/case301/demo.hdf5,RoboCerebra_trainset/coffee_table/case301/case301.mp4,"Set up a café-like scene by arranging various objects, including opening a white cabinet to retrieve and place a basket filled with chocolate pudding and butter on the countertop, pouring wine from a bottle into a porcelain mug, preparing popcorn in a bowl drainer, and setting a moka pot on a flat stove.",3427,12,True,True,True,True,True,True,True,True,True,True,,8488239ad9c4b3103d17129d2689b15749a8d4440782df25ab827c7e944f5940,131,float64,7,float64
coffee_table/case302,coffee_table,case302,/ssd1/itaein/datasets/RoboCerebra/RoboCerebra_trainset/coffee_table/case302/demo.hdf5,RoboCerebra_trainset/coffee_table/case302/demo.hdf5,RoboCerebra_trainset/coffee_table/case302/case302.mp4,"Prepare a simple meal setup by organizing a plate with macaroni and cheese topped with wine, placing them on a wooden cabinet, and activating a flat stove for cooking.",3111,8,True,True,True,True,True,True,True,True,True,True,,e92256319e3737320de030e0bc787e7574bc170563a2794cb2436fe98a4a7927,79,float64,7,float64
coffee_table/case303,coffee_table,case303,/ssd1/itaein/datasets/RoboCerebra/RoboCerebra_trainset/coffee_table/case303/demo.hdf5,RoboCerebra_trainset/coffee_table/case303/demo.hdf5,RoboCerebra_trainset/coffee_table/case303/case303.mp4,"Prepare a mixed dressing plate by retrieving a plate from the wooden cabinet, placing it on the coffee table, and sequentially pouring tomato sauce, salad dressing, and milk onto the plate while returning their containers to the coffee table.",3013,11,True,True,True,True,True,True,True,True,True,True,,bb9c7a56cc95cb1a69f7d14de3ca95a358f0611bc20b3c6e5e0592630692c001,90,float64,7,float64
coffee_table/case304,coffee_table,case304,/ssd1/itaein/datasets/RoboCerebra/RoboCerebra_trainset/coffee_table/case304/demo.hdf5,RoboCerebra_trainset/coffee_table/case304/demo.hdf5,RoboCerebra_trainset/coffee_table/case304/case304.mp4,"Heat orange juice by pouring it into a white and yellow mug from a container on a coffee table, placing the mug into the microwave, and retrieving it after heating.",2169,7,True,True,True,True,True,True,True,True,True,True,,32d1e5cf983a0958e2beab3c17b21dc1ba810d46dad797bd94ed2a02844afae9,60,float64,7,float64
coffee_table/case305,coffee_table,case305,/ssd1/itaein/datasets/RoboCerebra/RoboCerebra_trainset/coffee_table/case305/demo.hdf5,RoboCerebra_trainset/coffee_table/case305/demo.hdf5,RoboCerebra_trainset/coffee_table/case305/case305.mp4,"Organize kitchen items by interacting with a short_fridge, coffee_table, chefmate_8_frypan, bbq_sauce, porcelain_mug, and wine_bottle to prepare for cooking and beverage serving.",2431,7,True,True,True,True,True,True,True,True,True,True,,465ee9de45cb57304ea5c28c3919c4b8b00dd874b72cdb9e4a3ad619bfae3555,86,float64,7,float64
coffee_table/case306,coffee_table,case306,/ssd1/itaein/datasets/RoboCerebra/RoboCerebra_trainset/coffee_table/case306/demo.hdf5,RoboCerebra_trainset/coffee_table/case306/demo.hdf5,RoboCerebra_trainset/coffee_table/case306/case306.mp4,Fry butter in the chefmate_8_frypan and serve orange juice in the white_yellow_mug using items from the white_cabinet and coffee_table.,1490,5,True,True,True,True,True,True,True,True,True,True,,c3defdf5b3bda77c1aac0b3dcd0e7ed5ebfd6b9f1251ca1b9f85b56ab21bc69c,90,float64,7,float64
coffee_table/case307,coffee_table,case307,/ssd1/itaein/datasets/RoboCerebra/RoboCerebra_trainset/coffee_table/case307/demo.hdf5,RoboCerebra_trainset/coffee_table/case307/demo.hdf5,RoboCerebra_trainset/coffee_table/case307/case307.mp4,"Prepare a wine beverage by pouring wine from a wine_bottle into a white_yellow_mug and arrange a meal by placing macaroni_and_cheese onto a plate, using items from a coffee_table and cabinets.",1504,5,True,True,True,True,True,True,True,True,True,True,,87cd8ece00c86e81031cfe9291f72f98bd67fccee3986be857158e4e18c7645b,96,float64,7,float64
coffee_table/case308,coffee_table,case308,/ssd1/itaein/datasets/RoboCerebra/RoboCerebra_trainset/coffee_table/case308/demo.hdf5,RoboCerebra_trainset/coffee_table/case308/demo.hdf5,RoboCerebra_trainset/coffee_table/case308/case308.mp4,"The task involves setting up a serving area by transferring a chefmate_8_frypan, plate, akita_black_bowl, wine_bottle, and new_salad_dressing from the coffee_table to the serving_area, pouring the wine_bottle onto the plate, and pouring the new_salad_dressing into the akita_black_bowl while also opening the short_cabinet in the middle_region.",2630,7,True,True,True,True,True,True,True,True,True,True,,3d2d42e7f88c9bd8912e9d953a4871221d83581aa9f2ccdf7162f3057dca413c,103,float64,7,float64
coffee_table/case309,coffee_table,case309,/ssd1/itaein/datasets/RoboCerebra/RoboCerebra_trainset/coffee_table/case309/demo.hdf5,RoboCerebra_trainset/coffee_table/case309/demo.hdf5,RoboCerebra_trainset/coffee_table/case309/case309.mp4,"Heat orange juice by pouring it into a red coffee mug, placing the mug in the microwave, and operating the microwave until the heating process is complete.",4939,9,True,True,True,True,True,True,True,True,True,True,,fda94ff4072bc6b64953d849f97e583e1e7c30ba5928b9b1d90e81257b08cf51,60,float64,7,float64
coffee_table/case310,coffee_table,case310,/ssd1/itaein/datasets/RoboCerebra/RoboCerebra_trainset/coffee_table/case310/demo.hdf5,RoboCerebra_trainset/coffee_table/case310/demo.hdf5,RoboCerebra_trainset/coffee_table/case310/case310.mp4,"The task involves using a robotic arm with a gripper to prepare food by moving cookies from a coffee table to a plate, placing the plate with cookies into a microwave, and pouring salad dressing from a container onto the plate.",3429,9,True,True,True,True,True,True,True,True,True,True,,db1261b8d9d8d26badf115cb0bdcd2d0eccfb9e23830aec4dd2a4f18f0db0273,73,float64,7,float64
coffee_table/case311,coffee_table,case311,/ssd1/itaein/datasets/RoboCerebra/RoboCerebra_trainset/coffee_table/case311/demo.hdf5,RoboCerebra_trainset/coffee_table/case311/demo.hdf5,RoboCerebra_trainset/coffee_table/case311/case311.mp4,"Organize items by moving the porcelain mug, macaroni and cheese, and chefmate frypan from the coffee table to the wooden cabinet and rack, while using the white bowl to hold BBQ sauce and returning it to the coffee table.",5327,10,True,True,True,True,True,True,True,True,True,True,,f96c54b330a7e3d7f2fc265ddf48708ee7944787b7ecc7bf427a4ef4a519e3ca,116,float64,7,float64
coffee_table/case312,coffee_table,case312,/ssd1/itaein/datasets/RoboCerebra/RoboCerebra_trainset/coffee_table/case312/demo.hdf5,RoboCerebra_trainset/coffee_table/case312/demo.hdf5,RoboCerebra_trainset/coffee_table/case312/case312.mp4,"Prepare a mixed snack bowl by combining popcorn, milk, and salad dressing into the akita_black_bowl at the working_area, and set aside the chefmate_8_frypan from the coffee_table.",3809,11,True,True,True,False,True,True,True,True,True,False,terminal_mismatch;frame_assignment_not_exact,ef3230c9b786978e3aae22d5066b00465dabcc95c4948f914ddfec2c732ed10f,97,float64,7,float64
coffee_table/case313,coffee_table,case313,/ssd1/itaein/datasets/RoboCerebra/RoboCerebra_trainset/coffee_table/case313/demo.hdf5,RoboCerebra_trainset/coffee_table/case313/demo.hdf5,RoboCerebra_trainset/coffee_table/case313/case313.mp4,"Organize dining items (plate, white_bowl, cookies, and alphabet_soup) from the coffee_table onto designated regions of a wooden_two_layer_shelf to arrange them systematically.",4868,8,True,True,True,True,True,True,True,True,True,True,,5834aff618c5a7091059bb9504f3ab944bd16c49565806323fe9fbe6cb88a318,84,float64,7,float64
coffee_table/case314,coffee_table,case314,/ssd1/itaein/datasets/RoboCerebra/RoboCerebra_trainset/coffee_table/case314/demo.hdf5,RoboCerebra_trainset/coffee_table/case314/demo.hdf5,RoboCerebra_trainset/coffee_table/case314/case314.mp4,"The task involves preparing a dish setup by organizing items such as a plate, akita_black_bowl, wooden_tray, and wine_bottle on the counter, while pouring bbq_sauce, orange_juice, and new_salad_dressing into their respective containers.",2835,9,True,True,True,False,True,True,True,True,True,False,terminal_mismatch;frame_assignment_not_exact,a19383b481940f309920b13b7ba6e2e7a820fa6d00f903f6b32125cce187a4c8,125,float64,7,float64
coffee_table/case315,coffee_table,case315,/ssd1/itaein/datasets/RoboCerebra/RoboCerebra_trainset/coffee_table/case315/demo.hdf5,RoboCerebra_trainset/coffee_table/case315/demo.hdf5,RoboCerebra_trainset/coffee_table/case315/case315.mp4,"Serve cookies with butter on a plate, pour out wine from a wine bottle, and reposition the frypan onto a rack, using objects including wine_bottle, plate, cookies, butter, coffee_table, and chefmate_8_frypan.",3098,9,True,True,True,False,True,True,True,True,True,False,terminal_mismatch;frame_assignment_not_exact,ce7a46e1de0624bfccd14efb6a72b6e0a8b076485c4167bdde9614efd4a05b18,110,float64,7,float64
coffee_table/case316,coffee_table,case316,/ssd1/itaein/datasets/RoboCerebra/RoboCerebra_trainset/coffee_table/case316/demo.hdf5,RoboCerebra_trainset/coffee_table/case316/demo.hdf5,RoboCerebra_trainset/coffee_table/case316/case316.mp4,"Arrange a snack setup by placing cookies on a plate and a porcelain mug next to it, and organize kitchen items by relocating a chefmate_8_frypan to the kitchen counter, a wine bottle to the top of the wine rack, and interacting with storage spaces like a wooden cabinet and microwave to access items.",3968,10,True,True,True,False,True,True,True,True,True,False,terminal_mismatch;frame_assignment_not_exact,c5139fcc0d0b9af415860cd7e27f3b31389db71d896c918bcb1f7ae061d6188f,105,float64,7,float64
coffee_table/case317,coffee_table,case317,/ssd1/itaein/datasets/RoboCerebra/RoboCerebra_trainset/coffee_table/case317/demo.hdf5,RoboCerebra_trainset/coffee_table/case317/demo.hdf5,RoboCerebra_trainset/coffee_table/case317/case317.mp4,"The task involves preparing a heating and pouring operation by interacting with a wooden cabinet, microwave, coffee table, and various objects (alphabet soup, chefmate frypan, and wine bottle) to heat soup and pour wine onto the coffee table.",2546,6,True,True,False,False,True,True,True,True,True,False,nonpositive_interval;terminal_mismatch;frame_assignment_not_exact,e4f4c986a7943643074bb13bb6a215a97c669cfa86528af813a5ac6cf1940b2e,79,float64,7,float64
coffee_table/case318,coffee_table,case318,/ssd1/itaein/datasets/RoboCerebra/RoboCerebra_trainset/coffee_table/case318/demo.hdf5,RoboCerebra_trainset/coffee_table/case318/demo.hdf5,RoboCerebra_trainset/coffee_table/case318/case318.mp4,"Organize cream_cheese, cookies, and chocolate_pudding from the coffee_table into the white_cabinet, a plate, and a white_bowl respectively for proper storage and serving.",2167,9,True,True,True,True,True,True,True,True,True,True,,0453737848946e40784a8bc22892c4057d9dd8b9ce631cedf3056af6b40a71b1,103,float64,7,float64
coffee_table/case319,coffee_table,case319,/ssd1/itaein/datasets/RoboCerebra/RoboCerebra_trainset/coffee_table/case319/demo.hdf5,RoboCerebra_trainset/coffee_table/case319/demo.hdf5,RoboCerebra_trainset/coffee_table/case319/case319.mp4,"Create a creative culinary scene by mixing new_salad_dressing with cookies in a white_bowl, melting butter in a chefmate_8_frypan placed on a flat_stove, and utilizing objects like the coffee_table, cook_region, and a flat_stove for facilitating the steps.",3036,10,True,True,True,False,True,True,True,True,True,False,terminal_mismatch;frame_assignment_not_exact,d6bb1f3424aaaa6520bd2dac3eaeb9ca14eff8e290bfa901a7a9b80edc4873a3,99,float64,7,float64
coffee_table/case320,coffee_table,case320,/ssd1/itaein/datasets/RoboCerebra/RoboCerebra_trainset/coffee_table/case320/demo.hdf5,RoboCerebra_trainset/coffee_table/case320/demo.hdf5,RoboCerebra_trainset/coffee_table/case320/case320.mp4,"Prepare a sauce mixture by combining butter, cream cheese, and tomato sauce in the akita_black_bowl, then activate the flat_stove cooking station.",2068,10,True,True,True,False,True,True,True,True,True,False,terminal_mismatch;frame_assignment_not_exact,40ce181b79a581a16656794a8a5400c70c3bbb38da117a1b755d9ab9fb77a2be,86,float64,7,float64
coffee_table/case321,coffee_table,case321,/ssd1/itaein/datasets/RoboCerebra/RoboCerebra_trainset/coffee_table/case321/demo.hdf5,RoboCerebra_trainset/coffee_table/case321/demo.hdf5,RoboCerebra_trainset/coffee_table/case321/case321.mp4,"Prepare a beverage by transferring wine from a wine_bottle to a red_coffee_mug, warm a dish by placing a plate in the microwave, and organize a cream_cheese block by relocating it to a wooden_shelf.",2894,8,True,True,True,True,True,True,True,True,True,True,,416d20609f54a1636e880cdbeb9a11c4f567cd99c81fd5e32cae92a1398c8b62,86,float64,7,float64
coffee_table/case322,coffee_table,case322,/ssd1/itaein/datasets/RoboCerebra/RoboCerebra_trainset/coffee_table/case322/demo.hdf5,RoboCerebra_trainset/coffee_table/case322/demo.hdf5,RoboCerebra_trainset/coffee_table/case322/case322.mp4,Organize a snack scene by placing popcorn from the coffee table into a basket and mix beverages by pouring milk into a red coffee mug and orange juice into a glazed rim porcelain ramekin.,2332,8,True,True,True,False,True,True,True,True,True,False,terminal_mismatch;frame_assignment_not_exact,18bdb5b4c32f7d8f19946b8fd2758f2dd109bb0d5481a21168993cc01ebc0eae,116,float64,7,float64
coffee_table/case323,coffee_table,case323,/ssd1/itaein/datasets/RoboCerebra/RoboCerebra_trainset/coffee_table/case323/demo.hdf5,RoboCerebra_trainset/coffee_table/case323/demo.hdf5,RoboCerebra_trainset/coffee_table/case323/case323.mp4,"The task involves using a robotic arm to set up a kitchen scene by manipulating various objects, including a wooden cabinet, chefmate frypan, flat stove, bowl drainer, coffee table, red coffee mug, plate, and popcorn to complete actions like opening, picking up, placing, and turning on appliances.",558,2,True,True,True,False,True,True,True,True,True,False,terminal_mismatch;frame_assignment_not_exact,71599215938c3374ec6d71baf66a74f15862a5a6e0e78ce685d082f5d453201a,94,float64,7,float64
coffee_table/case324,coffee_table,case324,/ssd1/itaein/datasets/RoboCerebra/RoboCerebra_trainset/coffee_table/case324/demo.hdf5,RoboCerebra_trainset/coffee_table/case324/demo.hdf5,RoboCerebra_trainset/coffee_table/case324/case324.mp4,"Set up a light refreshment arrangement by preparing a white_yellow_mug with orange_juice, plating chocolate_pudding, and arranging a wine_bottle on a wooden_tray on the coffee_table.",2994,8,True,True,True,False,True,True,True,True,True,False,terminal_mismatch;frame_assignment_not_exact,9a7eabb772fb04265e1c2f3a5a868852bea06e820fd02970939f7432978d02b0,112,float64,7,float64
coffee_table/case325,coffee_table,case325,/ssd1/itaein/datasets/RoboCerebra/RoboCerebra_trainset/coffee_table/case325/demo.hdf5,RoboCerebra_trainset/coffee_table/case325/demo.hdf5,RoboCerebra_trainset/coffee_table/case325/case325.mp4,"The task involves preparing for cooking by using a wooden cabinet to retrieve a red coffee mug, placing it in a microwave, handling a chefmate 8"" frypan on a coffee table, and pouring tomato sauce onto the frypan.",3006,7,True,True,True,False,True,True,True,True,True,False,terminal_mismatch;frame_assignment_not_exact,044fd054e958a0ee69b0291d832762cd25bb54cd73f749f630423f4965cece55,79,float64,7,float64
coffee_table/case326,coffee_table,case326,/ssd1/itaein/datasets/RoboCerebra/RoboCerebra_trainset/coffee_table/case326/demo.hdf5,RoboCerebra_trainset/coffee_table/case326/demo.hdf5,RoboCerebra_trainset/coffee_table/case326/case326.mp4,"Organize kitchen items by placing the chefmate_8_frypan onto the microwave, storing cream_cheese in a basket, placing the wine_bottle in a wine_rack, and pouring milk into a glazed_rim_porcelain_ramekin before returning the empty milk container to the coffee_table.",4236,10,True,True,True,True,True,True,True,True,True,True,,bc85f3a3cf2ff5a77edced55af476aef20142d442e95e9fab774764e308ddbfb,112,float64,7,float64
coffee_table/case327,coffee_table,case327,/ssd1/itaein/datasets/RoboCerebra/RoboCerebra_trainset/coffee_table/case327/demo.hdf5,RoboCerebra_trainset/coffee_table/case327/demo.hdf5,RoboCerebra_trainset/coffee_table/case327/case327.mp4,"Assemble a snack plate by placing cookies, popcorn, and the contents of a wine bottle from the coffee table onto a plate, after moving the plate to the assembly area.",1659,7,True,True,True,True,True,True,True,True,True,True,,102f7724a5b686989992acb075149e809953a9dacc7ad40962f45a2ad766b1a1,84,float64,7,float64
coffee_table/case328,coffee_table,case328,/ssd1/itaein/datasets/RoboCerebra/RoboCerebra_trainset/coffee_table/case328/demo.hdf5,RoboCerebra_trainset/coffee_table/case328/demo.hdf5,RoboCerebra_trainset/coffee_table/case328/case328.mp4,"Organize the butter and wine bottle by transferring the butter from the coffee_table into an akita_black_bowl and storing it in the short_cabinet, and then pouring out the wine_bottle and placing it onto the wooden_shelf.",2473,7,True,True,True,True,True,True,True,True,True,True,,c24f319c0739127d6b9fc1de426f61cdd3a1d03cf7378a6a1198346e029bb309,77,float64,7,float64
coffee_table/case329,coffee_table,case329,/ssd1/itaein/datasets/RoboCerebra/RoboCerebra_trainset/coffee_table/case329/demo.hdf5,RoboCerebra_trainset/coffee_table/case329/demo.hdf5,RoboCerebra_trainset/coffee_table/case329/case329.mp4,"Organize stored items by transferring the chocolate_pudding from the wooden_cabinet to the wooden_two_layer_shelf, and pour out the liquid from the wine_bottle after picking it up from the coffee_table, before returning the wine_bottle to the coffee_table and picking up the moka_pot.",1970,7,True,True,True,True,True,True,True,True,True,True,,4a0db4736fed8952961becfdbeb7d43a69fef84f3c385026bcb8bf1106412344,77,float64,7,float64
coffee_table/case330,coffee_table,case330,/ssd1/itaein/datasets/RoboCerebra/RoboCerebra_trainset/coffee_table/case330/demo.hdf5,RoboCerebra_trainset/coffee_table/case330/demo.hdf5,RoboCerebra_trainset/coffee_table/case330/case330.mp4,"Combine bbq_sauce, new_salad_dressing, and ketchup into a glazed_rim_porcelain_ramekin, then place it inside the microwave for heating.",5565,12,True,True,True,True,True,True,True,True,True,True,,487a6642e8f8aa2ffa751974fed3190243ce2803ced4abdd0d4c19441dd47ffc,88,float64,7,float64
coffee_table/case331,coffee_table,case331,/ssd1/itaein/datasets/RoboCerebra/RoboCerebra_trainset/coffee_table/case331/demo.hdf5,RoboCerebra_trainset/coffee_table/case331/demo.hdf5,RoboCerebra_trainset/coffee_table/case331/case331.mp4,"Simulate cooking by using a chefmate_8_frypan from a coffee_table, cream_cheese from a wooden_cabinet, and ketchup from a coffee_table, placed on and heated by a flat_stove.",3549,8,True,True,True,True,True,True,True,True,True,True,,eee5f355653e322765de24d8ddceb12af72427083939652c956766ed672b3249,79,float64,7,float64
coffee_table/case332,coffee_table,case332,/ssd1/itaein/datasets/RoboCerebra/RoboCerebra_trainset/coffee_table/case332/demo.hdf5,RoboCerebra_trainset/coffee_table/case332/demo.hdf5,RoboCerebra_trainset/coffee_table/case332/case332.mp4,Assemble a serving setup by arranging a wooden tray from the coffee table with wine poured into it and popcorn placed on a plate within the tray.,2965,7,True,True,True,True,True,True,True,True,True,True,,a395ec9f107bf4484baef9b7e7a12f2c2ebbd57b1f5e74b4e5b083f3e473390d,84,float64,7,float64
coffee_table/case333,coffee_table,case333,/ssd1/itaein/datasets/RoboCerebra/RoboCerebra_trainset/coffee_table/case333/demo.hdf5,RoboCerebra_trainset/coffee_table/case333/demo.hdf5,RoboCerebra_trainset/coffee_table/case333/case333.mp4,"The task involves using a robotic arm to organize kitchen and storage items by opening the white cabinet and microwave to relocate a red coffee mug, chefmate frypan, and wine bottle to designated surfaces, including pouring wine onto the wooden two-layer shelf top side.",3724,9,True,True,True,False,True,True,True,True,True,False,terminal_mismatch;frame_assignment_not_exact,f9c4288b9fc92a3958e30f3cc1ffbfcd8a42cdd85beff8c82bb794a82eed7985,79,float64,7,float64
coffee_table/case334,coffee_table,case334,/ssd1/itaein/datasets/RoboCerebra/RoboCerebra_trainset/coffee_table/case334/demo.hdf5,RoboCerebra_trainset/coffee_table/case334/demo.hdf5,RoboCerebra_trainset/coffee_table/case334/case334.mp4,"Prepare a snack plate by arranging cookies and chocolate pudding on a plate, and a beverage mug by pouring wine from a bottle into a porcelain mug.",2223,7,True,True,True,True,True,True,True,True,True,True,,f67ead7e5693584faa3abc55c4519a41d552b0755666bf71c03b7da83fb4c446,99,float64,7,float64
coffee_table/case335,coffee_table,case335,/ssd1/itaein/datasets/RoboCerebra/RoboCerebra_trainset/coffee_table/case335/demo.hdf5,RoboCerebra_trainset/coffee_table/case335/demo.hdf5,RoboCerebra_trainset/coffee_table/case335/case335.mp4,"The task involves simulating a process of cooking using a chefmate_8_frypan and tomato_sauce placed on a wooden_shelf, along with preparing a beverage by pouring wine from a wine_bottle into a red_coffee_mug on a coffee_table.",3069,8,True,True,True,True,True,True,True,True,True,True,,fd4150698754a8ae847cdbea98367ca2620d3c907c2e58172628e944f6027ffe,92,float64,7,float64
coffee_table/case336,coffee_table,case336,/ssd1/itaein/datasets/RoboCerebra/RoboCerebra_trainset/coffee_table/case336/demo.hdf5,RoboCerebra_trainset/coffee_table/case336/demo.hdf5,RoboCerebra_trainset/coffee_table/case336/case336.mp4,"Organize and redistribute items by moving a plate from the coffee_table to the top_region of the short_cabinet, a red_coffee_mug from the coffee_table to the left_region of the bowl_drainer, and pouring out the contents of a wine_bottle taken from the coffee_table.",3929,8,True,True,True,True,True,True,True,True,True,True,,a0b43df12090a3530eeeacf8b2eaf5153431cd75f16b563bee27e59526621232,77,float64,7,float64
coffee_table/case337,coffee_table,case337,/ssd1/itaein/datasets/RoboCerebra/RoboCerebra_trainset/coffee_table/case337/demo.hdf5,RoboCerebra_trainset/coffee_table/case337/demo.hdf5,RoboCerebra_trainset/coffee_table/case337/case337.mp4,"Organize the kitchen by gathering ingredients (macaroni_and_cheese, tomato_sauce, and wine_bottle) from various locations, arranging them on the counter, and preparing utensils (white_bowl) for use.",2721,7,True,True,True,True,True,True,True,True,True,True,,f3d91f190a523b343b528268b66e0bf40545bdc0cb3df7e4bb5056bba042efc8,92,float64,7,float64
coffee_table/case338,coffee_table,case338,/ssd1/itaein/datasets/RoboCerebra/RoboCerebra_trainset/coffee_table/case338/demo.hdf5,RoboCerebra_trainset/coffee_table/case338/demo.hdf5,RoboCerebra_trainset/coffee_table/case338/case338.mp4,"The task involves preparing snacks by retrieving cream cheese from a wooden cabinet, along with popcorn, bbq sauce, a ramekin, a mug, and a frying pan from the coffee table, placing them on the counter, and pouring out the bbq sauce for use.",1742,6,True,True,True,True,True,True,True,True,True,True,,685c5324046f0558d00168a7674dbe2501a0e9464d1569fb548a9f12a792e56f,116,float64,7,float64
coffee_table/case339,coffee_table,case339,/ssd1/itaein/datasets/RoboCerebra/RoboCerebra_trainset/coffee_table/case339/demo.hdf5,RoboCerebra_trainset/coffee_table/case339/demo.hdf5,RoboCerebra_trainset/coffee_table/case339/case339.mp4,The task involves organizing a breakfast setup by arranging a plate with cream cheese from the coffee table into the top region of a white cabinet and pouring BBQ sauce onto the contain region of a wooden tray.,2278,7,True,True,True,True,True,True,True,True,True,True,,4867a5d78d07e53de3815ddabefc030dc8db9fd653c97d65d1b76fb18a1cb9b4,90,float64,7,float64
coffee_table/case340,coffee_table,case340,/ssd1/itaein/datasets/RoboCerebra/RoboCerebra_trainset/coffee_table/case340/demo.hdf5,RoboCerebra_trainset/coffee_table/case340/demo.hdf5,RoboCerebra_trainset/coffee_table/case340/case340.mp4,"The task involves assembling a serving setup by arranging a plate, chefmate_8_frypan, glazed_rim_porcelain_ramekin, wine_bottle (used to pour contents onto the plate), bbq_sauce, and ketchup on a serving_setup, while interacting with a coffee_table and white_cabinet.",4566,12,True,True,True,True,True,True,True,True,True,True,,f007d1c1736ff2c9a885d911c6e5e3743b08cc7c3eff09993b375f1ef4759208,116,float64,7,float64
coffee_table/case341,coffee_table,case341,/ssd1/itaein/datasets/RoboCerebra/RoboCerebra_trainset/coffee_table/case341/demo.hdf5,RoboCerebra_trainset/coffee_table/case341/demo.hdf5,RoboCerebra_trainset/coffee_table/case341/case341.mp4,"The task involves setting up a cooking scene by retrieving a chefmate_8_frypan from a white_cabinet and placing it on a turned-on flat_stove, pouring tomato_sauce from a coffee_table into a white_bowl, and moving chocolate_pudding from the coffee_table onto a plate.",2662,9,True,True,True,True,True,True,True,True,True,True,,5bbb19009f54808cbdb4ae25de8482039b34bd8aa2a3ae267d1a16d73fd3e90c,105,float64,7,float64
coffee_table/case342,coffee_table,case342,/ssd1/itaein/datasets/RoboCerebra/RoboCerebra_trainset/coffee_table/case342/demo.hdf5,RoboCerebra_trainset/coffee_table/case342/demo.hdf5,RoboCerebra_trainset/coffee_table/case342/case342.mp4,"Prepare a heated snack by placing cream cheese and butter on a plate, heating it in a microwave, and serve a beverage by pouring wine from a wine bottle into a porcelain mug.",3536,11,True,True,True,True,True,True,True,True,True,True,,48d4533699ff2f21b0025472ee663df2ffb32acea6406059b31b6226de79a1bc,99,float64,7,float64
coffee_table/case343,coffee_table,case343,/ssd1/itaein/datasets/RoboCerebra/RoboCerebra_trainset/coffee_table/case343/demo.hdf5,RoboCerebra_trainset/coffee_table/case343/demo.hdf5,RoboCerebra_trainset/coffee_table/case343/case343.mp4,"Organize kitchen items by storing chocolate_pudding in the white_cabinet, handling a wine_bottle by pouring its contents and returning it to the coffee_table, and positioning a red_coffee_mug next to the moka_pot.",3252,8,True,True,True,True,True,True,True,True,True,True,,f567b242714e6dd5750b85a761e83395c47b05c25b3209faa53d9dc44ed850ca,92,float64,7,float64
coffee_table/case344,coffee_table,case344,/ssd1/itaein/datasets/RoboCerebra/RoboCerebra_trainset/coffee_table/case344/demo.hdf5,RoboCerebra_trainset/coffee_table/case344/demo.hdf5,RoboCerebra_trainset/coffee_table/case344/case344.mp4,"The task involves preparing and serving a creatively deconstructed drink and salad arrangement by using objects such as a plate, ramekin, salad dressing, wine bottle, and frypan on a coffee table, along with accessing a cabinet.",2507,7,True,True,True,True,True,True,True,True,True,True,,4a3e172c47ce09119facb90f2f3a59856d252a5ca21d29d16beccb25c4d4b86c,103,float64,7,float64
coffee_table/case345,coffee_table,case345,/ssd1/itaein/datasets/RoboCerebra/RoboCerebra_trainset/coffee_table/case345/demo.hdf5,RoboCerebra_trainset/coffee_table/case345/demo.hdf5,RoboCerebra_trainset/coffee_table/case345/case345.mp4,"Create a unique snack by combining popcorn and wine in an akita_black_bowl, using items from the white_cabinet and coffee_table.",2061,7,True,True,True,True,True,True,True,True,True,True,,b8731a7c76a78ad56b2f3b204a34bdc5be75b2df472de07d3d99fc476973b0c3,77,float64,7,float64
coffee_table/case346,coffee_table,case346,/ssd1/itaein/datasets/RoboCerebra/RoboCerebra_trainset/coffee_table/case346/demo.hdf5,RoboCerebra_trainset/coffee_table/case346/demo.hdf5,RoboCerebra_trainset/coffee_table/case346/case346.mp4,"The task involves preparing a wine and orange juice beverage and organizing serving items by using a porcelain mug, wine bottle, white bowl, orange juice container, and wooden tray, with placement and pouring actions involving the coffee table, serving area, and dining set area.",3214,11,True,True,True,True,True,True,True,True,True,True,,579b79746bf62a5c6ec4b7e449c191295923669d04608e1ed3e823d6225d358b,99,float64,7,float64
coffee_table/case347,coffee_table,case347,/ssd1/itaein/datasets/RoboCerebra/RoboCerebra_trainset/coffee_table/case347/demo.hdf5,RoboCerebra_trainset/coffee_table/case347/demo.hdf5,RoboCerebra_trainset/coffee_table/case347/case347.mp4,"The task involves organizing a snack assembly by transferring a plate, cookies, tomato sauce, and a wine bottle between a coffee table and a white cabinet for preparation and storage purposes.",2243,9,True,True,True,True,True,True,True,True,True,True,,54edcfc06f466f2af91b19b96f18c2aa05c5df115a161cec2fce9eed232e42e8,92,float64,7,float64
coffee_table/case348,coffee_table,case348,/ssd1/itaein/datasets/RoboCerebra/RoboCerebra_trainset/coffee_table/case348/demo.hdf5,RoboCerebra_trainset/coffee_table/case348/demo.hdf5,RoboCerebra_trainset/coffee_table/case348/case348.mp4,"The task involves assembling a plate snack using a plate, butter, cookies, and salad dressing placed on a coffee_table and storing a wine_bottle into a wine_rack.",2257,10,True,True,True,True,True,True,True,True,True,True,,2b2adb21c4708311fcc6ce924b3055fefa73724c8ce69f88303f1f9a977f6bf5,97,float64,7,float64
coffee_table/case349,coffee_table,case349,/ssd1/itaein/datasets/RoboCerebra/RoboCerebra_trainset/coffee_table/case349/demo.hdf5,RoboCerebra_trainset/coffee_table/case349/demo.hdf5,RoboCerebra_trainset/coffee_table/case349/case349.mp4,"Using a robotic arm, rearrange various food items (cream_cheese, wine_bottle, macaroni_and_cheese) and tableware (porcelain_mug, akita_black_bowl, moka_pot) by grasping, moving, and placing them into their respective locations (basket, coffee_table, akita_black_bowl, and rack) while performing pouring and orientation actions as required.",2333,10,True,True,True,True,True,True,True,True,True,True,,1348f2b2313dc33e950590cd771659b2cf27ffb20a9eab2d85e14d923ef5e87c,136,float64,7,float64
coffee_table/case350,coffee_table,case350,/ssd1/itaein/datasets/RoboCerebra/RoboCerebra_trainset/coffee_table/case350/demo.hdf5,RoboCerebra_trainset/coffee_table/case350/demo.hdf5,RoboCerebra_trainset/coffee_table/case350/case350.mp4,"The task involves organizing ingredients (akita_black_bowl, chocolate_pudding, butter, tomato_sauce) and utensils (chefmate_8_frypan) by transferring them between a coffee_table and their respective preparation locations to facilitate meal preparation.",1335,7,True,True,True,True,True,True,True,True,True,True,,56fd315a97e5b19763397142239c6b60c744d41f839cd1f92895bb345d7c5c9d,97,float64,7,float64
coffee_table/case351,coffee_table,case351,/ssd1/itaein/datasets/RoboCerebra/RoboCerebra_trainset/coffee_table/case351/demo.hdf5,RoboCerebra_trainset/coffee_table/case351/demo.hdf5,RoboCerebra_trainset/coffee_table/case351/case351.mp4,"The task involves using a robotic arm to interact with various objects—microwave, chefmate_8_frypan, plate, akita_black_bowl, wine_bottle, wine_rack, and basket—for the purposes of organizing and positioning them in specified locations within a scene.",4508,9,True,True,True,True,True,True,True,True,True,True,,098fbeec1255170ae4e57a816d4a68669607dc6e388df0cbe220e57ba237e824,99,float64,7,float64
coffee_table/case352,coffee_table,case352,/ssd1/itaein/datasets/RoboCerebra/RoboCerebra_trainset/coffee_table/case352/demo.hdf5,RoboCerebra_trainset/coffee_table/case352/demo.hdf5,RoboCerebra_trainset/coffee_table/case352/case352.mp4,"Arrange cookies in the akita_black_bowl, handle and reposition the red_coffee_mug and wine bottle on the coffee_table, pour wine, open the short_fridge, and place the chefmate_8_frypan on the white_storage_box for streamlined snack serving and cooking setup.",3996,8,True,True,True,True,True,True,True,True,True,True,,df3a03f2a454c3d13ddd0a05b56c44c22f28a342be8a6e50eec1e95fc4ea3f13,99,float64,7,float64
coffee_table/case353,coffee_table,case353,/ssd1/itaein/datasets/RoboCerebra/RoboCerebra_trainset/coffee_table/case353/demo.hdf5,RoboCerebra_trainset/coffee_table/case353/demo.hdf5,RoboCerebra_trainset/coffee_table/case353/case353.mp4,"The task involves using a robotic arm to organize a kitchen by moving cookies from the coffee_table to a plate, placing chocolate_pudding from the coffee_table into the middle_region of a short_fridge, and relocating a wine_bottle from the coffee_table to the top_side of a wooden_shelf.",2210,7,True,True,True,True,True,True,True,True,True,True,,c700983bf6212bcf02dc36bb1273985d80a68f86ce2a4b241155c7b3485dc256,86,float64,7,float64
coffee_table/case354,coffee_table,case354,/ssd1/itaein/datasets/RoboCerebra/RoboCerebra_trainset/coffee_table/case354/demo.hdf5,RoboCerebra_trainset/coffee_table/case354/demo.hdf5,RoboCerebra_trainset/coffee_table/case354/case354.mp4,Prepare alphabet_soup in a white_bowl for heating in the microwave and assemble a red_coffee_mug with milk on the coffee_table.,3136,10,True,True,True,True,True,True,True,True,True,True,,3bdd35de7f699f590768342c70f99558fd818e4542792f79f568d7a64ee95185,86,float64,7,float64
coffee_table/case355,coffee_table,case355,/ssd1/itaein/datasets/RoboCerebra/RoboCerebra_trainset/coffee_table/case355/demo.hdf5,RoboCerebra_trainset/coffee_table/case355/demo.hdf5,RoboCerebra_trainset/coffee_table/case355/case355.mp4,"The task involves simulating a cooking setup by moving and using objects (butter, white_yellow_mug, tomato_sauce, and alphabet_soup) between designated areas (coffee_table, flat_stove in cook_region, and bowl_drainer in left_region) to prepare ingredients and configure the cooking station.",2148,9,True,True,True,True,True,True,True,True,True,True,,f4ac3b42e84d5f44b19e9bdd79b2c02c91437da94e0f0f4c2ab571f3819d634e,86,float64,7,float64
coffee_table/case356,coffee_table,case356,/ssd1/itaein/datasets/RoboCerebra/RoboCerebra_trainset/coffee_table/case356/demo.hdf5,RoboCerebra_trainset/coffee_table/case356/demo.hdf5,RoboCerebra_trainset/coffee_table/case356/case356.mp4,"Set up a table by transferring butter from the coffee table to a white bowl and placing it onto a plate, pouring out orange juice, and opening the microwave’s top side.",2833,9,True,True,True,True,True,True,True,True,True,True,,dbed61279545066f3284f7ac5d24dad92a812a672a7e85493f661e1e852738ec,86,float64,7,float64
coffee_table/case357,coffee_table,case357,/ssd1/itaein/datasets/RoboCerebra/RoboCerebra_trainset/coffee_table/case357/demo.hdf5,RoboCerebra_trainset/coffee_table/case357/demo.hdf5,RoboCerebra_trainset/coffee_table/case357/case357.mp4,Store the butter from the coffee_table in the wooden_cabinet and use the flat_stove to heat and pour the wine_bottle contents into the white_yellow_mug.,2457,6,True,True,True,True,True,True,True,True,True,True,,763c17ba5f9a9cd0b92285cdfa33c0f421dc663023a3c2e96131c13e085e1f6d,79,float64,7,float64
coffee_table/case358,coffee_table,case358,/ssd1/itaein/datasets/RoboCerebra/RoboCerebra_trainset/coffee_table/case358/demo.hdf5,RoboCerebra_trainset/coffee_table/case358/demo.hdf5,RoboCerebra_trainset/coffee_table/case358/case358.mp4,"Prepare a mixed liquid composition by pouring salad dressing, milk, and wine into separate tableware (chefmate_8_frypan and akita_black_bowl) using items from storage and arranging them on the coffee_table.",3223,10,True,True,True,True,True,True,True,True,True,True,,6a2e5d77fd1dcb91c9b165eac67b1471415df35740e8f8493306c65ba31efa86,103,float64,7,float64
coffee_table/case359,coffee_table,case359,/ssd1/itaein/datasets/RoboCerebra/RoboCerebra_trainset/coffee_table/case359/demo.hdf5,RoboCerebra_trainset/coffee_table/case359/demo.hdf5,RoboCerebra_trainset/coffee_table/case359/case359.mp4,"Set up a simulated kitchen scene by organizing objects (butter, chefmate_8_frypan, wine_bottle, tomato_sauce) from the coffee_table to specified locations (basket, wooden_two_layer_shelf, red_coffee_mug) for a cooking process.",2739,9,True,True,True,True,True,True,True,True,True,True,,9c8750106b3cfb4436000ce27d4249c43db5128163f014c71ec1466e387d5f60,110,float64,7,float64
coffee_table/case360,coffee_table,case360,/ssd1/itaein/datasets/RoboCerebra/RoboCerebra_trainset/coffee_table/case360/demo.hdf5,RoboCerebra_trainset/coffee_table/case360/demo.hdf5,RoboCerebra_trainset/coffee_table/case360/case360.mp4,"The task involves using a robotic arm to prepare a cooking scene by sequentially interacting with various objects—wooden cabinet, coffee table, frypan, flat stove, tomato sauce container, ramekin, wine bottle, and porcelain mug—for actions such as opening, grasping, lifting, placing, and pouring, to set up cooking ingredients and tools.",3773,11,True,True,True,True,True,True,True,True,True,True,,feecf45e0c31ab51abf35ab79752c49139ccfc9fe19929e3274790a7f0a68991,105,float64,7,float64
coffee_table/case361,coffee_table,case361,/ssd1/itaein/datasets/RoboCerebra/RoboCerebra_trainset/coffee_table/case361/demo.hdf5,RoboCerebra_trainset/coffee_table/case361/demo.hdf5,RoboCerebra_trainset/coffee_table/case361/case361.mp4,"The task is to assemble a snack bowl by using a glazed rim porcelain ramekin to hold bbq sauce, cookies, and popcorn collected from a coffee table.",1825,9,True,True,True,True,True,True,True,True,True,True,,300c151aada03415d4f5e6c3395dd7f9b7768400d2e8b552b044e66be550900f,84,float64,7,float64
coffee_table/case362,coffee_table,case362,/ssd1/itaein/datasets/RoboCerebra/RoboCerebra_trainset/coffee_table/case362/demo.hdf5,RoboCerebra_trainset/coffee_table/case362/demo.hdf5,RoboCerebra_trainset/coffee_table/case362/case362.mp4,The task is to assemble a simple dish by placing cream cheese from a wooden cabinet onto a plate on a coffee table and heating a Chefmate 8 frypan on a flat stove.,2093,6,True,True,True,True,True,True,True,True,True,True,,caf9240c9f3503edacf242e3fedae8097183ed0a5c5e8b52e0c8a0fd998cce12,79,float64,7,float64
coffee_table/case363,coffee_table,case363,/ssd1/itaein/datasets/RoboCerebra/RoboCerebra_trainset/coffee_table/case363/demo.hdf5,RoboCerebra_trainset/coffee_table/case363/demo.hdf5,RoboCerebra_trainset/coffee_table/case363/case363.mp4,"Organize items from the coffee_table by relocating chocolate_pudding into the white_storage_box, arranging porcelain_mug and wine_bottle on the coffee_table after pouring wine into the mug, and transferring tomato_sauce into a glazed_rim_porcelain_ramekin.",3097,8,True,True,True,True,True,True,True,True,True,True,,2e363bdbe932341e2c9debec0d2be73bd9d2ca3431eba6b32f3f4cfdaa773ebc,97,float64,7,float64
coffee_table/case364,coffee_table,case364,/ssd1/itaein/datasets/RoboCerebra/RoboCerebra_trainset/coffee_table/case364/demo.hdf5,RoboCerebra_trainset/coffee_table/case364/demo.hdf5,RoboCerebra_trainset/coffee_table/case364/case364.mp4,"Arrange cream cheese, chocolate pudding, and tomato sauce creatively on a plate from the coffee table, then store the wine bottle in the middle region of the short fridge after retrieving it from the coffee table.",2569,10,True,True,True,True,True,True,True,True,True,True,,9c403f5510af56ef586ad4b739e1f56a6d364884b0a91ca996aaae93ed6cccd9,99,float64,7,float64
coffee_table/case365,coffee_table,case365,/ssd1/itaein/datasets/RoboCerebra/RoboCerebra_trainset/coffee_table/case365/demo.hdf5,RoboCerebra_trainset/coffee_table/case365/demo.hdf5,RoboCerebra_trainset/coffee_table/case365/case365.mp4,"Combine cookies and cream cheese in the akita_black_bowl, move the bowl to the top region of the wooden_two_layer_shelf, and open the right region of the bowl drainer.",1510,8,True,True,True,True,True,True,True,True,True,True,,517fdd81cd98e8e139358450d29e2e8ac98b353c77cc5836b4f64d7ec97159b4,71,float64,7,float64
coffee_table/case366,coffee_table,case366,/ssd1/itaein/datasets/RoboCerebra/RoboCerebra_trainset/coffee_table/case366/demo.hdf5,RoboCerebra_trainset/coffee_table/case366/demo.hdf5,RoboCerebra_trainset/coffee_table/case366/case366.mp4,"A robotic arm organizes objects by relocating cream_cheese to a short_cabinet, pouring wine from a wine_bottle into a red_coffee_mug, and storing alphabet_soup in a short_fridge, with all actions involving a coffee_table as the central workspace.",3006,9,True,True,True,True,True,True,True,True,True,True,,d70579964898ec988cd31638803f476758c6300a17e13175dcae0597a8bc8a75,92,float64,7,float64
coffee_table/case367,coffee_table,case367,/ssd1/itaein/datasets/RoboCerebra/RoboCerebra_trainset/coffee_table/case367/demo.hdf5,RoboCerebra_trainset/coffee_table/case367/demo.hdf5,RoboCerebra_trainset/coffee_table/case367/case367.mp4,"Prepare a fancy beverage by retrieving a red coffee mug from the wooden cabinet, pouring wine into it from a wine bottle on the coffee table, and placing the filled mug on a plate at the serving area.",2760,8,True,True,True,True,True,True,True,True,True,True,,24166d30a640012660e56957e26905b46806b5b2409dd9b3b4a15ae74e275eea,77,float64,7,float64
coffee_table/case368,coffee_table,case368,/ssd1/itaein/datasets/RoboCerebra/RoboCerebra_trainset/coffee_table/case368/demo.hdf5,RoboCerebra_trainset/coffee_table/case368/demo.hdf5,RoboCerebra_trainset/coffee_table/case368/case368.mp4,"Set up a mini cooking scene by transferring tomato_sauce into a glazed_rim_porcelain_ramekin, pouring new_salad_dressing into a chefmate_8_frypan, organizing a plate from a wooden_cabinet onto the counter, and placing a wine_bottle onto a rack.",3132,10,True,True,True,True,True,True,True,True,True,True,,72e398be4a4332bc7275324fa263d5c5132ef837bd151710bb9e49b6573b6419,129,float64,7,float64
coffee_table/case369,coffee_table,case369,/ssd1/itaein/datasets/RoboCerebra/RoboCerebra_trainset/coffee_table/case369/demo.hdf5,RoboCerebra_trainset/coffee_table/case369/demo.hdf5,RoboCerebra_trainset/coffee_table/case369/case369.mp4,"The task involves preparing a warm snack by retrieving a plate from a white cabinet, placing it on a coffee table, adding tomato sauce and cookies onto the plate, and heating the assembled snack in a microwave.",3992,12,True,True,True,True,True,True,True,True,True,True,,b9131c0232c235519f2048ebef89bc6b5398676457d03a029b15901de8d49509,79,float64,7,float64
coffee_table/case370,coffee_table,case370,/ssd1/itaein/datasets/RoboCerebra/RoboCerebra_trainset/coffee_table/case370/demo.hdf5,RoboCerebra_trainset/coffee_table/case370/demo.hdf5,RoboCerebra_trainset/coffee_table/case370/case370.mp4,"A robotic arm performs kitchen reorganization and preparation by interacting with objects including a white cabinet, coffee table, flat stove, bowl drainer, and dining set group to store butter, transfer popcorn, and activate the stove.",1545,6,True,True,True,True,True,True,True,True,True,True,,57efa337b52ae4f248a7c05abaf65d395b8b844bacada6ecc1b9b10fc55a8838,66,float64,7,float64
coffee_table/case371,coffee_table,case371,/ssd1/itaein/datasets/RoboCerebra/RoboCerebra_trainset/coffee_table/case371/demo.hdf5,RoboCerebra_trainset/coffee_table/case371/demo.hdf5,RoboCerebra_trainset/coffee_table/case371/case371.mp4,"The task involves organizing tableware by placing butter into an akita_black_bowl and positioning it on a wooden shelf, turning on the flat_stove at the cook_region, and preparing milk in a white_yellow_mug to place on the dining_set_group for cooking setup.",2349,10,True,True,True,True,True,True,True,True,True,True,,4fd861d43581cbb804ac0d1f3b26e6e5216cc4c735d1d9efa5a8ed43f2ff2a52,86,float64,7,float64
coffee_table/case372,coffee_table,case372,/ssd1/itaein/datasets/RoboCerebra/RoboCerebra_trainset/coffee_table/case372/demo.hdf5,RoboCerebra_trainset/coffee_table/case372/demo.hdf5,RoboCerebra_trainset/coffee_table/case372/case372.mp4,"Arrange a serving setup by transferring macaroni and cheese into a white bowl and chocolate pudding onto a plate on the coffee table, then reposition a chefmate_8_frypan from the coffee table to a rack.",1534,6,True,True,True,True,True,True,True,True,True,True,,0dc17cf0dc8f350c7307c2a864280b946a94b27446fcb13eb81dcf1e66c508ad,110,float64,7,float64
coffee_table/case373,coffee_table,case373,/ssd1/itaein/datasets/RoboCerebra/RoboCerebra_trainset/coffee_table/case373/demo.hdf5,RoboCerebra_trainset/coffee_table/case373/demo.hdf5,RoboCerebra_trainset/coffee_table/case373/case373.mp4,"Prepare a mixed bowl of butter, salad dressing, and wine in an akita_black_bowl placed on the counter, then store a separate white_bowl in a basket.",3244,11,True,True,True,True,True,True,True,True,True,True,,2f3127af3ab1071053b6193c89ea251e455af4eb9cba7f3e457436713cd09f26,112,float64,7,float64
coffee_table/case374,coffee_table,case374,/ssd1/itaein/datasets/RoboCerebra/RoboCerebra_trainset/coffee_table/case374/demo.hdf5,RoboCerebra_trainset/coffee_table/case374/demo.hdf5,RoboCerebra_trainset/coffee_table/case374/case374.mp4,"Prepare a snack and beverage setup by combining butter and popcorn in the akita_black_bowl, pouring wine from the wine_bottle into the red_coffee_mug, and arranging the mug on the wooden_two_layer_shelf.",1973,9,True,False,True,True,True,True,True,True,True,False,gap_or_overlap;frame_assignment_not_exact,9e735a32544114248fcb878e301ff737b5eb83d18d630cd60bbe86b3360ff44c,97,float64,7,float64
coffee_table/case375,coffee_table,case375,/ssd1/itaein/datasets/RoboCerebra/RoboCerebra_trainset/coffee_table/case375/demo.hdf5,RoboCerebra_trainset/coffee_table/case375/demo.hdf5,RoboCerebra_trainset/coffee_table/case375/case375.mp4,Prepare and heat popcorn in a white bowl using the microwave while arranging a red coffee mug on a wooden tray.,3181,10,True,True,True,False,True,True,True,True,True,False,terminal_mismatch;frame_assignment_not_exact,766506f3afc38da79dc2a395aeefff479896f962868b338f1c13c94544d717ad,86,float64,7,float64
coffee_table/case376,coffee_table,case376,/ssd1/itaein/datasets/RoboCerebra/RoboCerebra_trainset/coffee_table/case376/demo.hdf5,RoboCerebra_trainset/coffee_table/case376/demo.hdf5,RoboCerebra_trainset/coffee_table/case376/case376.mp4,"Prepare a snack bowl by transferring popcorn and milk into a white bowl, set up a mini cooking scene by opening a cabinet, pouring wine, and turning on a stove, utilizing objects like popcorn, milk, wine bottle, white bowl, coffee table, white cabinet, and flat stove.",2820,11,True,True,True,False,True,True,True,True,True,False,terminal_mismatch;frame_assignment_not_exact,6114150bac25be8283d9f43df2c9122ce5577d69831eee8348479bcf0668ca03,92,float64,7,float64
coffee_table/case377,coffee_table,case377,/ssd1/itaein/datasets/RoboCerebra/RoboCerebra_trainset/coffee_table/case377/demo.hdf5,RoboCerebra_trainset/coffee_table/case377/demo.hdf5,RoboCerebra_trainset/coffee_table/case377/case377.mp4,"Organize a savory setup by storing macaroni_and_cheese and wine_bottle in the short_cabinet, then mixing bbq_sauce into a porcelain_mug on the coffee_table.",3438,10,True,True,True,False,True,True,True,True,True,False,terminal_mismatch;frame_assignment_not_exact,747c04f5bc205563238c2ff8cea070c9caa901fc116af39d64146b9885d113d2,90,float64,7,float64
coffee_table/case378,coffee_table,case378,/ssd1/itaein/datasets/RoboCerebra/RoboCerebra_trainset/coffee_table/case378/demo.hdf5,RoboCerebra_trainset/coffee_table/case378/demo.hdf5,RoboCerebra_trainset/coffee_table/case378/case378.mp4,"The task involves organizing kitchen items by storing cream cheese in the short fridge, placing butter on a wooden tray, and preparing a condiment bowl by pouring tomato sauce into a white bowl on the kitchen counter.",3399,10,True,True,True,False,True,True,True,True,True,False,terminal_mismatch;frame_assignment_not_exact,7bb3428d15167ab8d951ba9d1c47c9a5ea17f45c71d17d61b361670ddc581056,99,float64,7,float64
coffee_table/case379,coffee_table,case379,/ssd1/itaein/datasets/RoboCerebra/RoboCerebra_trainset/coffee_table/case379/demo.hdf5,RoboCerebra_trainset/coffee_table/case379/demo.hdf5,RoboCerebra_trainset/coffee_table/case379/case379.mp4,"Arrange a serving tray display by transferring a wooden tray from the coffee table and placing items—an Akita black bowl, a white bowl, and a wine bottle—onto it.",2396,8,True,True,True,False,True,True,True,True,True,False,terminal_mismatch;frame_assignment_not_exact,d105999707076e9c564c8ec3900623ed05a171c659102a5c189ceca17b238d3c,84,float64,7,float64
coffee_table/case380,coffee_table,case380,/ssd1/itaein/datasets/RoboCerebra/RoboCerebra_trainset/coffee_table/case380/demo.hdf5,RoboCerebra_trainset/coffee_table/case380/demo.hdf5,RoboCerebra_trainset/coffee_table/case380/case380.mp4,"Organize kitchen items by moving popcorn to the wooden cabinet, placing a frypan on the rack, and preparing for a beverage pour action by handling a wine bottle and picking up a mug from the coffee table.",3558,8,True,True,True,False,True,True,True,True,True,False,terminal_mismatch;frame_assignment_not_exact,0fba740a69ec56e52c5bf15a1ecf771a4a0699945a354f2afb62fff0aa69331a,103,float64,7,float64
coffee_table/case381,coffee_table,case381,/ssd1/itaein/datasets/RoboCerebra/RoboCerebra_trainset/coffee_table/case381/demo.hdf5,RoboCerebra_trainset/coffee_table/case381/demo.hdf5,RoboCerebra_trainset/coffee_table/case381/case381.mp4,"Assemble a food preparation scene by arranging a wooden tray, akita black bowl, macaroni and cheese, and BBQ sauce from the coffee table, with the bowl placed on the tray, and the food items and sauce added into the bowl.",3068,9,True,True,True,True,True,True,True,True,True,True,,a510b77fef9529332e998b17935b2e4273bfd2e125f6efbabbae9774f6b4c682,88,float64,7,float64
coffee_table/case382,coffee_table,case382,/ssd1/itaein/datasets/RoboCerebra/RoboCerebra_trainset/coffee_table/case382/demo.hdf5,RoboCerebra_trainset/coffee_table/case382/demo.hdf5,RoboCerebra_trainset/coffee_table/case382/case382.mp4,"Prepare two dishes, popcorn in a white bowl and macaroni and cheese on a plate, using items from the coffee table, and activate the flat stove in the cooking area.",1700,7,True,True,True,True,True,True,True,True,True,True,,18d99aaa6dd5fdc3337f9d888a3c267513a90c2d395bae4d13948418d88b26bc,86,float64,7,float64
coffee_table/case383,coffee_table,case383,/ssd1/itaein/datasets/RoboCerebra/RoboCerebra_trainset/coffee_table/case383/demo.hdf5,RoboCerebra_trainset/coffee_table/case383/demo.hdf5,RoboCerebra_trainset/coffee_table/case383/case383.mp4,"Set up a mini cooking preparation scene by arranging and using objects like the akita_black_bowl, white_yellow_mug, tomato_sauce, wine_bottle, microwave, and coffee_table to mix liquids and prepare for heating.",2286,8,True,True,True,True,True,True,True,True,True,True,,8c38dfe68f593914f0397803e0c8e1b4aae85d27dba86a79b0e221403c195e9c,92,float64,7,float64
coffee_table/case384,coffee_table,case384,/ssd1/itaein/datasets/RoboCerebra/RoboCerebra_trainset/coffee_table/case384/demo.hdf5,RoboCerebra_trainset/coffee_table/case384/demo.hdf5,RoboCerebra_trainset/coffee_table/case384/case384.mp4,"The task involves preparing a snack setup by arranging cookies in a white bowl and setting up a beverage scene by pouring wine from a bottle into a frypan, using objects like a short cabinet, coffee table, white bowl, cookies, chefmate frypan, and a wine bottle.",2671,9,True,True,True,True,True,True,True,True,True,True,,0f6dee6a2ec9938fb433d36da6b008d1999ff4b365d3d8267358377cd917431d,90,float64,7,float64
coffee_table/case385,coffee_table,case385,/ssd1/itaein/datasets/RoboCerebra/RoboCerebra_trainset/coffee_table/case385/demo.hdf5,RoboCerebra_trainset/coffee_table/case385/demo.hdf5,RoboCerebra_trainset/coffee_table/case385/case385.mp4,"Prepare a savory mixture by combining cream cheese and BBQ sauce in the akita_black_bowl, then transferring the mixture into the chefmate_8_frypan for cooking.",2517,11,True,True,True,True,True,True,True,True,True,True,,11c18ac4e662bdbc2d13db4bfd35f325620d76edb028207e892be7767791652b,90,float64,7,float64
coffee_table/case386,coffee_table,case386,/ssd1/itaein/datasets/RoboCerebra/RoboCerebra_trainset/coffee_table/case386/demo.hdf5,RoboCerebra_trainset/coffee_table/case386/demo.hdf5,RoboCerebra_trainset/coffee_table/case386/case386.mp4,Organize the staging area by placing cream_cheese on a wooden_tray and setting the red_coffee_mug inside an opened microwave.,2059,5,True,True,True,True,True,True,True,True,True,True,,437c5ec62d0403b3bfdf7efff0110ca70eda98595d0faf3cc21495e7e515c538,75,float64,7,float64
coffee_table/case387,coffee_table,case387,/ssd1/itaein/datasets/RoboCerebra/RoboCerebra_trainset/coffee_table/case387/demo.hdf5,RoboCerebra_trainset/coffee_table/case387/demo.hdf5,RoboCerebra_trainset/coffee_table/case387/case387.mp4,"Set up for beverage preparation and cooking by arranging an akita_black_bowl and a white_yellow_mug with orange_juice on a coffee_table, and placing a chefmate_8_frypan on an activated flat_stove.",2633,8,True,True,True,True,True,True,True,True,True,True,,f835da8011c613e3786a636949e5b67bdafd9dd4b974d4aaab027a7bcd705e58,92,float64,7,float64
coffee_table/case388,coffee_table,case388,/ssd1/itaein/datasets/RoboCerebra/RoboCerebra_trainset/coffee_table/case388/demo.hdf5,RoboCerebra_trainset/coffee_table/case388/demo.hdf5,RoboCerebra_trainset/coffee_table/case388/case388.mp4,Prepare a warm milk beverage by microwaving milk in a red coffee mug and ready a soup snack by transferring alphabet soup into an akita black bowl and placing it on a wooden shelf.,4415,11,True,True,True,True,True,True,True,True,True,True,,27f17d4b903e90b61c5767af16b2db03b2c171c6c48de569cc3b710d93fa86be,86,float64,7,float64
coffee_table/case389,coffee_table,case389,/ssd1/itaein/datasets/RoboCerebra/RoboCerebra_trainset/coffee_table/case389/demo.hdf5,RoboCerebra_trainset/coffee_table/case389/demo.hdf5,RoboCerebra_trainset/coffee_table/case389/case389.mp4,"The task involves storing cookies in a short cabinet and preparing a mixed sauce in a white bowl by pouring tomato sauce and salad dressing into it, using objects including a short_cabinet, coffee_table, white_bowl, cookies, tomato_sauce, and salad_dressing.",2524,8,True,True,True,True,True,True,True,True,True,True,,234fedaa330926565f2fd7c440a367ab696aebb9cc90a5636c312bfdae74af63,90,float64,7,float64
coffee_table/case390,coffee_table,case390,/ssd1/itaein/datasets/RoboCerebra/RoboCerebra_trainset/coffee_table/case390/demo.hdf5,RoboCerebra_trainset/coffee_table/case390/demo.hdf5,RoboCerebra_trainset/coffee_table/case390/case390.mp4,"Prepare a quick snack setup by heating popcorn in the microwave, transferring chocolate pudding into a bowl, pouring new salad dressing onto a shelf, and repositioning a wine bottle on the coffee table.",3429,8,True,True,True,True,True,True,True,True,True,True,,f07be2b94ada2016eaded1f3764aa9262eaecc0839400fe62592c0d7c7665d47,99,float64,7,float64
coffee_table/case391,coffee_table,case391,/ssd1/itaein/datasets/RoboCerebra/RoboCerebra_trainset/coffee_table/case391/demo.hdf5,RoboCerebra_trainset/coffee_table/case391/demo.hdf5,RoboCerebra_trainset/coffee_table/case391/case391.mp4,"The task involves preparing macaroni and cheese in the microwave, arranging utensils like a porcelain mug, frypan, and wine bottle on their respective surfaces, and handling additional items like orange juice and ketchup on the coffee table.",4117,13,True,True,True,True,True,True,True,True,True,True,,e39295b9904f99af60bb762792a2dc3a84711ce879fcbb0d6b64466edef4f025,125,float64,7,float64
coffee_table/case392,coffee_table,case392,/ssd1/itaein/datasets/RoboCerebra/RoboCerebra_trainset/coffee_table/case392/demo.hdf5,RoboCerebra_trainset/coffee_table/case392/demo.hdf5,RoboCerebra_trainset/coffee_table/case392/case392.mp4,"Set up a snack arrangement by retrieving items (chocolate pudding, butter, plate, and akita black bowl) from the coffee table, placing the chocolate pudding on the plate, butter in the bowl, and opening the short fridge's middle region and the bowl drainer's right region using the specified kitchen objects.",1429,5,True,True,True,True,True,True,True,True,True,True,,53f68f688eaccb1b24a200590e4188c678fe7a1b91b629eb33b1b5f0c727c45e,86,float64,7,float64
coffee_table/case393,coffee_table,case393,/ssd1/itaein/datasets/RoboCerebra/RoboCerebra_trainset/coffee_table/case393/demo.hdf5,RoboCerebra_trainset/coffee_table/case393/demo.hdf5,RoboCerebra_trainset/coffee_table/case393/case393.mp4,"Prepare a flavored popcorn snack by transferring popcorn from the coffee table to a white bowl, adding tomato sauce, and storing the prepared snack in the top-side of a white cabinet.",2229,9,True,True,True,True,True,True,True,True,True,True,,b7f1aa6bf6ca0af32f4d4f231ea47932a28a81a966a8fb49ba0778ba1c54cc80,77,float64,7,float64
coffee_table/case394,coffee_table,case394,/ssd1/itaein/datasets/RoboCerebra/RoboCerebra_trainset/coffee_table/case394/demo.hdf5,RoboCerebra_trainset/coffee_table/case394/demo.hdf5,RoboCerebra_trainset/coffee_table/case394/case394.mp4,"The task involves organizing food items (cream_cheese, salad_dressing) and tableware (porcelain_mug) by storing cream_cheese in the short_fridge, pouring salad_dressing into the porcelain_mug, and placing the mug into a basket, while arranging objects like the coffee_table and table surfaces for temporary placement.",3291,8,True,True,True,True,True,True,True,True,True,True,,cebcaf29a30ffbe4f14ae6317ed2420c364e315a8457e827a8cacf0a35a1fdee,86,float64,7,float64
coffee_table/case395,coffee_table,case395,/ssd1/itaein/datasets/RoboCerebra/RoboCerebra_trainset/coffee_table/case395/demo.hdf5,RoboCerebra_trainset/coffee_table/case395/demo.hdf5,RoboCerebra_trainset/coffee_table/case395/case395.mp4,"The task involves arranging a mini dining setup by moving items (chefmate_8_frypan, porcelain_mug, wine_bottle, bbq_sauce, and popcorn) from the coffee_table onto specific regions of a wooden_tray, with additional steps to open the white_cabinet and pour out the wine_bottle.",4271,12,True,True,True,True,True,True,True,True,True,True,,a2ced7b7dbc136d5e086faef6b18a1b8be5b742cfe47939a14e1f5a752229eb1,116,float64,7,float64
coffee_table/case396,coffee_table,case396,/ssd1/itaein/datasets/RoboCerebra/RoboCerebra_trainset/coffee_table/case396/demo.hdf5,RoboCerebra_trainset/coffee_table/case396/demo.hdf5,RoboCerebra_trainset/coffee_table/case396/case396.mp4,"Assemble a serving ensemble by arranging macaroni and cheese in a microwave for warming, cookies in a bowl on a plate, a frypan and moka pot beside a storage box, and pouring wine onto the plate for display.",6184,17,True,True,True,True,True,True,True,True,True,True,,5953b29f482ba04c0c9d8d469da8e3ac2581b3a99bf645ac81b115c4ec9f4c4c,127,float64,7,float64
coffee_table/case397,coffee_table,case397,/ssd1/itaein/datasets/RoboCerebra/RoboCerebra_trainset/coffee_table/case397/demo.hdf5,RoboCerebra_trainset/coffee_table/case397/demo.hdf5,RoboCerebra_trainset/coffee_table/case397/case397.mp4,"Arrange cookies and tomato sauce on a plate, position the plate and a coffee mug onto a wooden tray, and transfer the tray to a wooden shelf for snack serving organization.",3535,12,True,True,True,True,True,True,True,True,True,True,,c22733ae12a31d408adeb77a84131962b83522cb1fa1c28c0ca07c6f4b4b340a,97,float64,7,float64
coffee_table/case398,coffee_table,case398,/ssd1/itaein/datasets/RoboCerebra/RoboCerebra_trainset/coffee_table/case398/demo.hdf5,RoboCerebra_trainset/coffee_table/case398/demo.hdf5,RoboCerebra_trainset/coffee_table/case398/case398.mp4,"Prepare a flat stove, chefmate_8_frypan, butter, and tomato_sauce for a quick stir-fry by sequentially transferring and arranging these ingredients from a coffee_table and akita_black_bowl to their respective cooking positions.",2359,8,True,True,True,True,True,True,True,True,True,True,,159538a9219937e9ecf458491230c7d25cd899d9c119cc27d48923072eda713c,86,float64,7,float64
coffee_table/case399,coffee_table,case399,/ssd1/itaein/datasets/RoboCerebra/RoboCerebra_trainset/coffee_table/case399/demo.hdf5,RoboCerebra_trainset/coffee_table/case399/demo.hdf5,RoboCerebra_trainset/coffee_table/case399/case399.mp4,Prepare a serving setup by arranging cream_cheese and butter on a plate and pouring bbq_sauce into a white_bowl.,2789,10,True,True,True,True,True,True,True,True,True,True,,c2e3e882efc4cdb86db941d095584520596915bac5a248877f92876ac6b988e3,103,float64,7,float64
coffee_table/case400,coffee_table,case400,/ssd1/itaein/datasets/RoboCerebra/RoboCerebra_trainset/coffee_table/case400/demo.hdf5,RoboCerebra_trainset/coffee_table/case400/demo.hdf5,RoboCerebra_trainset/coffee_table/case400/case400.mp4,"Organize the popcorn, akita_black_bowl, and white_bowl from the coffee_table into the white_bowl, white_cabinet, and wine_rack, respectively, ensuring proper placement within the storage containers.",1542,7,True,True,True,True,True,True,True,True,True,True,,d1177d100d09a49bb1b8a88fbafa157afe5b53aaebb80bf540f3fccadd3ecc42,77,float64,7,float64
coffee_table/case401,coffee_table,case401,/ssd1/itaein/datasets/RoboCerebra/RoboCerebra_trainset/coffee_table/case401/demo.hdf5,RoboCerebra_trainset/coffee_table/case401/demo.hdf5,RoboCerebra_trainset/coffee_table/case401/case401.mp4,"Organize a coffee-making and snack setup by arranging a wooden tray, red coffee mug, plate, and moka pot on a coffee table, while preparing the flat stove for brewing in the designated regions.",2521,7,True,True,True,True,True,True,True,True,True,True,,fde714279a30bcea6de076e8d307c491fe51e0f82db6234460e9b9984699fd65,86,float64,7,float64
coffee_table/case402,coffee_table,case402,/ssd1/itaein/datasets/RoboCerebra/RoboCerebra_trainset/coffee_table/case402/demo.hdf5,RoboCerebra_trainset/coffee_table/case402/demo.hdf5,RoboCerebra_trainset/coffee_table/case402/case402.mp4,"Organize and prepare selected items from the coffee table by transferring chocolate pudding into a white bowl, tomato sauce into an akita black bowl, relocating a wine bottle to the wine rack, and placing the akita black bowl in the bowl drainer.",2712,10,True,True,True,True,True,True,True,True,True,True,,27e0c3c46ccc8c2e192b5c7bb5b42945fd8d704ede548f056cba9e95f8dbf3eb,97,float64,7,float64
coffee_table/case403,coffee_table,case403,/ssd1/itaein/datasets/RoboCerebra/RoboCerebra_trainset/coffee_table/case403/demo.hdf5,RoboCerebra_trainset/coffee_table/case403/demo.hdf5,RoboCerebra_trainset/coffee_table/case403/case403.mp4,"Prepare a snack bowl by retrieving a white bowl from the white cabinet, placing it on the coffee table, and filling it with popcorn and tomato sauce.",2057,8,True,True,True,True,True,True,True,True,True,True,,0cef1b1c6f8f7f40ee087429b575415d7734d51b727fb75c45c68339e74e9a33,77,float64,7,float64
coffee_table/case404,coffee_table,case404,/ssd1/itaein/datasets/RoboCerebra/RoboCerebra_trainset/coffee_table/case404/demo.hdf5,RoboCerebra_trainset/coffee_table/case404/demo.hdf5,RoboCerebra_trainset/coffee_table/case404/case404.mp4,"Prepare a saucy popcorn mixture with popcorn, cream cheese, and BBQ sauce in a white bowl, then heat it using a Chefmate 8 frypan on a flat stove.",2897,12,True,True,True,True,True,True,True,True,True,True,,e99d13fd4f20188655ae2b6b6774844c9fe990bcd1c76b92beb39e27e14426a2,99,float64,7,float64
coffee_table/case405,coffee_table,case405,/ssd1/itaein/datasets/RoboCerebra/RoboCerebra_trainset/coffee_table/case405/demo.hdf5,RoboCerebra_trainset/coffee_table/case405/demo.hdf5,RoboCerebra_trainset/coffee_table/case405/case405.mp4,"Organize food items (butter, bbq_sauce, cookies) and tableware (akita_black_bowl, chefmate_8_frypan) by arranging and transferring them between the white_cabinet, coffee_table, and microwave for a culinary setup.",2454,10,True,True,True,True,True,True,True,True,True,True,,e9ac1e3d8527623148c1416a343895124f0be9bf3fb1543c5d866118c24cc889,105,float64,7,float64
coffee_table/case406,coffee_table,case406,/ssd1/itaein/datasets/RoboCerebra/RoboCerebra_trainset/coffee_table/case406/demo.hdf5,RoboCerebra_trainset/coffee_table/case406/demo.hdf5,RoboCerebra_trainset/coffee_table/case406/case406.mp4,"A robotic arm prepares a snack scene by rearranging objects, including opening the short cabinet and microwave, moving a white bowl, popcorn, a white-yellow mug, and milk from the coffee table to the countertop, and combining them appropriately for use.",2196,8,True,True,True,True,True,True,True,True,True,True,,6664854aaba97cde36a0dadaad6d862fd022130ecac687b30e1f15cffee04810,92,float64,7,float64
coffee_table/case407,coffee_table,case407,/ssd1/itaein/datasets/RoboCerebra/RoboCerebra_trainset/coffee_table/case407/demo.hdf5,RoboCerebra_trainset/coffee_table/case407/demo.hdf5,RoboCerebra_trainset/coffee_table/case407/case407.mp4,"The task involves arranging various kitchen items by opening the microwave, transferring macaroni_and_cheese from the coffee_table to the microwave, placing cream_cheese into a white_bowl, pouring orange_juice onto a wooden_tray, setting a wine_bottle on the dining_set_group, and placing a moka_pot on the wooden_tray to prepare a diverse kitchen scene.",3720,12,True,True,True,True,True,True,True,True,True,True,,fca226c27c033852425cd8fe4585fdb9b762e24639d03d3bdaf352167661b805,125,float64,7,float64
coffee_table/case408,coffee_table,case408,/ssd1/itaein/datasets/RoboCerebra/RoboCerebra_trainset/coffee_table/case408/demo.hdf5,RoboCerebra_trainset/coffee_table/case408/demo.hdf5,RoboCerebra_trainset/coffee_table/case408/case408.mp4,"Set up a wooden tray from the coffee table on the serving area, arranging a red coffee mug, porcelain mug, and wine bottle on it while pouring the wine bottle's contents onto the tray, and open the short fridge to possibly retrieve additional items.",2861,8,True,True,True,True,True,True,True,True,True,True,,86ba537243ba4120ace795bbadd7b211c2bde4bc23bdbb3790d1013ccb05d959,86,float64,7,float64
coffee_table/case409,coffee_table,case409,/ssd1/itaein/datasets/RoboCerebra/RoboCerebra_trainset/coffee_table/case409/demo.hdf5,RoboCerebra_trainset/coffee_table/case409/demo.hdf5,RoboCerebra_trainset/coffee_table/case409/case409.mp4,Prepare a warmed orange juice beverage in a porcelain mug using the microwave and arrange tomato sauce in a chefmate frying pan for cooking purposes.,3421,10,True,True,True,True,True,True,True,True,True,True,,d5e4a8eef1d6a856b8025ee3dd533c778570fcd57cef3c7f736d066066857b58,92,float64,7,float64
coffee_table/case410,coffee_table,case410,/ssd1/itaein/datasets/RoboCerebra/RoboCerebra_trainset/coffee_table/case410/demo.hdf5,RoboCerebra_trainset/coffee_table/case410/demo.hdf5,RoboCerebra_trainset/coffee_table/case410/case410.mp4,"Prepare a snack by combining popcorn and new salad dressing in the akita_black_bowl, then store the bowl in the top region of the white_cabinet.",2423,9,True,True,True,True,True,True,True,True,True,True,,69cecb602c739f5829b6f7636966a7806065e62ada13025942aa311c5a72f240,79,float64,7,float64
coffee_table/case411,coffee_table,case411,/ssd1/itaein/datasets/RoboCerebra/RoboCerebra_trainset/coffee_table/case411/demo.hdf5,RoboCerebra_trainset/coffee_table/case411/demo.hdf5,RoboCerebra_trainset/coffee_table/case411/case411.mp4,"Prepare a dessert plate with popcorn and chocolate pudding placed on the wooden shelf, and serve wine in the red coffee mug also positioned on the shelf.",3676,10,True,True,True,True,True,True,True,True,True,True,,2699bc83a3ee300eb0f8a01be3f6565dd89bc1d440c027a6592ae6bad304671d,97,float64,7,float64
coffee_table/case412,coffee_table,case412,/ssd1/itaein/datasets/RoboCerebra/RoboCerebra_trainset/coffee_table/case412/demo.hdf5,RoboCerebra_trainset/coffee_table/case412/demo.hdf5,RoboCerebra_trainset/coffee_table/case412/case412.mp4,"Prepare a snack and beverage by pouring wine from a wine bottle into a porcelain mug, placing a frying pan on a flat stove, and storing popcorn in a wooden cabinet.",2641,9,True,True,True,True,True,True,True,True,True,True,,f6684ac5265a5ec616133074f874ee60881f77adef79b73881c3fc0d3a347158,92,float64,7,float64
coffee_table/case413,coffee_table,case413,/ssd1/itaein/datasets/RoboCerebra/RoboCerebra_trainset/coffee_table/case413/demo.hdf5,RoboCerebra_trainset/coffee_table/case413/demo.hdf5,RoboCerebra_trainset/coffee_table/case413/case413.mp4,"The task involves preparing a dessert bowl by sequentially transferring chocolate pudding and cream cheese into an Akita black bowl from a coffee table, and then storing the bowl on the top region of a wooden shelf.",1906,10,True,True,True,False,True,True,True,True,True,False,terminal_mismatch;frame_assignment_not_exact,ec921c76088ea38104a473e9af20491ccb91d856c1ee88abe8a7f0736f6cd731,71,float64,7,float64
coffee_table/case414,coffee_table,case414,/ssd1/itaein/datasets/RoboCerebra/RoboCerebra_trainset/coffee_table/case414/demo.hdf5,RoboCerebra_trainset/coffee_table/case414/demo.hdf5,RoboCerebra_trainset/coffee_table/case414/case414.mp4,"Simulate a kitchen preparation sequence by interacting with objects (short_cabinet, chocolate_pudding, white_bowl, flat_stove, moka_pot, wine_bottle, and plate) to perform tasks like retrieving, placing, and transferring items for cooking and serving purposes.",2228,9,True,True,True,True,True,True,True,True,True,True,,d9c2133425ba9c1b4a682d21f88f024cdfc0ade43099de3db76d30afaf4449ba,105,float64,7,float64
coffee_table/case415,coffee_table,case415,/ssd1/itaein/datasets/RoboCerebra/RoboCerebra_trainset/coffee_table/case415/demo.hdf5,RoboCerebra_trainset/coffee_table/case415/demo.hdf5,RoboCerebra_trainset/coffee_table/case415/case415.mp4,Store the chocolate_pudding from the coffee_table into the short_cabinet at the middle_region and the akita_black_bowl from the coffee_table into the wooden_shelf at the top_side.,1798,5,True,True,True,True,True,True,True,True,True,True,,643ca3c5fa6883ac74c0a5c44032a77e29e124c2c6cb7633a2289c4089bda1d5,64,float64,7,float64
coffee_table/case416,coffee_table,case416,/ssd1/itaein/datasets/RoboCerebra/RoboCerebra_trainset/coffee_table/case416/demo.hdf5,RoboCerebra_trainset/coffee_table/case416/demo.hdf5,RoboCerebra_trainset/coffee_table/case416/case416.mp4,"Prepare a mixed treat presentation on the coffee_table by organizing cookies from the coffee_table into a white_bowl and topping them with salad_dressing, while rearranging the chefmate_8_frypan into the white_cabinet for better arrangement.",2292,8,True,True,True,True,True,True,True,True,True,True,,98b7fe0e6c9ea68307e4ab71164c31c536dccb8c92ae7477bd9fb5b01be50b17,96,float64,7,float64
coffee_table/case417,coffee_table,case417,/ssd1/itaein/datasets/RoboCerebra/RoboCerebra_trainset/coffee_table/case417/demo.hdf5,RoboCerebra_trainset/coffee_table/case417/demo.hdf5,RoboCerebra_trainset/coffee_table/case417/case417.mp4,Organize kitchen items by storing the orange_juice in the short_fridge and transferring bbq_sauce to a plate and ketchup to a white_bowl.,3507,9,True,True,True,True,True,True,True,True,True,True,,14ba575a59c2fd3a2b744c3d41020abe38502c2056cd4a9918d2ab267a47b1e8,99,float64,7,float64
coffee_table/case418,coffee_table,case418,/ssd1/itaein/datasets/RoboCerebra/RoboCerebra_trainset/coffee_table/case418/demo.hdf5,RoboCerebra_trainset/coffee_table/case418/demo.hdf5,RoboCerebra_trainset/coffee_table/case418/case418.mp4,"Prepare ingredients and organize kitchen tools by retrieving butter, tomato sauce, salad dressing, and wine from the coffee table, placing the butter into the akita_black_bowl, pouring out the tomato sauce and salad dressing onto the coffee table, and positioning the wine bottle beside the chefmate_8_frypan after opening the short_fridge in the upper region.",2785,12,True,True,True,True,True,True,True,True,True,True,,2390dca992270fade12ee0d22fd3f37f8330b0f3d0c3781072b5e359b71fa03d,112,float64,7,float64
coffee_table/case419,coffee_table,case419,/ssd1/itaein/datasets/RoboCerebra/RoboCerebra_trainset/coffee_table/case419/demo.hdf5,RoboCerebra_trainset/coffee_table/case419/demo.hdf5,RoboCerebra_trainset/coffee_table/case419/case419.mp4,"The task involves preparing a serveable dipping plate by arranging butter, tomato sauce, and salad dressing onto a plate, then placing it on a white storage box for serving purposes.",3323,12,True,True,True,True,True,True,True,True,True,True,,be15bb1abd893104c735b4fb3508520b7211cf0413968261f352ce7740a563c0,86,float64,7,float64
coffee_table/case420,coffee_table,case420,/ssd1/itaein/datasets/RoboCerebra/RoboCerebra_trainset/coffee_table/case420/demo.hdf5,RoboCerebra_trainset/coffee_table/case420/demo.hdf5,RoboCerebra_trainset/coffee_table/case420/case420.mp4,"Prepare a mixed beverage display by gathering and filling a red_coffee_mug with milk, a porcelain_mug with tomato_sauce, and placing these along with a wine_bottle on the coffee_table using items from the white_cabinet, white_storage_box, bowl_drainer, and other locations.",1771,7,True,True,True,True,True,True,True,True,True,True,,a7050951e6b8ee406a77931cced36582595a25c4f386380f78d5cfa5285ecd29,103,float64,7,float64
coffee_table/case421,coffee_table,case421,/ssd1/itaein/datasets/RoboCerebra/RoboCerebra_trainset/coffee_table/case421/demo.hdf5,RoboCerebra_trainset/coffee_table/case421/demo.hdf5,RoboCerebra_trainset/coffee_table/case421/case421.mp4,"Prepare microwaved macaroni and cheese by heating it in a microwave, placing it on a shelf, and adding tomato sauce from a coffee table.",3232,10,True,True,True,True,True,True,True,True,True,True,,f69ff1e5125f40cb7867efe6c5bbc3302158ee93848c54ac13dc776ade85b13b,73,float64,7,float64
coffee_table/case422,coffee_table,case422,/ssd1/itaein/datasets/RoboCerebra/RoboCerebra_trainset/coffee_table/case422/demo.hdf5,RoboCerebra_trainset/coffee_table/case422/demo.hdf5,RoboCerebra_trainset/coffee_table/case422/case422.mp4,"The task involves arranging a dining display by transferring tableware (plate, white_yellow_mug) and condiments (wine and BBQ sauce) from the coffee_table onto a plate, then moving the plate to the wooden_two_layer_shelf.",2332,8,True,True,True,True,True,True,True,True,True,True,,cfb703c26edeedc652b5637d96b3b41d8a0a8573092c6daf79d63303dd82e71f,84,float64,7,float64
coffee_table/case423,coffee_table,case423,/ssd1/itaein/datasets/RoboCerebra/RoboCerebra_trainset/coffee_table/case423/demo.hdf5,RoboCerebra_trainset/coffee_table/case423/demo.hdf5,RoboCerebra_trainset/coffee_table/case423/case423.mp4,"Reheat and garnish a soup dish by transferring alphabet soup onto a plate, placing it in the microwave, adding tomato sauce, and handling related items such as the coffee table, microwave, and wine bottle.",4123,10,True,True,True,True,True,True,True,True,True,True,,6d9998f94100e1a94ef76d6b94655f05f7897b5ecd9ffde8a23feb1cea804619,86,float64,7,float64
coffee_table/case424,coffee_table,case424,/ssd1/itaein/datasets/RoboCerebra/RoboCerebra_trainset/coffee_table/case424/demo.hdf5,RoboCerebra_trainset/coffee_table/case424/demo.hdf5,RoboCerebra_trainset/coffee_table/case424/case424.mp4,"Prepare a mixed sauce by combining cream cheese, tomato sauce, and wine in a white bowl using ingredients retrieved from a wooden shelf, a white storage box, and a coffee table.",2196,8,True,True,True,True,True,True,True,True,True,True,,56e7f57ced47dc4f9fee015f05141886ee2ec63e0f27ea28e14fc76691419abf,84,float64,7,float64
coffee_table/case425,coffee_table,case425,/ssd1/itaein/datasets/RoboCerebra/RoboCerebra_trainset/coffee_table/case425/demo.hdf5,RoboCerebra_trainset/coffee_table/case425/demo.hdf5,RoboCerebra_trainset/coffee_table/case425/case425.mp4,"The task involves organizing items by moving cookies, cream_cheese, and chefmate_8_frypan from the coffee_table to specific storage locations (wooden_shelf, glazed_rim_porcelain_ramekin, and rack) and opening the wooden_shelf and wine_rack for arrangement purposes.",2062,7,True,True,True,True,True,True,True,True,True,True,,b6d7dcad6cf7ca79912d74f482ce6c2513108f226a06eeda03e98dbd4556be48,97,float64,7,float64
coffee_table/case426,coffee_table,case426,/ssd1/itaein/datasets/RoboCerebra/RoboCerebra_trainset/coffee_table/case426/demo.hdf5,RoboCerebra_trainset/coffee_table/case426/demo.hdf5,RoboCerebra_trainset/coffee_table/case426/case426.mp4,"Arrange a beverage and dessert setup by pouring wine into a red coffee mug and chocolate pudding into a black bowl, then placing both items along with a frypan on the counter after retrieving them from various locations.",2120,9,True,True,True,True,True,True,True,True,True,True,,3bddf70b8fcd75d535e09a081c7d3628e389bb3f8e69335e1ab148cbb0205f61,105,float64,7,float64
coffee_table/case427,coffee_table,case427,/ssd1/itaein/datasets/RoboCerebra/RoboCerebra_trainset/coffee_table/case427/demo.hdf5,RoboCerebra_trainset/coffee_table/case427/demo.hdf5,RoboCerebra_trainset/coffee_table/case427/case427.mp4,"Combine tomato sauce, orange juice, and wine in a white bowl, place it in the microwave, and heat to create a mixed liquid dish.",3461,13,True,True,True,True,True,True,True,True,True,True,,262038b25acc76c6cb90362653409469041120ed6c3aa85a45ff953992173ce9,86,float64,7,float64
coffee_table/case428,coffee_table,case428,/ssd1/itaein/datasets/RoboCerebra/RoboCerebra_trainset/coffee_table/case428/demo.hdf5,RoboCerebra_trainset/coffee_table/case428/demo.hdf5,RoboCerebra_trainset/coffee_table/case428/case428.mp4,"Prepare a mini cooking and serving setup by retrieving a chefmate_8_frypan from the short_cabinet, setting it on and activating the flat_stove, organizing a wine_bottle into the wine_rack, and serving orange_juice into a porcelain_mug from the coffee_table.",2203,8,True,True,True,True,True,True,True,True,True,True,,077432db3b2b2ad1dd2046faf34526c3e664494397ad47552e3f04501bbf7e74,92,float64,7,float64
coffee_table/case429,coffee_table,case429,/ssd1/itaein/datasets/RoboCerebra/RoboCerebra_trainset/coffee_table/case429/demo.hdf5,RoboCerebra_trainset/coffee_table/case429/demo.hdf5,RoboCerebra_trainset/coffee_table/case429/case429.mp4,"Assemble a food preparation scene by transferring a white bowl, cream cheese, a frypan, butter, and wine from a coffee table to an assembly area, placing each item or ingredient into its designated container or surface for cooking or mixing.",1973,8,True,True,True,True,True,True,True,True,True,True,,0b91d182b0db72d4186cfcb4469b4477e57265683359b798c1828226b5ba4dc8,110,float64,7,float64
coffee_table/case430,coffee_table,case430,/ssd1/itaein/datasets/RoboCerebra/RoboCerebra_trainset/coffee_table/case430/demo.hdf5,RoboCerebra_trainset/coffee_table/case430/demo.hdf5,RoboCerebra_trainset/coffee_table/case430/case430.mp4,"The task involves preparing a beverage display by arranging a red coffee mug, wine bottle, and orange juice on a wooden two-layer shelf, followed by serving a hot soup dish by pouring alphabet soup into a glazed rim porcelain ramekin.",4201,10,True,False,False,True,True,True,True,True,True,False,nonpositive_interval;gap_or_overlap;frame_assignment_not_exact,15c019ec0e4af4da1cfe3d82f56c959d8650ac7ff408104b3ad1c6d83bf16bde,97,float64,7,float64
coffee_table/case431,coffee_table,case431,/ssd1/itaein/datasets/RoboCerebra/RoboCerebra_trainset/coffee_table/case431/demo.hdf5,RoboCerebra_trainset/coffee_table/case431/demo.hdf5,RoboCerebra_trainset/coffee_table/case431/case431.mp4,"The task involves preparing a ready-to-serve meal arrangement by retrieving and using items like a white bowl, milk, a plate, salad dressing, and cream cheese from a coffee table, pouring contents into them, and organizing the setup for serving.",3068,10,True,True,True,True,True,True,True,True,True,True,,5b858c94326ccc6c7f1b29d8d61ba6b7ca2d1423399e817b3bf2759fd4fed206,103,float64,7,float64
coffee_table/case432,coffee_table,case432,/ssd1/itaein/datasets/RoboCerebra/RoboCerebra_trainset/coffee_table/case432/demo.hdf5,RoboCerebra_trainset/coffee_table/case432/demo.hdf5,RoboCerebra_trainset/coffee_table/case432/case432.mp4,"Prepare a mixed serving by combining chocolate pudding in an akita black bowl and a mixture of orange juice and wine in a glazed rim porcelain ramekin using items accessed from a wooden cabinet, coffee table, and flat stove.",2904,11,True,True,True,True,True,True,True,True,True,True,,38ed2f8113491887913ba67cc953d0d558feab25bd8cc50bcfd48fa2f3bc92e6,105,float64,7,float64
coffee_table/case433,coffee_table,case433,/ssd1/itaein/datasets/RoboCerebra/RoboCerebra_trainset/coffee_table/case433/demo.hdf5,RoboCerebra_trainset/coffee_table/case433/demo.hdf5,RoboCerebra_trainset/coffee_table/case433/case433.mp4,"Organize the chocolate_pudding from the coffee_table into the white_bowl, then transfer the white_bowl into the white_storage_box for storage.",2482,7,True,True,True,True,True,True,True,True,True,True,,479f6882711fc80d974109ec9cbefb0fb9132c56891be3798904dcab7c8ad8b9,58,float64,7,float64
coffee_table/case434,coffee_table,case434,/ssd1/itaein/datasets/RoboCerebra/RoboCerebra_trainset/coffee_table/case434/demo.hdf5,RoboCerebra_trainset/coffee_table/case434/demo.hdf5,RoboCerebra_trainset/coffee_table/case434/case434.mp4,"The task involves using a robotic arm to prepare food by manipulating objects, including retrieving milk from a short_fridge and pouring it onto a plate, placing a wine bottle onto a wine rack, and transferring butter into an akita_black_bowl.",3876,8,True,True,True,True,True,True,True,True,True,True,,a32fb355c3d3ea12f6c0b53228a5ac05b4ff2359f15e6c8902d0c0fcd75554f2,99,float64,7,float64
coffee_table/case435,coffee_table,case435,/ssd1/itaein/datasets/RoboCerebra/RoboCerebra_trainset/coffee_table/case435/demo.hdf5,RoboCerebra_trainset/coffee_table/case435/demo.hdf5,RoboCerebra_trainset/coffee_table/case435/case435.mp4,Prepare a butter and salad dressing mixture using the akita_black_bowl and transfer it into the chefmate_8_frypan from the coffee_table.,2141,9,True,True,True,True,True,True,True,True,True,True,,90e7d3b277b35f716615aef952ba358278999803649d68dd6719c552acd8486f,84,float64,7,float64
coffee_table/case436,coffee_table,case436,/ssd1/itaein/datasets/RoboCerebra/RoboCerebra_trainset/coffee_table/case436/demo.hdf5,RoboCerebra_trainset/coffee_table/case436/demo.hdf5,RoboCerebra_trainset/coffee_table/case436/case436.mp4,"Prepare a snack setup by placing cookies from the coffee table onto an Akita black bowl, pouring ketchup over them, and returning the ketchup to the coffee table while interacting with the microwave and the short cabinet for potential additional preparation steps.",2377,7,True,True,True,True,True,True,True,True,True,True,,4ab73c7c87689f3993e43f19ea220c8c14c5f78e9e7ede6ff11056f1505fdbe8,79,float64,7,float64
coffee_table/case437,coffee_table,case437,/ssd1/itaein/datasets/RoboCerebra/RoboCerebra_trainset/coffee_table/case437/demo.hdf5,RoboCerebra_trainset/coffee_table/case437/demo.hdf5,RoboCerebra_trainset/coffee_table/case437/case437.mp4,"Assemble a decorative sauce display by using a plate and white bowl from the coffee table to hold tomato sauce and BBQ sauce, respectively, and arranging them on a wooden tray from the white cabinet.",2759,10,True,True,True,True,True,True,True,True,True,True,,c1c00e5d293c92198cc1e620e86f873e30171a0a0e09e448521756731d4cb822,103,float64,7,float64
coffee_table/case438,coffee_table,case438,/ssd1/itaein/datasets/RoboCerebra/RoboCerebra_trainset/coffee_table/case438/demo.hdf5,RoboCerebra_trainset/coffee_table/case438/demo.hdf5,RoboCerebra_trainset/coffee_table/case438/case438.mp4,"The task involves organizing items by repositioning the chefmate_8_frypan in the white_cabinet, moving and mixing cream_cheese in the akita_black_bowl, and discarding contents of the orange_juice and wine_bottle, all using relevant kitchen items and surfaces like the coffee_table and white_cabinet.",3574,11,True,True,True,True,True,True,True,True,True,True,,b8b7ae90cf153a492738a87102d1baf9774bf4dbb83a19d30c1db0706f848199,103,float64,7,float64
coffee_table/case439,coffee_table,case439,/ssd1/itaein/datasets/RoboCerebra/RoboCerebra_trainset/coffee_table/case439/demo.hdf5,RoboCerebra_trainset/coffee_table/case439/demo.hdf5,RoboCerebra_trainset/coffee_table/case439/case439.mp4,"A robotic arm performs a sequence of tasks in a scene, including interacting with a microwave to cook popcorn, pouring wine onto a plate, placing a bowl on a shelf, and relocating a frying pan to a drainer, using objects like a microwave, popcorn, wine bottle, plate, bowl, shelf, and frypan for each respective purpose.",3489,9,True,True,True,True,True,True,True,True,True,True,,dcd358af5d711843461653e46d16ad437e4bbc561a51dc1d6d4a543258ec371d,99,float64,7,float64
coffee_table/case440,coffee_table,case440,/ssd1/itaein/datasets/RoboCerebra/RoboCerebra_trainset/coffee_table/case440/demo.hdf5,RoboCerebra_trainset/coffee_table/case440/demo.hdf5,RoboCerebra_trainset/coffee_table/case440/case440.mp4,"Prepare a quick heated sauce mix by combining tomato sauce and butter in a glazed-rim porcelain ramekin, heating the mixture in a microwave, and transferring it to a red coffee mug.",4399,12,True,True,True,True,True,True,True,True,True,True,,a854d6a4885efb21ab18dc5dbcd6400ec530d1259ba8078f3580044893f4f64d,86,float64,7,float64
coffee_table/case441,coffee_table,case441,/ssd1/itaein/datasets/RoboCerebra/RoboCerebra_trainset/coffee_table/case441/demo.hdf5,RoboCerebra_trainset/coffee_table/case441/demo.hdf5,RoboCerebra_trainset/coffee_table/case441/case441.mp4,"Combine chocolate_pudding, butter, and milk from the coffee_table into the white_bowl to create a dessert mix while organizing the chefmate_8_frypan onto the rack.",2616,11,True,True,True,True,True,True,True,True,True,True,,473744f0c043eb81e996564d211a42bc1158fb6a6038c351adcc3f33d1017186,110,float64,7,float64
coffee_table/case442,coffee_table,case442,/ssd1/itaein/datasets/RoboCerebra/RoboCerebra_trainset/coffee_table/case442/demo.hdf5,RoboCerebra_trainset/coffee_table/case442/demo.hdf5,RoboCerebra_trainset/coffee_table/case442/case442.mp4,"The task involves organizing and transferring items, such as a red coffee mug, wine bottle, and a plate of popcorn, from the coffee table into the open white storage box for storage purposes.",2470,8,True,True,True,True,True,True,True,True,True,True,,896c551e7ef3ea294b8cf35505199fc964bddbf3bd59830b9d857afa5ebde5c1,84,float64,7,float64
coffee_table/case443,coffee_table,case443,/ssd1/itaein/datasets/RoboCerebra/RoboCerebra_trainset/coffee_table/case443/demo.hdf5,RoboCerebra_trainset/coffee_table/case443/demo.hdf5,RoboCerebra_trainset/coffee_table/case443/case443.mp4,Arrange kitchen items by moving the red_coffee_mug from the white_cabinet to the kitchen_counter and placing the chefmate_8_frypan from the coffee_table into the microwave for a cooking setup.,4070,6,True,True,True,True,True,True,True,True,True,True,,c66669a2f5263eefe6c17b4f08103bfd2b776ae5003073f34e47e93f2ee4ed3f,66,float64,7,float64
coffee_table/case444,coffee_table,case444,/ssd1/itaein/datasets/RoboCerebra/RoboCerebra_trainset/coffee_table/case444/demo.hdf5,RoboCerebra_trainset/coffee_table/case444/demo.hdf5,RoboCerebra_trainset/coffee_table/case444/case444.mp4,"Organize kitchen items by opening the white and short cabinets, placing cookies and a porcelain ramekin into their respective cabinet top regions, moving a frypan to the rack, and emptying and returning a wine bottle to the coffee table.",3372,11,True,True,True,True,True,True,True,True,True,True,,6de8b3f7cdc271b731a76705893773c9fdbcaefa77a2a9ae6b9208438a59ee0a,109,float64,7,float64
coffee_table/case445,coffee_table,case445,/ssd1/itaein/datasets/RoboCerebra/RoboCerebra_trainset/coffee_table/case445/demo.hdf5,RoboCerebra_trainset/coffee_table/case445/demo.hdf5,RoboCerebra_trainset/coffee_table/case445/case445.mp4,"Organize a snack and beverage serving area by transferring a plate, cookies, a red coffee mug with wine, and a frypan from a coffee table to their designated locations, including a serving area and a wooden two-layer shelf.",2215,7,True,True,True,True,True,True,True,True,True,True,,4b58dbe49ceb0ae69ab58d98b2c09e1cd9c63ef0b8da2f97b38c76f548e31442,97,float64,7,float64
coffee_table/case446,coffee_table,case446,/ssd1/itaein/datasets/RoboCerebra/RoboCerebra_trainset/coffee_table/case446/demo.hdf5,RoboCerebra_trainset/coffee_table/case446/demo.hdf5,RoboCerebra_trainset/coffee_table/case446/case446.mp4,"Prepare a simple mixed dish by combining macaroni_and_cheese and tomato_sauce into the akita_black_bowl, using the wooden_cabinet and coffee_table to facilitate the process.",3389,9,True,True,True,True,True,True,True,True,True,True,,97d0301169372808a9f44ac772f50a47a913cc3683fb7156cf5aed158929268e,77,float64,7,float64
coffee_table/case447,coffee_table,case447,/ssd1/itaein/datasets/RoboCerebra/RoboCerebra_trainset/coffee_table/case447/demo.hdf5,RoboCerebra_trainset/coffee_table/case447/demo.hdf5,RoboCerebra_trainset/coffee_table/case447/case447.mp4,"The task involves preparing a decorated serving setup by arranging a plate with poured wine and ketchup on a wooden two-layer shelf along with a porcelain mug, while using a short fridge, coffee table, wine bottle, and ketchup bottle.",4200,11,True,True,True,True,True,True,True,True,True,True,,31bb95c652579f8f0e5006a34dca13df98cc46d02bfd24f0cc4191b72332e6e0,86,float64,7,float64
coffee_table/case448,coffee_table,case448,/ssd1/itaein/datasets/RoboCerebra/RoboCerebra_trainset/coffee_table/case448/demo.hdf5,RoboCerebra_trainset/coffee_table/case448/demo.hdf5,RoboCerebra_trainset/coffee_table/case448/case448.mp4,"The task involves storing butter in a wooden cabinet and preparing beverages by pouring wine into a porcelain mug and orange juice into a white bowl, using a coffee table as the central workspace.",3930,9,True,True,True,True,True,True,True,True,True,True,,8e92eee00e545e15803682d7f3c2115281dec4739cd3d2fb7523fd03c2d4b452,103,float64,7,float64
coffee_table/case449,coffee_table,case449,/ssd1/itaein/datasets/RoboCerebra/RoboCerebra_trainset/coffee_table/case449/demo.hdf5,RoboCerebra_trainset/coffee_table/case449/demo.hdf5,RoboCerebra_trainset/coffee_table/case449/case449.mp4,"The task involves interacting with a microwave, coffee table, and various objects (white_yellow_mug, milk, tomato_sauce, glazed_rim_porcelain_ramekin, macaroni_and_cheese, wine_bottle, bowl_drainer, and white_storage_box) to demonstrate pouring, placing, and organizing actions in a kitchen storage and preparation scene.",3720,11,True,True,True,True,True,True,True,True,True,True,,24b3c78eef197cf90a2da8696e8fdbf221baf8740b3f38dbd050f1d497ad476d,112,float64,7,float64
coffee_table/case450,coffee_table,case450,/ssd1/itaein/datasets/RoboCerebra/RoboCerebra_trainset/coffee_table/case450/demo.hdf5,RoboCerebra_trainset/coffee_table/case450/demo.hdf5,RoboCerebra_trainset/coffee_table/case450/case450.mp4,"Assemble a sweet snack bowl by combining cookies and milk in a white bowl, and prepare the microwave area by placing a frypan next to the microwave heating region and opening its top side.",2334,8,True,True,True,True,True,True,True,True,True,True,,aeb119bdb63710e4e67204a3efa7d6d9ec9f8b8972a8aacb0e4bdf71abcbc5a9,86,float64,7,float64
coffee_table/case451,coffee_table,case451,/ssd1/itaein/datasets/RoboCerebra/RoboCerebra_trainset/coffee_table/case451/demo.hdf5,RoboCerebra_trainset/coffee_table/case451/demo.hdf5,RoboCerebra_trainset/coffee_table/case451/case451.mp4,Prepare a warmed cookie plate by assembling cream cheese and cookies on a plate from the coffee table and heating it in the microwave.,2976,9,True,True,True,True,True,True,True,True,True,True,,6fc7a93569f5efa2687fc2342e5d08fb1f2a59be70836c925e94e650d84ca01e,73,float64,7,float64
coffee_table/case452,coffee_table,case452,/ssd1/itaein/datasets/RoboCerebra/RoboCerebra_trainset/coffee_table/case452/demo.hdf5,RoboCerebra_trainset/coffee_table/case452/demo.hdf5,RoboCerebra_trainset/coffee_table/case452/case452.mp4,"A robotic arm is used to transfer a wooden tray, plate, salad dressing, and popcorn from the coffee table to designated locations (counter, tray, or microwave) and perform tasks such as pouring dressing onto the plate and placing popcorn into the microwave for food preparation.",3506,8,True,True,True,True,True,True,True,True,True,True,,92c2bd74575fae9187c424e2a1a8a47ca04174bde7ddf0573d92a7dcaca7dce3,86,float64,7,float64
coffee_table/case453,coffee_table,case453,/ssd1/itaein/datasets/RoboCerebra/RoboCerebra_trainset/coffee_table/case453/demo.hdf5,RoboCerebra_trainset/coffee_table/case453/demo.hdf5,RoboCerebra_trainset/coffee_table/case453/case453.mp4,"Prepare a dish by combining cream_cheese from a wooden_cabinet with a splash of wine from a wine_bottle, arranging it on a plate, and placing the plate on an akita_black_bowl for serving.",3135,12,True,True,True,True,True,True,True,True,True,True,,e93ee150da867fc9e0733dfa9f492294d53cbd3caed3dd5a58abbbebb4895fe5,92,float64,7,float64
coffee_table/case454,coffee_table,case454,/ssd1/itaein/datasets/RoboCerebra/RoboCerebra_trainset/coffee_table/case454/demo.hdf5,RoboCerebra_trainset/coffee_table/case454/demo.hdf5,RoboCerebra_trainset/coffee_table/case454/case454.mp4,"The task involves organizing snacks by transferring cookies from the coffee table into a white storage box, retrieving macaroni and cheese from an upper-region short fridge to place in an Akita black bowl, and pouring out a wine bottle from the coffee table.",2879,9,True,True,True,True,True,True,True,True,True,True,,3a31f7e519e55a85b863fea1d8842c77244e1b5f46dede43c6c752b8300a786f,86,float64,7,float64
coffee_table/case455,coffee_table,case455,/ssd1/itaein/datasets/RoboCerebra/RoboCerebra_trainset/coffee_table/case455/demo.hdf5,RoboCerebra_trainset/coffee_table/case455/demo.hdf5,RoboCerebra_trainset/coffee_table/case455/case455.mp4,"The task involves using a robotic arm to open a white cabinet, transfer a wooden tray and red coffee mug onto it from a coffee table, and pour wine from a bottle into a white bowl, handling and aligning each object as per their respective regions.",2936,8,True,True,True,True,True,True,True,True,True,True,,3421a864fac9134e3daaa1c480dabc3acd00bea25aaed90a78d49392789ab0fe,90,float64,7,float64
coffee_table/case456,coffee_table,case456,/ssd1/itaein/datasets/RoboCerebra/RoboCerebra_trainset/coffee_table/case456/demo.hdf5,RoboCerebra_trainset/coffee_table/case456/demo.hdf5,RoboCerebra_trainset/coffee_table/case456/case456.mp4,"Prepare a serving sequence by retrieving milk, a porcelain mug, and cookies from specified kitchen storage (wooden cabinet and fridge), and arranging them on a coffee table for serving with milk poured into the mug and cookies placed beside it.",2791,11,True,True,True,True,True,True,True,True,True,True,,7225560b329e997a422c7b5528bd24d0d816cfc035160336a36fa6cacd248326,79,float64,7,float64
coffee_table/case457,coffee_table,case457,/ssd1/itaein/datasets/RoboCerebra/RoboCerebra_trainset/coffee_table/case457/demo.hdf5,RoboCerebra_trainset/coffee_table/case457/demo.hdf5,RoboCerebra_trainset/coffee_table/case457/case457.mp4,"Organize a staged culinary scene by placing cookies inside the short_cabinet, arranging a plate on the wooden_shelf with poured wine and bbq_sauce, and returning the wine_bottle to the coffee_table.",4040,11,True,True,True,True,True,True,True,True,True,True,,23210c4568bda3972f9f8db27deeb3f683cf9855a104d187e935cec96f97acef,90,float64,7,float64
coffee_table/case458,coffee_table,case458,/ssd1/itaein/datasets/RoboCerebra/RoboCerebra_trainset/coffee_table/case458/demo.hdf5,RoboCerebra_trainset/coffee_table/case458/demo.hdf5,RoboCerebra_trainset/coffee_table/case458/case458.mp4,"Organize and prepare kitchen items by storing cream_cheese in the short_fridge, placing the akita_black_bowl on a wooden_two_layer_shelf, and handling the wine_bottle by pouring and putting it back on the coffee_table.",3526,8,True,True,True,True,True,True,True,True,True,True,,7bb88af15b24f9a1ca4c65e1266a0e2e12e4caf761a348ad9103313678555560,73,float64,7,float64
coffee_table/case459,coffee_table,case459,/ssd1/itaein/datasets/RoboCerebra/RoboCerebra_trainset/coffee_table/case459/demo.hdf5,RoboCerebra_trainset/coffee_table/case459/demo.hdf5,RoboCerebra_trainset/coffee_table/case459/case459.mp4,"Prepare a mixed dish by combining chocolate_pudding, tomato_sauce, and orange_juice in a white_bowl, transferring the mixture to a chefmate_8_frypan, and serving a portion in a red_coffee_mug placed on the counter.",3744,15,True,True,True,True,True,True,True,True,True,True,,dcfe5a0190888642b5cbeb326a1d6496eea680edb45dc1329d351f2a4453fd9f,110,float64,7,float64
coffee_table/case460,coffee_table,case460,/ssd1/itaein/datasets/RoboCerebra/RoboCerebra_trainset/coffee_table/case460/demo.hdf5,RoboCerebra_trainset/coffee_table/case460/demo.hdf5,RoboCerebra_trainset/coffee_table/case460/case460.mp4,"Prepare a mixed sauce plate by placing a plate on a wooden tray, then adding butter, tomato sauce, and BBQ sauce to the plate.",3702,10,True,True,True,True,True,True,True,True,True,True,,81a32c2ec99fe7316e8b8846ab37b92ebfdcd383c6bfa771da819c2a39da4768,99,float64,7,float64
coffee_table/case461,coffee_table,case461,/ssd1/itaein/datasets/RoboCerebra/RoboCerebra_trainset/coffee_table/case461/demo.hdf5,RoboCerebra_trainset/coffee_table/case461/demo.hdf5,RoboCerebra_trainset/coffee_table/case461/case461.mp4,"Organize and prepare a snack by retrieving cream cheese and popcorn from a short cabinet, using a plate on a flat stove in the cooking area to assemble the items.",2774,8,True,True,True,True,True,True,True,True,True,True,,50db54cf1ca6842af5e4d59d23f88f3ca9b3800bbc45d58e7a4293ac166ffbd4,79,float64,7,float64
coffee_table/case462,coffee_table,case462,/ssd1/itaein/datasets/RoboCerebra/RoboCerebra_trainset/coffee_table/case462/demo.hdf5,RoboCerebra_trainset/coffee_table/case462/demo.hdf5,RoboCerebra_trainset/coffee_table/case462/case462.mp4,"Organize and prepare selected items from the coffee_table by transferring butter and cream_cheese into the akita_black_bowl, placing the moka_pot and empty wine_bottle onto the wooden_tray after pouring its contents, and opening the short_fridge in the upper_region.",2565,10,True,True,True,True,True,True,True,True,True,True,,686f838cb91e3b62f544b1b9c43acc5520968e718bcb7330db31650948d68e09,112,float64,7,float64
coffee_table/case463,coffee_table,case463,/ssd1/itaein/datasets/RoboCerebra/RoboCerebra_trainset/coffee_table/case463/demo.hdf5,RoboCerebra_trainset/coffee_table/case463/demo.hdf5,RoboCerebra_trainset/coffee_table/case463/case463.mp4,"Set up a snack station by retrieving cream cheese from the white cabinet, popcorn from the short cabinet, and cookies, a red coffee mug filled with wine, and a frypan from the coffee table, and placing them all at the snack station.",4901,11,True,True,True,True,True,True,True,True,True,True,,9ab5450d9ff9fcd50061b72023007650350c50e9a2ab243e4b4afd0ef7af473c,122,float64,7,float64
coffee_table/case464,coffee_table,case464,/ssd1/itaein/datasets/RoboCerebra/RoboCerebra_trainset/coffee_table/case464/demo.hdf5,RoboCerebra_trainset/coffee_table/case464/demo.hdf5,RoboCerebra_trainset/coffee_table/case464/case464.mp4,"The task involves using a robotic arm to organize objects by moving an akita_black_bowl from a coffee_table into a wooden_cabinet, placing popcorn from the coffee_table into a microwave, and pouring out the contents of a wine_bottle before returning it to the coffee_table.",3433,9,True,True,True,True,True,True,True,True,True,True,,7e67f562721db1066b0109b22ba7f67a91b37ce50bbebb0549ee6149700ec9e4,79,float64,7,float64
coffee_table/case465,coffee_table,case465,/ssd1/itaein/datasets/RoboCerebra/RoboCerebra_trainset/coffee_table/case465/demo.hdf5,RoboCerebra_trainset/coffee_table/case465/demo.hdf5,RoboCerebra_trainset/coffee_table/case465/case465.mp4,"The task involves organizing kitchen items by moving a white bowl, chocolate pudding, cookies, and a wine bottle from a coffee table to their designated storage or use locations (counter, bowl, wooden tray, or cabinet) for proper arrangement.",2017,8,True,True,True,True,True,True,True,True,True,True,,419b673ac20d5936300da0516b2cfe1bcd47177342343fe1a782f9670965ccdc,103,float64,7,float64
coffee_table/case466,coffee_table,case466,/ssd1/itaein/datasets/RoboCerebra/RoboCerebra_trainset/coffee_table/case466/demo.hdf5,RoboCerebra_trainset/coffee_table/case466/demo.hdf5,RoboCerebra_trainset/coffee_table/case466/case466.mp4,"Prepare a serving setup by organizing popcorn, wine, and cream cheese using a wooden cabinet, coffee table, porcelain mug, and plate, and activate the flat stove for cooking.",2812,9,True,True,True,True,True,True,True,True,True,True,,1e3cdc8d73d055ed84ce2cf8586d2b40f1a5150839d91294ff6b80f9455ac8b3,105,float64,7,float64
coffee_table/case467,coffee_table,case467,/ssd1/itaein/datasets/RoboCerebra/RoboCerebra_trainset/coffee_table/case467/demo.hdf5,RoboCerebra_trainset/coffee_table/case467/demo.hdf5,RoboCerebra_trainset/coffee_table/case467/case467.mp4,"The task involves using a robotic arm to set up a kitchen by activating the flat_stove in the cook_region, transferring a moka_pot and a frypan from a coffee_table to the flat_stove, and moving cream_cheese from the coffee_table to a white_storage_box in the top_side.",2955,8,True,True,True,True,True,True,True,True,True,True,,864c0ac99588420b0eef7c73c2eabc5e6d0e96d6cd668e28c01d82d11f299c39,73,float64,7,float64
coffee_table/case468,coffee_table,case468,/ssd1/itaein/datasets/RoboCerebra/RoboCerebra_trainset/coffee_table/case468/demo.hdf5,RoboCerebra_trainset/coffee_table/case468/demo.hdf5,RoboCerebra_trainset/coffee_table/case468/case468.mp4,"The task involves preparing and mixing food ingredients by transferring tomato_sauce into a porcelain_mug and alphabet_soup into a white_bowl using tableware like the coffee_table, while organizing the containers and interacting with storage spaces like the white_cabinet and wooden_shelf.",1869,7,True,True,True,True,True,True,True,True,True,True,,50c6d9e230ff6c1e5ec65667ad3b010905d3c76e53c2a3494604d27c54c0b37d,90,float64,7,float64
coffee_table/case469,coffee_table,case469,/ssd1/itaein/datasets/RoboCerebra/RoboCerebra_trainset/coffee_table/case469/demo.hdf5,RoboCerebra_trainset/coffee_table/case469/demo.hdf5,RoboCerebra_trainset/coffee_table/case469/case469.mp4,Prepare a stove-cooked macaroni and cheese dish in a frypan using a flat stove and serve wine in a red coffee mug from a wine bottle.,3196,9,True,True,True,True,True,True,True,True,True,True,,ce7551b5b9fb371a2f69945cc36998256d02fc9d152ab22b89e564f46d90d76a,92,float64,7,float64
coffee_table/case470,coffee_table,case470,/ssd1/itaein/datasets/RoboCerebra/RoboCerebra_trainset/coffee_table/case470/demo.hdf5,RoboCerebra_trainset/coffee_table/case470/demo.hdf5,RoboCerebra_trainset/coffee_table/case470/case470.mp4,"The task involves preparing a microwave-heated macaroni snack by placing macaroni and cheese in the microwave, adding BBQ sauce to it, preparing a drink by pouring milk into a red coffee mug, and organizing related objects like the BBQ sauce, milk, and mug on the coffee table.",3530,9,True,True,True,True,True,True,True,True,True,True,,2890ef78b82ff3c289ba900f280df199f7896ddfc9a3d4473db5657c8d9d587c,86,float64,7,float64
coffee_table/case471,coffee_table,case471,/ssd1/itaein/datasets/RoboCerebra/RoboCerebra_trainset/coffee_table/case471/demo.hdf5,RoboCerebra_trainset/coffee_table/case471/demo.hdf5,RoboCerebra_trainset/coffee_table/case471/case471.mp4,"Organize food and beverage items by moving butter from the coffee_table to the white_storage_box's top_side, transferring a wine_bottle from the wine_rack's top_region to the white_storage_box's bottom_side, discarding orange_juice from the coffee_table, and preparing short_fridge and bowl_drainer for further use.",2996,8,True,True,True,True,True,True,True,True,True,True,,69af12ffee36a02ecbf8546670f924b99280e8a60f63229c9753d355ccc8b051,75,float64,7,float64
coffee_table/case472,coffee_table,case472,/ssd1/itaein/datasets/RoboCerebra/RoboCerebra_trainset/coffee_table/case472/demo.hdf5,RoboCerebra_trainset/coffee_table/case472/demo.hdf5,RoboCerebra_trainset/coffee_table/case472/case472.mp4,"Prepare a warming and serving scene by organizing items: place a white bowl from the coffee table into a wooden cabinet, macaroni and cheese into a microwave for heating, and pour wine from a bottle into a red coffee mug.",4042,9,True,True,False,True,True,True,True,True,True,False,nonpositive_interval;frame_assignment_not_exact,aa45343e6daf6dcea858127a52ca52bd97edaf4b3b729bfe67de485ca4c9eb99,92,float64,7,float64
coffee_table/case473,coffee_table,case473,/ssd1/itaein/datasets/RoboCerebra/RoboCerebra_trainset/coffee_table/case473/demo.hdf5,RoboCerebra_trainset/coffee_table/case473/demo.hdf5,RoboCerebra_trainset/coffee_table/case473/case473.mp4,"Prepare a quick snack by assembling cream cheese, popcorn, and salad dressing on a plate, and set up a heating station by placing a frypan on a flat stove with wine poured into it, alongside a red coffee mug.",4015,16,True,True,True,True,True,True,True,True,True,True,,ec953b18bd7ea84c79c5a85d5b9ea014305d373f70ba384d8b49f61b1b140ff4,125,float64,7,float64
coffee_table/case474,coffee_table,case474,/ssd1/itaein/datasets/RoboCerebra/RoboCerebra_trainset/coffee_table/case474/demo.hdf5,RoboCerebra_trainset/coffee_table/case474/demo.hdf5,RoboCerebra_trainset/coffee_table/case474/case474.mp4,"Prepare and organize various items by transferring tomato_sauce and new_salad_dressing into a white_bowl from a wooden_cabinet, pouring wine from a wine_bottle into a white_yellow_mug, and relocating a chocolate_pudding to a wooden_tray and a moka_pot to a bowl_drainer to complete the arrangement.",4378,17,True,True,True,True,True,True,True,True,True,True,,31a25089186b1e004718419c0d00eb5d77faa7f56affe7a9251dcf16f751152e,142,float64,7,float64
coffee_table/case475,coffee_table,case475,/ssd1/itaein/datasets/RoboCerebra/RoboCerebra_trainset/coffee_table/case475/demo.hdf5,RoboCerebra_trainset/coffee_table/case475/demo.hdf5,RoboCerebra_trainset/coffee_table/case475/case475.mp4,"The task involves using a robotic arm with a gripper to locate, grasp, move, and place various objects (white bowl, chocolate pudding, wine bottle, and chefmate_8_frypan) across specified locations (coffee_table, wooden_cabinet top_region, white_bowl, and rack) for food preparation and storage purposes.",2453,7,True,True,True,True,True,True,True,True,True,True,,32c66e67d3a76fb3fc6fbf213b33eded5b1f589c56b429c0d8766c9aca6626bb,103,float64,7,float64
coffee_table/case476,coffee_table,case476,/ssd1/itaein/datasets/RoboCerebra/RoboCerebra_trainset/coffee_table/case476/demo.hdf5,RoboCerebra_trainset/coffee_table/case476/demo.hdf5,RoboCerebra_trainset/coffee_table/case476/case476.mp4,"The task is to prepare a warmed popcorn snack by placing popcorn into a white bowl from the coffee table, heating it in the microwave from its heating region, and adding a wine drizzle from a wine bottle.",4261,9,True,True,True,True,True,True,True,True,True,True,,ae1f5cd522cb28b1ea6c480e427bb7cc4d62caef2000a553eb25bcc24c45d74d,73,float64,7,float64
coffee_table/case477,coffee_table,case477,/ssd1/itaein/datasets/RoboCerebra/RoboCerebra_trainset/coffee_table/case477/demo.hdf5,RoboCerebra_trainset/coffee_table/case477/demo.hdf5,RoboCerebra_trainset/coffee_table/case477/case477.mp4,The task involves heating popcorn in the microwave and organizing kitchen tools (a frypan and a mug) from the coffee table into specific regions of a wooden cabinet.,3426,8,True,True,True,True,True,True,True,True,True,True,,38761fb471f4507e4dfbd14952080a0caebcd9c1ac1f1327247c52eafd6cb950,79,float64,7,float64
coffee_table/case478,coffee_table,case478,/ssd1/itaein/datasets/RoboCerebra/RoboCerebra_trainset/coffee_table/case478/demo.hdf5,RoboCerebra_trainset/coffee_table/case478/demo.hdf5,RoboCerebra_trainset/coffee_table/case478/case478.mp4,The task involves heating popcorn in the microwave and organizing kitchen tools (a frypan and a mug) from the coffee table into specific regions of a wooden cabinet.,3871,6,True,True,True,False,True,True,True,True,True,False,terminal_mismatch;frame_assignment_not_exact,f58b3c31525ab51f0d71ffaec7db8884a90f9a8a8fe43014af15c0a6ac97e4d7,79,float64,7,float64
coffee_table/case479,coffee_table,case479,/ssd1/itaein/datasets/RoboCerebra/RoboCerebra_trainset/coffee_table/case479/demo.hdf5,RoboCerebra_trainset/coffee_table/case479/demo.hdf5,RoboCerebra_trainset/coffee_table/case479/case479.mp4,"Warm up chocolate_pudding by placing it in a white_bowl, transferring it to a flat_stove, and turning on the stove in the cook_region.",1309,6,True,True,True,True,True,True,True,True,True,True,,f10838359a753bba89b78068fa62c84c14e47a296cc92d0ea9c227cfb469179b,60,float64,7,float64
coffee_table/case480,coffee_table,case480,/ssd1/itaein/datasets/RoboCerebra/RoboCerebra_trainset/coffee_table/case480/demo.hdf5,RoboCerebra_trainset/coffee_table/case480/demo.hdf5,RoboCerebra_trainset/coffee_table/case480/case480.mp4,"Organize kitchen items by placing the white_bowl in the middle_region and the popcorn in the top_region of the short_cabinet, and prepare the wine_bottle for pouring by storing it in the opened top_region of the wine_rack.",3115,7,True,True,True,True,True,True,True,True,True,True,,fcf337fdaa28e6b24082189db5a58c334b27fb41881ca6e00ccac563c011feb9,77,float64,7,float64
coffee_table/case481,coffee_table,case481,/ssd1/itaein/datasets/RoboCerebra/RoboCerebra_trainset/coffee_table/case481/demo.hdf5,RoboCerebra_trainset/coffee_table/case481/demo.hdf5,RoboCerebra_trainset/coffee_table/case481/case481.mp4,"Assemble a snack and drink by organizing items from the coffee table and white cabinet, placing cream cheese into the cabinet, pouring wine into a red coffee mug, and serving macaroni and cheese on a plate.",2583,8,True,True,True,True,True,True,True,True,True,True,,5b930dd889a1a13360e2e543d65e8f0c41c004029c4231ff7c12e827a7179160,103,float64,7,float64
coffee_table/case482,coffee_table,case482,/ssd1/itaein/datasets/RoboCerebra/RoboCerebra_trainset/coffee_table/case482/demo.hdf5,RoboCerebra_trainset/coffee_table/case482/demo.hdf5,RoboCerebra_trainset/coffee_table/case482/case482.mp4,"The task involves creating a food tray display by arranging items (butter, cream_cheese, salad_dressing, akita_black_bowl, and wine_bottle) on a wooden_tray placed on a coffee_table, with intermediate actions such as opening a microwave.",4015,12,True,True,True,True,True,True,True,True,True,True,,74b7a02ed3059209669e261a69e9f1d91317f3aa2354d8e07c638d821a51806e,114,float64,7,float64
coffee_table/case483,coffee_table,case483,/ssd1/itaein/datasets/RoboCerebra/RoboCerebra_trainset/coffee_table/case483/demo.hdf5,RoboCerebra_trainset/coffee_table/case483/demo.hdf5,RoboCerebra_trainset/coffee_table/case483/case483.mp4,"Arrange a tableware display by organizing a plate, a porcelain mug, and chocolate pudding inside the white cabinet while pouring wine from a wine bottle into the mug as part of the setup.",3780,10,True,True,True,True,True,True,True,True,True,True,,d08540e975072d6deb1476d1684ce3083f30e9dc89ebeaa5f0d251cc52c8bb49,90,float64,7,float64
coffee_table/case484,coffee_table,case484,/ssd1/itaein/datasets/RoboCerebra/RoboCerebra_trainset/coffee_table/case484/demo.hdf5,RoboCerebra_trainset/coffee_table/case484/demo.hdf5,RoboCerebra_trainset/coffee_table/case484/case484.mp4,"Organize kitchen items by moving cookies from the coffee_table to the wooden_cabinet, butter from the coffee_table to the white_storage_box, and chefmate_8_frypan from the coffee_table to the rack.",2882,7,True,True,True,True,True,True,True,True,True,True,,246b19ed01caf569e39e366e597e0189f4b39c1acfce570ccb944bd10ad03834,90,float64,7,float64
coffee_table/case485,coffee_table,case485,/ssd1/itaein/datasets/RoboCerebra/RoboCerebra_trainset/coffee_table/case485/demo.hdf5,RoboCerebra_trainset/coffee_table/case485/demo.hdf5,RoboCerebra_trainset/coffee_table/case485/case485.mp4,"The task involves organizing kitchenware and preparing a beverage by interacting with objects, including opening the white_cabinet to store popcorn, handling the bowl_drainer on the coffee_table, pouring from a wine_bottle, and picking up a chefmate_8_frypan.",,6,True,True,True,False,True,False,False,False,False,False,source_hdf5_missing;terminal_mismatch;frame_assignment_not_exact,,,,,
coffee_table/case486,coffee_table,case486,/ssd1/itaein/datasets/RoboCerebra/RoboCerebra_trainset/coffee_table/case486/demo.hdf5,RoboCerebra_trainset/coffee_table/case486/demo.hdf5,RoboCerebra_trainset/coffee_table/case486/case486.mp4,Prepare a mixed dessert bowl by combining cream cheese and chocolate pudding in a white bowl and warm up the environment using the flat stove.,2564,8,True,True,True,True,True,True,True,True,True,True,,5172f5dd20a05232b9847964f7df9163f6a5cc4ccdc5f0da42414aee3d0a6093,79,float64,7,float64
coffee_table/case487,coffee_table,case487,/ssd1/itaein/datasets/RoboCerebra/RoboCerebra_trainset/coffee_table/case487/demo.hdf5,RoboCerebra_trainset/coffee_table/case487/demo.hdf5,RoboCerebra_trainset/coffee_table/case487/case487.mp4,"Assemble a ready-to-serve meal display by retrieving and arranging items (plate, butter, macaroni_and_cheese, and salad_dressing) from the coffee_table onto the rack and plate from the white_cabinet.",,11,True,True,True,False,True,False,False,False,False,False,source_hdf5_missing;terminal_mismatch;frame_assignment_not_exact,,,,,
coffee_table/case488,coffee_table,case488,/ssd1/itaein/datasets/RoboCerebra/RoboCerebra_trainset/coffee_table/case488/demo.hdf5,RoboCerebra_trainset/coffee_table/case488/demo.hdf5,RoboCerebra_trainset/coffee_table/case488/case488.mp4,"Organize the coffee_table by storing cookies in the wooden_cabinet middle_region, placing a wine_bottle onto the wine_rack top_region, and arranging a porcelain_mug in the bowl_drainer left_region.",1727,7,True,True,True,False,True,True,True,True,True,False,terminal_mismatch;frame_assignment_not_exact,68ad26a0220889775b45f6406751c670c2448f51d1707cdc9b925ab7b71d96c1,77,float64,7,float64
coffee_table/case489,coffee_table,case489,/ssd1/itaein/datasets/RoboCerebra/RoboCerebra_trainset/coffee_table/case489/demo.hdf5,RoboCerebra_trainset/coffee_table/case489/demo.hdf5,RoboCerebra_trainset/coffee_table/case489/case489.mp4,"Organize the butter, wine bottle, and plate by relocating them from the coffee table into appropriate storage regions within the white cabinet and wooden cabinet.",2368,8,True,True,True,True,True,True,True,True,True,True,,9d8c5493fac87713e39de4f48022c0eff81e76a0b510e86fe2200bda264ed05d,83,float64,7,float64
coffee_table/case490,coffee_table,case490,/ssd1/itaein/datasets/RoboCerebra/RoboCerebra_trainset/coffee_table/case490/demo.hdf5,RoboCerebra_trainset/coffee_table/case490/demo.hdf5,RoboCerebra_trainset/coffee_table/case490/case490.mp4,Heat tomato sauce in the red_coffee_mug using a microwave and organize food items by placing cookies in the white_storage_box and chocolate_pudding on the wooden_shelf.,4704,12,True,True,True,True,True,True,True,True,True,True,,2521c54466a3f3e84dc8f27f89c959caaa4c6c99093e68f9ba0fd07a42be2bbe,86,float64,7,float64
coffee_table/case491,coffee_table,case491,/ssd1/itaein/datasets/RoboCerebra/RoboCerebra_trainset/coffee_table/case491/demo.hdf5,RoboCerebra_trainset/coffee_table/case491/demo.hdf5,RoboCerebra_trainset/coffee_table/case491/case491.mp4,"The task involves preparing a snack by transferring cookies from the coffee table to a white bowl, pouring orange juice from a container into a white-yellow mug, and warming the mug on a flat stove in the cook region.",3135,9,True,True,True,True,True,True,True,True,True,True,,ae283af05a6a3c037a3ec8a80d4e2ad709de511bb884179943cd7ff8f3b780b1,90,float64,7,float64
coffee_table/case492,coffee_table,case492,/ssd1/itaein/datasets/RoboCerebra/RoboCerebra_trainset/coffee_table/case492/demo.hdf5,RoboCerebra_trainset/coffee_table/case492/demo.hdf5,RoboCerebra_trainset/coffee_table/case492/case492.mp4,"The task involves preparing a snack by transferring cookies from the coffee table to a white bowl, pouring orange juice from a container into a white-yellow mug, and warming the mug on a flat stove in the cook region.",2337,9,True,True,False,True,True,True,True,True,True,False,nonpositive_interval;frame_assignment_not_exact,f41e34b1f5171db1462143419cfeecf1ff87b2af23371d890f77b7eae153a238,86,float64,7,float64
coffee_table/case493,coffee_table,case493,/ssd1/itaein/datasets/RoboCerebra/RoboCerebra_trainset/coffee_table/case493/demo.hdf5,RoboCerebra_trainset/coffee_table/case493/demo.hdf5,RoboCerebra_trainset/coffee_table/case493/case493.mp4,"Prepare a mixed sauce serving by combining new salad dressing and ketchup in a white bowl, transferring the mixture to a glazed rim porcelain ramekin, and placing it on the table.",3239,11,True,True,True,True,True,True,True,True,True,True,,bfedde8582657e37c3c49b9ac2777d13b5bb56a39e02e81aab15ed710e4e9cc7,90,float64,7,float64
coffee_table/case494,coffee_table,case494,/ssd1/itaein/datasets/RoboCerebra/RoboCerebra_trainset/coffee_table/case494/demo.hdf5,RoboCerebra_trainset/coffee_table/case494/demo.hdf5,RoboCerebra_trainset/coffee_table/case494/case494.mp4,"Assemble a ready-to-serve meal display by retrieving and arranging items (plate, butter, macaroni_and_cheese, and salad_dressing) from the coffee_table onto the rack and plate from the white_cabinet.",3709,12,True,True,True,False,True,True,True,True,True,False,terminal_mismatch;frame_assignment_not_exact,9cacfdd31eba2faab844044bebf1054f54bef65a6cd84910188521ee1825ce15,103,float64,7,float64
coffee_table/case495,coffee_table,case495,/ssd1/itaein/datasets/RoboCerebra/RoboCerebra_trainset/coffee_table/case495/demo.hdf5,RoboCerebra_trainset/coffee_table/case495/demo.hdf5,RoboCerebra_trainset/coffee_table/case495/case495.mp4,"Prepare dessert by combining chocolate pudding and cream cheese in the akita_black_bowl, then place the bowl onto the wooden_tray for serving.",1626,8,True,True,True,True,True,True,True,True,True,True,,88c5682b15957577c1784f1ce30d126c5a258f65e774deec88100317b4bc8d78,84,float64,7,float64
coffee_table/case496,coffee_table,case496,/ssd1/itaein/datasets/RoboCerebra/RoboCerebra_trainset/coffee_table/case496/demo.hdf5,RoboCerebra_trainset/coffee_table/case496/demo.hdf5,RoboCerebra_trainset/coffee_table/case496/case496.mp4,"Prepare a flavorful mixture by combining butter, cream cheese, and BBQ sauce in the white bowl, then place it into the microwave for warming.",3934,12,True,True,True,True,True,True,True,True,True,True,,ae5cba7fd17c19bd2276b1cd99227f1c0166fe575c24e50d0275f18e018fad98,92,float64,7,float64
coffee_table/case497,coffee_table,case497,/ssd1/itaein/datasets/RoboCerebra/RoboCerebra_trainset/coffee_table/case497/demo.hdf5,RoboCerebra_trainset/coffee_table/case497/demo.hdf5,RoboCerebra_trainset/coffee_table/case497/case497.mp4,"The task involves using a robotic arm to interact with various kitchen objects—opening a microwave, manipulating a white-yellow mug, pouring wine from a wine bottle, handling a chefmate_8_frypan, and pouring tomato sauce into the frypan—ultimately performing object transitions, alignments, grasps, lifts, placements, or pour actions for food preparation.",1937,7,True,True,True,True,True,True,True,True,True,True,,fd64e0219b85fe9d60292a7aa47cd69c20f1544de2f267f1fae9ab0ebb299345,86,float64,7,float64
coffee_table/case498,coffee_table,case498,/ssd1/itaein/datasets/RoboCerebra/RoboCerebra_trainset/coffee_table/case498/demo.hdf5,RoboCerebra_trainset/coffee_table/case498/demo.hdf5,RoboCerebra_trainset/coffee_table/case498/case498.mp4,"The task involves a robotic arm sequentially interacting with specific objects—microwave, coffee_table, popcorn, akita_black_bowl, butter, chefmate_8_frypan, white_yellow_mug, wine_bottle, basket, and wooden_shelf—for food preparation, organization, and placement purposes.",3213,10,True,True,True,True,True,True,True,True,True,True,,3009b2af38120cd2ce1bb426e532e90c25a137389ae655b3f24d5d4583860a76,125,float64,7,float64
coffee_table/case499,coffee_table,case499,/ssd1/itaein/datasets/RoboCerebra/RoboCerebra_trainset/coffee_table/case499/demo.hdf5,RoboCerebra_trainset/coffee_table/case499/demo.hdf5,RoboCerebra_trainset/coffee_table/case499/case499.mp4,Combine cream cheese and cookies in a white bowl to make a dessert and pour BBQ sauce into a black bowl for a tangy side using items from the coffee table and working area.,1914,9,True,True,True,True,True,True,True,True,True,True,,abd58c64f0f27aea3c27ae5bc61ff882400e477a27c90b918f51101a043abb7b,97,float64,7,float64
coffee_table/case500,coffee_table,case500,/ssd1/itaein/datasets/RoboCerebra/RoboCerebra_trainset/coffee_table/case500/demo.hdf5,RoboCerebra_trainset/coffee_table/case500/demo.hdf5,RoboCerebra_trainset/coffee_table/case500/case500.mp4,"Prepare a dessert bowl by combining cream cheese and chocolate pudding in an akita_black_bowl, and store it in the top side of a white_storage_box placed on the coffee_table.",,8,True,True,True,False,True,False,False,False,False,False,source_hdf5_missing;terminal_mismatch;frame_assignment_not_exact,,,,,
coffee_table/case501,coffee_table,case501,/ssd1/itaein/datasets/RoboCerebra/RoboCerebra_trainset/coffee_table/case501/demo.hdf5,RoboCerebra_trainset/coffee_table/case501/demo.hdf5,RoboCerebra_trainset/coffee_table/case501/case501.mp4,"The task involves retrieving cookies from the short_cabinet, placing them on the coffee_table, mixing milk in a porcelain_mug, and briefly heating the mug on the flat_stove for a milk drink preparation.",2307,9,True,True,True,True,True,True,True,True,True,True,,fb8dc746a43c8fc74483d90f94d4b71ce4f10092b2023d6d23e15d8a8f9698c4,79,float64,7,float64
coffee_table/case502,coffee_table,case502,/ssd1/itaein/datasets/RoboCerebra/RoboCerebra_trainset/coffee_table/case502/demo.hdf5,RoboCerebra_trainset/coffee_table/case502/demo.hdf5,RoboCerebra_trainset/coffee_table/case502/case502.mp4,"Organize a kitchen display by moving the white_bowl, cream_cheese, moka_pot, and chefmate_8_frypan from the coffee_table onto designated regions of the wooden_two_layer_shelf.",3696,23,True,True,True,True,True,True,True,True,True,True,,36f6200b2750dc8ad0445957daa58ae148ffcfa00d125e1d2da912e96261ef01,86,float64,7,float64
coffee_table/case503,coffee_table,case503,/ssd1/itaein/datasets/RoboCerebra/RoboCerebra_trainset/coffee_table/case503/demo.hdf5,RoboCerebra_trainset/coffee_table/case503/demo.hdf5,RoboCerebra_trainset/coffee_table/case503/case503.mp4,"Prepare a mixed dish by combining butter, chocolate pudding, and salad dressing in a white bowl, then heat it in the microwave.",4873,12,True,True,True,True,True,True,True,True,True,True,,541c10fc5352864eb7b0b4eb57f6ddfc670c7cf03b56f1b5ceef08e67ba71376,86,float64,7,float64
coffee_table/case504,coffee_table,case504,/ssd1/itaein/datasets/RoboCerebra/RoboCerebra_trainset/coffee_table/case504/demo.hdf5,RoboCerebra_trainset/coffee_table/case504/demo.hdf5,RoboCerebra_trainset/coffee_table/case504/case504.mp4,Arrange chocolate pudding on a plate inside the akita_black_bowl placed on the wooden shelf and move the wine_bottle to the rack for serving dessert.,2503,9,True,True,True,True,True,True,True,True,True,True,,42ed2963b52a0c11d9997c0fa4fbed4a430d3f388f32fe64194cd3029ba84e3e,97,float64,7,float64
coffee_table/case505,coffee_table,case505,/ssd1/itaein/datasets/RoboCerebra/RoboCerebra_trainset/coffee_table/case505/demo.hdf5,RoboCerebra_trainset/coffee_table/case505/demo.hdf5,RoboCerebra_trainset/coffee_table/case505/case505.mp4,"The task involves organizing a wooden_cabinet by placing chocolate_pudding and butter inside it from the coffee_table, and preparing a beverage by pouring wine from a wine_bottle into a red_coffee_mug on the coffee_table.",2138,6,True,True,True,True,True,True,True,True,True,True,,7c7725d01e8aef449e7324cc3bb39ec6bb5379879d2aee9b329c476a6c2f2e2d,90,float64,7,float64
coffee_table/case506,coffee_table,case506,/ssd1/itaein/datasets/RoboCerebra/RoboCerebra_trainset/coffee_table/case506/demo.hdf5,RoboCerebra_trainset/coffee_table/case506/demo.hdf5,RoboCerebra_trainset/coffee_table/case506/case506.mp4,"Prepare a heated popcorn snack using a microwave and serve wine in a red coffee mug from a white cabinet, utilizing a coffee table for item placement.",3965,9,True,True,True,True,True,True,True,True,True,True,,fac134bc4e90a940bb578b543438c6cd28f32ec8530d9a4f7415e31d42976709,79,float64,7,float64
coffee_table/case507,coffee_table,case507,/ssd1/itaein/datasets/RoboCerebra/RoboCerebra_trainset/coffee_table/case507/demo.hdf5,RoboCerebra_trainset/coffee_table/case507/demo.hdf5,RoboCerebra_trainset/coffee_table/case507/case507.mp4,"Prepare a savory dish by assembling cream cheese, tomato sauce, and new salad dressing on a plate from items stored in the wooden cabinet and on the coffee table.",3249,9,True,True,True,True,True,True,True,True,True,True,,bf282eeda78708e470d17b87b41327d0584416e2082b7c7a1782913edd8ebbed,90,float64,7,float64
coffee_table/case508,coffee_table,case508,/ssd1/itaein/datasets/RoboCerebra/RoboCerebra_trainset/coffee_table/case508/demo.hdf5,RoboCerebra_trainset/coffee_table/case508/demo.hdf5,RoboCerebra_trainset/coffee_table/case508/case508.mp4,"The task involves preparing a mini dessert and beverage presentation by placing a wooden tray on a table and arranging chocolate pudding, a wine bottle with poured wine in a glazed rim ramekin, and a porcelain mug onto the tray.",1988,7,True,True,True,True,True,True,True,True,True,True,,e396e9671567c51fcdb083ff1eda82d1f00db528762aae728ed2bb2765225f81,97,float64,7,float64
coffee_table/case509,coffee_table,case509,/ssd1/itaein/datasets/RoboCerebra/RoboCerebra_trainset/coffee_table/case509/demo.hdf5,RoboCerebra_trainset/coffee_table/case509/demo.hdf5,RoboCerebra_trainset/coffee_table/case509/case509.mp4,"Reorganize items by storing chocolate_pudding in the top region of the wooden_cabinet, butter and poured orange_juice on a plate placed in the left region of the bowl_drainer, and wine_bottle on the top side of the wooden_two_layer_shelf, all while clearing the coffee_table.",3874,13,True,True,True,True,True,True,True,True,True,True,,b9cdb9eaaa403b7664529741af6c25ca97ad004d8130e61ac8eca5d79eb6df12,103,float64,7,float64
coffee_table/case510,coffee_table,case510,/ssd1/itaein/datasets/RoboCerebra/RoboCerebra_trainset/coffee_table/case510/demo.hdf5,RoboCerebra_trainset/coffee_table/case510/demo.hdf5,RoboCerebra_trainset/coffee_table/case510/case510.mp4,"The task involves preparing beverages and dressings by transferring milk into a red coffee mug, heating it in a microwave, pouring salad dressing into a glazed porcelain ramekin, and draining wine into a bowl drainer, using objects like a microwave, coffee table, mug, ramekin, milk container, salad dressing, and wine bottle.",4689,12,True,True,True,True,True,True,True,True,True,True,,22924d6268d19442db2d5949a36a2283520f0bc6646741700fa803dba9795598,99,float64,7,float64
coffee_table/case511,coffee_table,case511,/ssd1/itaein/datasets/RoboCerebra/RoboCerebra_trainset/coffee_table/case511/demo.hdf5,RoboCerebra_trainset/coffee_table/case511/demo.hdf5,RoboCerebra_trainset/coffee_table/case511/case511.mp4,Combine tomato_sauce and bbq_sauce in the glazed_rim_porcelain_ramekin placed on the table and retrieve butter from the wooden_cabinet to place it on the table.,2952,10,True,True,True,True,True,True,True,True,True,True,,109e73ec00dad803aa08ffa4e401ac4566d6e642c83e7845e87c116b8ed31963,90,float64,7,float64
coffee_table/case512,coffee_table,case512,/ssd1/itaein/datasets/RoboCerebra/RoboCerebra_trainset/coffee_table/case512/demo.hdf5,RoboCerebra_trainset/coffee_table/case512/demo.hdf5,RoboCerebra_trainset/coffee_table/case512/case512.mp4,Retrieve butter from the white_cabinet and combine it with wine from the wine_bottle using a white_bowl to hold the butter and a red_coffee_mug to pour the wine.,2530,8,True,True,True,True,True,True,True,True,True,True,,4b3a170c5b00d3da2942d8b5219df9a6e10bb45d3ac381531fe38a06bc7f22a3,90,float64,7,float64
coffee_table/case513,coffee_table,case513,/ssd1/itaein/datasets/RoboCerebra/RoboCerebra_trainset/coffee_table/case513/demo.hdf5,RoboCerebra_trainset/coffee_table/case513/demo.hdf5,RoboCerebra_trainset/coffee_table/case513/case513.mp4,"The task involves assembling an improvised cooking station by transferring various items (wooden_tray, tomato_sauce, ketchup, macaroni_and_cheese, chefmate_8_frypan, white_yellow_mug, wine_bottle, and porcelain_mug) from the coffee_table to specific positions on or near the wooden_tray for organized cooking preparation.",6267,17,True,True,True,True,True,True,True,True,True,True,,747e3a63f3e0c1f1cdbba1a81f165573cc315593e5862da1a327a93aaadcc109,136,float64,7,float64
coffee_table/case514,coffee_table,case514,/ssd1/itaein/datasets/RoboCerebra/RoboCerebra_trainset/coffee_table/case514/demo.hdf5,RoboCerebra_trainset/coffee_table/case514/demo.hdf5,RoboCerebra_trainset/coffee_table/case514/case514.mp4,Store butter and popcorn in their respective cabinets and pour out the contents of a wine bottle onto the coffee table.,3009,9,True,True,True,True,True,True,True,True,True,True,,49e92f8e4083ee7eef65deec7cbad6196fcb54accf07c53e9de45c02e414d18a,83,float64,7,float64
coffee_table/case515,coffee_table,case515,/ssd1/itaein/datasets/RoboCerebra/RoboCerebra_trainset/coffee_table/case515/demo.hdf5,RoboCerebra_trainset/coffee_table/case515/demo.hdf5,RoboCerebra_trainset/coffee_table/case515/case515.mp4,"Set up a cooking and preparation station to heat milk in a frypan on a stove and create a dessert-drink blend by mixing chocolate pudding, orange juice, and wine in a black bowl before transferring it to a basket.",8120,19,True,True,True,True,True,True,True,True,True,True,,270759ca440517e07f14f19928bca329cd61317ca06d451126a5bf41462a2530,138,float64,7,float64
coffee_table/case516,coffee_table,case516,/ssd1/itaein/datasets/RoboCerebra/RoboCerebra_trainset/coffee_table/case516/demo.hdf5,RoboCerebra_trainset/coffee_table/case516/demo.hdf5,RoboCerebra_trainset/coffee_table/case516/case516.mp4,"Prepare a snack by placing butter on a plate, heating it in the microwave, and pour out wine using a wine bottle.",3242,7,True,True,True,True,True,True,True,True,True,True,,1bbc5f19efa022da11a9067ca4c8acac5553660aa060e32c414b5aefd60199ce,73,float64,7,float64
coffee_table/case517,coffee_table,case517,/ssd1/itaein/datasets/RoboCerebra/RoboCerebra_trainset/coffee_table/case517/demo.hdf5,RoboCerebra_trainset/coffee_table/case517/demo.hdf5,RoboCerebra_trainset/coffee_table/case517/case517.mp4,"Combine cream cheese, tomato sauce, and cookies in a white bowl by retrieving cream cheese from the white cabinet, pouring tomato sauce, and placing cookies on top of the mixture.",3114,9,True,True,True,True,True,True,True,True,True,True,,197f92276bd082fef44a887d1b2807ac2ec0dbde59cc820664ca54f8c6c115e9,90,float64,7,float64
coffee_table/case518,coffee_table,case518,/ssd1/itaein/datasets/RoboCerebra/RoboCerebra_trainset/coffee_table/case518/demo.hdf5,RoboCerebra_trainset/coffee_table/case518/demo.hdf5,RoboCerebra_trainset/coffee_table/case518/case518.mp4,"Prepare a snack display by arranging a chefmate_8_frypan, porcelain_mug with wine poured into it, a plate with cookies, and a wine_bottle on the coffee_table.",3512,8,True,True,True,True,True,True,True,True,True,True,,9c5994ba82971c87e284ff9213636400ff13ad5d6fb3fd78349074bb6446b057,103,float64,7,float64
coffee_table/case519,coffee_table,case519,/ssd1/itaein/datasets/RoboCerebra/RoboCerebra_trainset/coffee_table/case519/demo.hdf5,RoboCerebra_trainset/coffee_table/case519/demo.hdf5,RoboCerebra_trainset/coffee_table/case519/case519.mp4,"Organize a meal preparation scene by interacting with a wooden cabinet, coffee table, short fridge, and table to arrange items like butter, milk, a white bowl, and macaroni and cheese in their designated locations.",3118,8,True,True,True,True,True,True,True,True,True,True,,7c236ab8b4f74805744e6dd08b76d2d843e5ec6ab7bf0bda63b9c151bba01c6f,92,float64,7,float64
coffee_table/case520,coffee_table,case520,/ssd1/itaein/datasets/RoboCerebra/RoboCerebra_trainset/coffee_table/case520/demo.hdf5,RoboCerebra_trainset/coffee_table/case520/demo.hdf5,RoboCerebra_trainset/coffee_table/case520/case520.mp4,"The task involves organizing a cooking station by moving the chefmate_8_frypan, bowl_drainer, cream_cheese, and wine_bottle from the coffee_table to their designated locations (counter or wooden_cabinet) while interacting with the microwave and pouring out orange_juice.",2639,6,True,True,True,True,True,True,True,True,True,True,,7f9770b6df63101e4fe529e08ebb97420a583e063b2c413626cb8f007dad9948,92,float64,7,float64
coffee_table/case521,coffee_table,case521,/ssd1/itaein/datasets/RoboCerebra/RoboCerebra_trainset/coffee_table/case521/demo.hdf5,RoboCerebra_trainset/coffee_table/case521/demo.hdf5,RoboCerebra_trainset/coffee_table/case521/case521.mp4,"Prepare ingredients by accessing the short_fridge to retrieve milk and pouring it into a white_yellow_mug, while placing tomato_sauce and butter into an akita_black_bowl, both set on the table for potential recipe preparation.",3561,9,True,True,True,True,True,True,True,True,True,True,,8343ac6a595b193d250e44842bd90982b5e082872284ba85a8f2b9ec0d7ab7ec,99,float64,7,float64
coffee_table/case522,coffee_table,case522,/ssd1/itaein/datasets/RoboCerebra/RoboCerebra_trainset/coffee_table/case522/demo.hdf5,RoboCerebra_trainset/coffee_table/case522/demo.hdf5,RoboCerebra_trainset/coffee_table/case522/case522.mp4,"The task involves setting up a mini cooking scene by moving and positioning various objects (alphabet_soup, red_coffee_mug, chefmate_8_frypan, and plate) between a coffee_table, microwave, dining_set_group, and a basket for preparation and organization.",2615,7,True,True,True,True,True,True,True,True,True,True,,12c618e9fecb9d4388b8d0676918e8aff8da439fb9ef9b9ebffe23b72c1f8d28,99,float64,7,float64
coffee_table/case523,coffee_table,case523,/ssd1/itaein/datasets/RoboCerebra/RoboCerebra_trainset/coffee_table/case523/demo.hdf5,RoboCerebra_trainset/coffee_table/case523/demo.hdf5,RoboCerebra_trainset/coffee_table/case523/case523.mp4,"The task involves arranging a snack serving scene by using a plate, tomato sauce, wine bottle, and popcorn on a coffee table, transferring items between the table, a basket, and a wooden shelf for presentation.",2792,10,True,True,True,True,True,True,True,True,True,True,,1927193163c44a7ae6fe27a0c87df0cc3a84b2cad4facff5a0844f4b155cd644,97,float64,7,float64
coffee_table/case524,coffee_table,case524,/ssd1/itaein/datasets/RoboCerebra/RoboCerebra_trainset/coffee_table/case524/demo.hdf5,RoboCerebra_trainset/coffee_table/case524/demo.hdf5,RoboCerebra_trainset/coffee_table/case524/case524.mp4,Prepare a mixed serving by transferring cream_cheese and pouring orange_juice into a white_bowl placed on a table.,1385,5,True,True,True,True,True,True,True,True,True,True,,2a8571e71645eec834bef9fa054d32cbbee2279ae99817ebfb6feaf0b2dee950,71,float64,7,float64
coffee_table/case525,coffee_table,case525,/ssd1/itaein/datasets/RoboCerebra/RoboCerebra_trainset/coffee_table/case525/demo.hdf5,RoboCerebra_trainset/coffee_table/case525/demo.hdf5,RoboCerebra_trainset/coffee_table/case525/case525.mp4,"Prepare a mixed sauce by combining orange juice and salad dressing in the akita_black_bowl, then heat it on the flat_stove using the chefmate_8_frypan.",2862,9,True,True,True,True,True,True,True,True,True,True,,01481209ab9f0b44e6e6dea903b8032ffc4061a19e4dd5f3e1737f2601947a44,86,float64,7,float64
coffee_table/case526,coffee_table,case526,/ssd1/itaein/datasets/RoboCerebra/RoboCerebra_trainset/coffee_table/case526/demo.hdf5,RoboCerebra_trainset/coffee_table/case526/demo.hdf5,RoboCerebra_trainset/coffee_table/case526/case526.mp4,"Set up a basic cooking station by retrieving and placing the akita_black_bowl and chefmate_8_frypan onto a coffee_table and flat_stove respectively, turning on the flat_stove, and pouring wine from a wine_bottle into the akita_black_bowl.",3045,8,True,True,True,True,True,True,True,True,True,True,,dda498f234b742f8a29c10c73f058284048841240a2e9c60356dfaa433f19a0d,79,float64,7,float64
coffee_table/case527,coffee_table,case527,/ssd1/itaein/datasets/RoboCerebra/RoboCerebra_trainset/coffee_table/case527/demo.hdf5,RoboCerebra_trainset/coffee_table/case527/demo.hdf5,RoboCerebra_trainset/coffee_table/case527/case527.mp4,"Serve a meal by gathering a wine bottle from the white cabinet, a frying pan from the short cabinet, and a black bowl from the coffee table, placing them on the table, then transferring alphabet soup from the microwave into the black bowl.",3971,9,True,True,True,True,True,True,True,True,True,True,,6d3f0afeadc3ccd8afc59c289c64e841a9eba559ee7b85188162a73d52120bd8,100,float64,7,float64
coffee_table/case528,coffee_table,case528,/ssd1/itaein/datasets/RoboCerebra/RoboCerebra_trainset/coffee_table/case528/demo.hdf5,RoboCerebra_trainset/coffee_table/case528/demo.hdf5,RoboCerebra_trainset/coffee_table/case528/case528.mp4,"Organize kitchen items by storing cookies and a frypan in the wooden cabinet, processing a wine bottle by pouring it out and returning it to the coffee table, and relocating chocolate pudding to the bowl drainer.",3033,10,True,True,True,True,True,True,True,True,True,True,,118e5bf3db783cd832674bab3c32dd739b9c0edb900d137ae7caa5eb96137891,90,float64,7,float64
coffee_table/case529,coffee_table,case529,/ssd1/itaein/datasets/RoboCerebra/RoboCerebra_trainset/coffee_table/case529/demo.hdf5,RoboCerebra_trainset/coffee_table/case529/demo.hdf5,RoboCerebra_trainset/coffee_table/case529/case529.mp4,"Prepare a heated popcorn snack by using a chefmate_8_frypan on a flat_stove to melt butter and cook popcorn, and transfer the heated popcorn into a white_bowl for serving.",4006,12,True,True,True,True,True,True,True,True,True,True,,4d8f771a2bfb336f7a177d438bc7d9ff4e136c7886061ca333d32344e0b56e3c,92,float64,7,float64
coffee_table/case530,coffee_table,case530,/ssd1/itaein/datasets/RoboCerebra/RoboCerebra_trainset/coffee_table/case530/demo.hdf5,RoboCerebra_trainset/coffee_table/case530/demo.hdf5,RoboCerebra_trainset/coffee_table/case530/case530.mp4,"Prepare a snack setting by arranging items including an akita_black_bowl filled with popcorn, a wine_bottle with wine poured into a glazed_rim_porcelain_ramekin, and organizing a chefmate_8_frypan on a wooden_shelf after using a white_cabinet, coffee_table, microwave, and wooden_shelf.",4125,12,True,True,True,True,True,True,True,True,True,True,,0f9906e927880c58988fd38a587821fdb1f0f5d4605e995380203d8cf843ac02,105,float64,7,float64
coffee_table/case531,coffee_table,case531,/ssd1/itaein/datasets/RoboCerebra/RoboCerebra_trainset/coffee_table/case531/demo.hdf5,RoboCerebra_trainset/coffee_table/case531/demo.hdf5,RoboCerebra_trainset/coffee_table/case531/case531.mp4,"Heat cookies by transferring them from the coffee table to a white bowl, then placing the bowl into the microwave for warming.",3469,9,True,True,True,True,True,True,True,True,True,True,,7207dc3d1b6f1db446ee29f7dbc9ad3c0a5c661d42922486336c7107a8c3bf0d,66,float64,7,float64
coffee_table/case532,coffee_table,case532,/ssd1/itaein/datasets/RoboCerebra/RoboCerebra_trainset/coffee_table/case532/demo.hdf5,RoboCerebra_trainset/coffee_table/case532/demo.hdf5,RoboCerebra_trainset/coffee_table/case532/case532.mp4,Refrigerate tomato_sauce and milk in the short_fridge and store popcorn in the white_storage_box.,3319,7,True,True,True,True,True,True,True,True,True,True,,4cd0c79bd6c16bf787fcd7d24f7bf0ec9e89cbeaf62792ab7588148d36dc5cbb,73,float64,7,float64
coffee_table/case533,coffee_table,case533,/ssd1/itaein/datasets/RoboCerebra/RoboCerebra_trainset/coffee_table/case533/demo.hdf5,RoboCerebra_trainset/coffee_table/case533/demo.hdf5,RoboCerebra_trainset/coffee_table/case533/case533.mp4,"Create a detailed and imaginative scene using a plate, orange juice, alphabet soup, a glazed rim porcelain ramekin, a microwave, a wine bottle, and a chefmate 8-inch frypan by arranging and pouring respective items into appropriate containers or surfaces.",2684,10,True,True,True,True,True,True,True,True,True,True,,77735213aa6cbbb41038eec8d36da94bdce04a7c25215503f832b403bebae221,112,float64,7,float64
coffee_table/case534,coffee_table,case534,/ssd1/itaein/datasets/RoboCerebra/RoboCerebra_trainset/coffee_table/case534/demo.hdf5,RoboCerebra_trainset/coffee_table/case534/demo.hdf5,RoboCerebra_trainset/coffee_table/case534/case534.mp4,"The task involves organizing a serving setup by heating macaroni and cheese in the microwave, placing cream cheese on a wooden shelf, and preparing a beverage by pouring wine from a bottle into a porcelain mug, using objects like a microwave, coffee table, wooden shelf, porcelain mug, and wine bottle.",2843,8,True,True,True,True,True,True,True,True,True,True,,b1cc7d778f4ee176df8eb40ed491b7663f9dc3bc5ec1e750a62bf1afca3c0093,88,float64,7,float64
coffee_table/case535,coffee_table,case535,/ssd1/itaein/datasets/RoboCerebra/RoboCerebra_trainset/coffee_table/case535/demo.hdf5,RoboCerebra_trainset/coffee_table/case535/demo.hdf5,RoboCerebra_trainset/coffee_table/case535/case535.mp4,"Prepare a mixed ingredient bowl by gathering butter from the wooden cabinet, tomato sauce and wine from the coffee table, and combining them in a white bowl.",2660,9,True,True,True,True,True,True,True,True,True,True,,5119d114eaa31c5bb4605c5f41598242c28130e90af9387299d2b0f50380eb39,90,float64,7,float64
coffee_table/case536,coffee_table,case536,/ssd1/itaein/datasets/RoboCerebra/RoboCerebra_trainset/coffee_table/case536/demo.hdf5,RoboCerebra_trainset/coffee_table/case536/demo.hdf5,RoboCerebra_trainset/coffee_table/case536/case536.mp4,"Arrange a dish presentation by heating ingredients with a chefmate_8_frypan on a flat_stove, then placing salad_dressing and chocolate_pudding on a plate retrieved from the coffee_table.",2426,8,True,True,True,True,True,True,True,True,True,True,,6cb1f66a1025bce72ea641ba591b05fa6de88c4d54a2a33bfd63ef7deced55ca,86,float64,7,float64
coffee_table/case537,coffee_table,case537,/ssd1/itaein/datasets/RoboCerebra/RoboCerebra_trainset/coffee_table/case537/demo.hdf5,RoboCerebra_trainset/coffee_table/case537/demo.hdf5,RoboCerebra_trainset/coffee_table/case537/case537.mp4,"Prepare a mixed dish by combining cream cheese and salad dressing in the akita_black_bowl, and store the wine bottle in the wooden cabinet's top side.",2721,10,True,True,True,True,True,True,True,True,True,True,,8068c151d632cab0f6c406b6e3db02c5fcaac771aa58bbd062eddc7e9e3107c3,90,float64,7,float64
coffee_table/case538,coffee_table,case538,/ssd1/itaein/datasets/RoboCerebra/RoboCerebra_trainset/coffee_table/case538/demo.hdf5,RoboCerebra_trainset/coffee_table/case538/demo.hdf5,RoboCerebra_trainset/coffee_table/case538/case538.mp4,"Assemble a snack serving by heating popcorn in a microwave, pouring wine into a white and yellow mug, and arranging both items on a wooden tray taken from the coffee table.",6349,14,True,True,True,True,True,True,True,True,True,True,,027a95f58e75536a7d3d98fae73dc8f2fd0e1042ada21d3ff361d5fb5cef1401,86,float64,7,float64
coffee_table/case539,coffee_table,case539,/ssd1/itaein/datasets/RoboCerebra/RoboCerebra_trainset/coffee_table/case539/demo.hdf5,RoboCerebra_trainset/coffee_table/case539/demo.hdf5,RoboCerebra_trainset/coffee_table/case539/case539.mp4,"Set up a dual serving layout by arranging snacks and sauces in bowls (white_bowl for cookies and tomato_sauce, akita_black_bowl for ketchup) in the serving area on the coffee_table, organizing cookware (chefmate_8_frypan) on a rack, and positioning beverages (wine_bottle on wine_rack) and tools (moka_pot on wooden_tray) in their designated regions.",4463,15,True,True,True,True,True,True,True,True,True,True,,e8d2b1270f07fb40e03445330c93f689100b8cb59d34b01d13dd05a9be3997ce,162,float64,7,float64
coffee_table/case540,coffee_table,case540,/ssd1/itaein/datasets/RoboCerebra/RoboCerebra_trainset/coffee_table/case540/demo.hdf5,RoboCerebra_trainset/coffee_table/case540/demo.hdf5,RoboCerebra_trainset/coffee_table/case540/case540.mp4,"Arrange cookies and cream cheese on a plate as a snack and pour wine into a glazed rim porcelain ramekin as a side beverage, then place the plate on the top region of a wine rack.",3102,11,True,True,True,True,True,True,True,True,True,True,,2f356e6a20d033aca10a5b630b76a0a05a6235d9b9a483bb5b2192db5f3aa06b,97,float64,7,float64
coffee_table/case541,coffee_table,case541,/ssd1/itaein/datasets/RoboCerebra/RoboCerebra_trainset/coffee_table/case541/demo.hdf5,RoboCerebra_trainset/coffee_table/case541/demo.hdf5,RoboCerebra_trainset/coffee_table/case541/case541.mp4,"The task involves preparing a creamy tomato sauce by combining cream cheese, butter, and tomato sauce in a chefmate_8_frypan, transferring part of the mixed sauce into a white_yellow_mug, and placing the mug back onto the coffee_table.",4230,12,True,True,True,True,True,True,True,True,True,True,,9a6cae1959e9f92d881005ee4ace3d279a1cf02c2dd4ae96569d2db0e4cfc2a6,103,float64,7,float64
coffee_table/case542,coffee_table,case542,/ssd1/itaein/datasets/RoboCerebra/RoboCerebra_trainset/coffee_table/case542/demo.hdf5,RoboCerebra_trainset/coffee_table/case542/demo.hdf5,RoboCerebra_trainset/coffee_table/case542/case542.mp4,"Organize a white bowl, cream cheese, and popcorn by placing them in designated storage compartments (short cabinet and bowl drainer) for food items and tableware.",2636,8,True,True,True,True,True,True,True,True,True,True,,083f7874b6034fc3fed360d25c16e3f9789c642b71433e484dd3d66fa35d3da4,77,float64,7,float64
coffee_table/case543,coffee_table,case543,/ssd1/itaein/datasets/RoboCerebra/RoboCerebra_trainset/coffee_table/case543/demo.hdf5,RoboCerebra_trainset/coffee_table/case543/demo.hdf5,RoboCerebra_trainset/coffee_table/case543/case543.mp4,"Set up a dining scene by arranging items from the coffee_table (white_yellow_mug, plate, wine_bottle, bbq_sauce, ketchup) onto the table, pouring wine and bbq_sauce onto the plate, and opening the short_cabinet top_region.",2301,7,True,True,True,True,True,True,True,True,True,True,,b42728c47fb521ca9868c1fa9058a6b6c4097e4c00e2f139eff14a063d858bb8,103,float64,7,float64
coffee_table/case544,coffee_table,case544,/ssd1/itaein/datasets/RoboCerebra/RoboCerebra_trainset/coffee_table/case544/demo.hdf5,RoboCerebra_trainset/coffee_table/case544/demo.hdf5,RoboCerebra_trainset/coffee_table/case544/case544.mp4,"Organize a snack preparation and wine arrangement scene by transferring a wine_bottle from the wooden_cabinet to the wine_rack, using a chefmate_8_frypan and ketchup for snack setup on the coffee_table, and handling cookies from the coffee_table.",3213,8,True,True,True,True,True,True,True,True,True,True,,d465a36591aacf54bbf57722c9d91b77a2746799a3b63cd90e73e24b736e3b9b,92,float64,7,float64
coffee_table/case545,coffee_table,case545,/ssd1/itaein/datasets/RoboCerebra/RoboCerebra_trainset/coffee_table/case545/demo.hdf5,RoboCerebra_trainset/coffee_table/case545/demo.hdf5,RoboCerebra_trainset/coffee_table/case545/case545.mp4,Prepare a warmed macaroni and cheese meal using a microwave and serve orange juice in a porcelain mug placed on the coffee table.,2909,5,True,True,True,True,True,True,True,True,True,True,,6facb0e18a3a2bd9fd5ec263996a601255d35348e20a09a33a2e3ebc5448f9b1,73,float64,7,float64
coffee_table/case546,coffee_table,case546,/ssd1/itaein/datasets/RoboCerebra/RoboCerebra_trainset/coffee_table/case546/demo.hdf5,RoboCerebra_trainset/coffee_table/case546/demo.hdf5,RoboCerebra_trainset/coffee_table/case546/case546.mp4,"The task involves preparing cooking ingredients by activating the flat_stove in the cook_region, retrieving the chefmate_8_frypan, butter, and orange_juice from the coffee_table, carrying them to the cook_region, and combining the butter and orange_juice in the frypan to prepare for cooking.",3026,10,True,True,True,True,True,True,True,True,True,True,,52f32e20d8445bdea187311d80501f8674189342d69bb92d21de1c9a9b73edcb,79,float64,7,float64
coffee_table/case547,coffee_table,case547,/ssd1/itaein/datasets/RoboCerebra/RoboCerebra_trainset/coffee_table/case547/demo.hdf5,RoboCerebra_trainset/coffee_table/case547/demo.hdf5,RoboCerebra_trainset/coffee_table/case547/case547.mp4,Heat macaroni and cheese in the microwave and season it by adding tomato sauce and ketchup.,2727,9,True,True,True,True,True,True,True,True,True,True,,2048a9700849f7a2facadba80c1a5af24cb0c265b08e2c713388ce702f268ca5,73,float64,7,float64
coffee_table/case548,coffee_table,case548,/ssd1/itaein/datasets/RoboCerebra/RoboCerebra_trainset/coffee_table/case548/demo.hdf5,RoboCerebra_trainset/coffee_table/case548/demo.hdf5,RoboCerebra_trainset/coffee_table/case548/case548.mp4,"Organize kitchen items by storing the white_bowl in a wooden_cabinet, transferring and filling a white_yellow_mug with orange_juice, and warm the beverage by placing the mug into the microwave.",3565,9,True,True,True,True,True,True,True,True,True,True,,e541124efbb7bbdedc260970de15fe49e06189e2c1b6561c4827920eae2599b7,79,float64,7,float64
coffee_table/case549,coffee_table,case549,/ssd1/itaein/datasets/RoboCerebra/RoboCerebra_trainset/coffee_table/case549/demo.hdf5,RoboCerebra_trainset/coffee_table/case549/demo.hdf5,RoboCerebra_trainset/coffee_table/case549/case549.mp4,"The task involves preparing a snack by combining popcorn and BBQ sauce in an akita_black_bowl, warming a flat_stove in the cook_region, and serving milk in a glazed_rim_porcelain_ramekin.",2225,9,True,True,True,True,True,True,True,True,True,True,,32659ea24037c31915e45a22ff68713c070415f3614b93de1a0373bcc92aca1d,99,float64,7,float64
coffee_table/case550,coffee_table,case550,/ssd1/itaein/datasets/RoboCerebra/RoboCerebra_trainset/coffee_table/case550/demo.hdf5,RoboCerebra_trainset/coffee_table/case550/demo.hdf5,RoboCerebra_trainset/coffee_table/case550/case550.mp4,"Set up a snack and beverage serving arrangement by placing cookies, chocolate pudding, and cream cheese on a plate, preparing coffee with a moka pot on a flat stove, and pouring wine into a white-yellow mug.",4921,17,True,True,True,True,True,True,True,True,True,True,,b1caf4617bf1b1870ce7e37bdd842df91288c90fbff017b0b09d8f666ce7ac40,125,float64,7,float64
coffee_table/case551,coffee_table,case551,/ssd1/itaein/datasets/RoboCerebra/RoboCerebra_trainset/coffee_table/case551/demo.hdf5,RoboCerebra_trainset/coffee_table/case551/demo.hdf5,RoboCerebra_trainset/coffee_table/case551/case551.mp4,"Organize kitchen items by using a robotic arm to move cookies, a white bowl, and a wine bottle between designated regions of the wooden cabinet, coffee table, bowl drainer, and rack for sorting and storage purposes.",2853,10,True,True,True,True,True,True,True,True,True,True,,09e1a032be1324c87a68006fd498686e7aa2e2ae9e138bd306643389ee9c9e0b,90,float64,7,float64
coffee_table/case552,coffee_table,case552,/ssd1/itaein/datasets/RoboCerebra/RoboCerebra_trainset/coffee_table/case552/demo.hdf5,RoboCerebra_trainset/coffee_table/case552/demo.hdf5,RoboCerebra_trainset/coffee_table/case552/case552.mp4,"Prepare a savory fusion dish by incorporating cream_cheese into a white_storage_box, combining macaroni_and_cheese with bbq_sauce in an akita_black_bowl, and organizing the ingredients using the coffee_table.",3000,7,True,True,True,True,True,True,True,True,True,True,,f5f3a9f0cd2b5af53da2b2ee530df6d7dfcedfbbcc01c4d0c5b07a286248a1c7,84,float64,7,float64
coffee_table/case553,coffee_table,case553,/ssd1/itaein/datasets/RoboCerebra/RoboCerebra_trainset/coffee_table/case553/demo.hdf5,RoboCerebra_trainset/coffee_table/case553/demo.hdf5,RoboCerebra_trainset/coffee_table/case553/case553.mp4,"The task involves organizing items by rearranging a red_coffee_mug, wine_bottle, chefmate_8_frypan, butter, and bowl_drainer on specified surfaces (coffee_table, wooden_two_layer_shelf, and bowl_drainer) and serving a beverage by pouring wine into the red_coffee_mug.",2230,7,True,True,True,True,True,True,True,True,True,True,,550f9f4d9444a4d31b8498d84d7b68820c82669d2e7f7a66a227df215429a1c5,86,float64,7,float64
coffee_table/case554,coffee_table,case554,/ssd1/itaein/datasets/RoboCerebra/RoboCerebra_trainset/coffee_table/case554/demo.hdf5,RoboCerebra_trainset/coffee_table/case554/demo.hdf5,RoboCerebra_trainset/coffee_table/case554/case554.mp4,"Organize a meal by retrieving butter from the white cabinet, placing it back, preparing macaroni and cheese in an akita black bowl, and heating the bowl in a microwave.",3553,9,True,True,True,True,True,True,True,True,True,True,,9f3734d823de0acec75184efd2843d4bd847d4d76071cea0ac59360ee4b971a1,79,float64,7,float64
coffee_table/case555,coffee_table,case555,/ssd1/itaein/datasets/RoboCerebra/RoboCerebra_trainset/coffee_table/case555/demo.hdf5,RoboCerebra_trainset/coffee_table/case555/demo.hdf5,RoboCerebra_trainset/coffee_table/case555/case555.mp4,Assemble a dip snack spread by transferring tomato sauce and cream cheese into designated regions of a bowl drainer in the assembly area and arranging cookies on a plate from the coffee table.,2412,8,True,True,True,True,True,True,True,True,True,True,,5d2a04e67dfc6c40799751715af79dfc293e717f6ef68770c066ae802a9403b4,84,float64,7,float64
coffee_table/case556,coffee_table,case556,/ssd1/itaein/datasets/RoboCerebra/RoboCerebra_trainset/coffee_table/case556/demo.hdf5,RoboCerebra_trainset/coffee_table/case556/demo.hdf5,RoboCerebra_trainset/coffee_table/case556/case556.mp4,"The task involves demonstrating cooking by interacting with objects like a white_cabinet, a chefmate_8_frypan, tomato_sauce, a porcelain_mug, a wine_bottle, and a wine_rack to prepare ingredients and perform specific actions in a structured sequence.",2035,7,True,True,False,True,True,True,True,True,True,False,nonpositive_interval;frame_assignment_not_exact,bd4f3e85878c65f769f5e9f4decdb272e7420923932e48ac3cda66d6ff0218ab,90,float64,7,float64
coffee_table/case557,coffee_table,case557,/ssd1/itaein/datasets/RoboCerebra/RoboCerebra_trainset/coffee_table/case557/demo.hdf5,RoboCerebra_trainset/coffee_table/case557/demo.hdf5,RoboCerebra_trainset/coffee_table/case557/case557.mp4,"Design a long-sequence robotic arm operation to interact with multiple objects—short_cabinet, top_region, chefmate_8_frypan, rack, wooden_two_layer_shelf, plate, wine_bottle, and coffee_table—by moving, grasping, opening, transferring, pouring, and releasing objects to achieve a specific arrangement and functional actions.",3473,8,True,True,True,True,True,True,True,True,True,True,,ca3a1701e9e0f04647fe5a6c78def4edc4b9f09d6859a42d253d9d2b525a0bdd,90,float64,7,float64
coffee_table/case558,coffee_table,case558,/ssd1/itaein/datasets/RoboCerebra/RoboCerebra_trainset/coffee_table/case558/demo.hdf5,RoboCerebra_trainset/coffee_table/case558/demo.hdf5,RoboCerebra_trainset/coffee_table/case558/case558.mp4,"Organize and prepare a serving setup by storing cookies in the white_storage_box, pouring cream_cheese into the white_bowl, placing the glazed_rim_porcelain_ramekin onto the serving_area, and pouring wine from the wine_bottle into the ramekin.",1896,7,True,True,True,True,True,True,True,True,True,True,,4ebfd8b2fcf184b7b18fa2151445a396779418182dff21e2201718490196a24f,97,float64,7,float64
coffee_table/case559,coffee_table,case559,/ssd1/itaein/datasets/RoboCerebra/RoboCerebra_trainset/coffee_table/case559/demo.hdf5,RoboCerebra_trainset/coffee_table/case559/demo.hdf5,RoboCerebra_trainset/coffee_table/case559/case559.mp4,Prepare macaroni and cheese in a frypan on a stove and pour wine into a mug using available kitchen tools.,3048,9,True,True,True,True,True,True,True,True,True,True,,31f86ca86a97a33008996f4b11b3af6974791d6ec33c61bbbec8c88272811948,86,float64,7,float64
coffee_table/case560,coffee_table,case560,/ssd1/itaein/datasets/RoboCerebra/RoboCerebra_trainset/coffee_table/case560/demo.hdf5,RoboCerebra_trainset/coffee_table/case560/demo.hdf5,RoboCerebra_trainset/coffee_table/case560/case560.mp4,The task involves organizing kitchen items by transferring cookies and butter from a coffee_table to their respective cabinets (short_cabinet and wooden_cabinet) and serving bbq_sauce onto a plate from the coffee_table.,2629,8,True,True,True,True,True,True,True,True,True,True,,41bf365b3060c667109de34b947979c955abb0341097a922bd5177b1fa729e3e,96,float64,7,float64
coffee_table/case561,coffee_table,case561,/ssd1/itaein/datasets/RoboCerebra/RoboCerebra_trainset/coffee_table/case561/demo.hdf5,RoboCerebra_trainset/coffee_table/case561/demo.hdf5,RoboCerebra_trainset/coffee_table/case561/case561.mp4,"Organize a quick snack by storing the white_yellow_mug in the wooden_cabinet, heating chocolate_pudding in a white_bowl on the flat_stove, and repositioning the wine_bottle on the coffee_table.",3024,8,True,False,True,True,True,True,True,True,True,False,gap_or_overlap;frame_assignment_not_exact,623d6085badd4a843e3650090ccfe36645489afa48379d91cdebedc1e6c74909,92,float64,7,float64
coffee_table/case562,coffee_table,case562,/ssd1/itaein/datasets/RoboCerebra/RoboCerebra_trainset/coffee_table/case562/demo.hdf5,RoboCerebra_trainset/coffee_table/case562/demo.hdf5,RoboCerebra_trainset/coffee_table/case562/case562.mp4,"The task involves using a robotic arm to reorganize objects (cookies, porcelain_mug, wine_bottle, chefmate_8_frypan, and white_yellow_mug) from a coffee_table onto a wooden_two_layer_shelf and a wooden_tray, while interacting with a microwave and pouring liquid from the wine_bottle onto the wooden_tray.",4712,12,True,True,True,True,True,True,True,True,True,True,,21f4ec2ed3590a189b19e6b5dfe0cb763e8452432f921b85747a5183529b6110,112,float64,7,float64
coffee_table/case563,coffee_table,case563,/ssd1/itaein/datasets/RoboCerebra/RoboCerebra_trainset/coffee_table/case563/demo.hdf5,RoboCerebra_trainset/coffee_table/case563/demo.hdf5,RoboCerebra_trainset/coffee_table/case563/case563.mp4,"Organize condiments by storing butter in the white cabinet and create a zesty beverage setup by combining wine, salad dressing, and BBQ sauce in a porcelain mug at the pouring station, while arranging the moka pot nearby.",3638,15,True,True,True,True,True,True,True,True,True,True,,945a66583179b79bdfe1d4f18a5ff4df6825f46a424d8f4cdc8bfdf7053905e6,116,float64,7,float64
coffee_table/case564,coffee_table,case564,/ssd1/itaein/datasets/RoboCerebra/RoboCerebra_trainset/coffee_table/case564/demo.hdf5,RoboCerebra_trainset/coffee_table/case564/demo.hdf5,RoboCerebra_trainset/coffee_table/case564/case564.mp4,"Simulate a food preparation and serving scene by interacting with a short_fridge, coffee_table, new_salad_dressing, and an akita_black_bowl to pour and transfer salad dressing into the bowl.",1640,6,True,True,True,True,True,True,True,True,True,True,,cc42b2810ad73e7837fcc45a5c446bce987c2348d72c14ee6b01e52fde5f6c72,60,float64,7,float64
coffee_table/case565,coffee_table,case565,/ssd1/itaein/datasets/RoboCerebra/RoboCerebra_trainset/coffee_table/case565/demo.hdf5,RoboCerebra_trainset/coffee_table/case565/demo.hdf5,RoboCerebra_trainset/coffee_table/case565/case565.mp4,"Prepare a beverage-and-dessert scene by using a microwave to heat a milk-filled red coffee mug and pouring wine over chocolate pudding placed on a wooden shelf, with all objects sourced from and returned to the coffee table.",4002,11,True,True,True,True,True,True,True,True,True,True,,c1863aa309d131ed71a5ec94651656209cc01ef1f5c27c47471a6b4d0449a0c3,86,float64,7,float64
coffee_table/case566,coffee_table,case566,/ssd1/itaein/datasets/RoboCerebra/RoboCerebra_trainset/coffee_table/case566/demo.hdf5,RoboCerebra_trainset/coffee_table/case566/demo.hdf5,RoboCerebra_trainset/coffee_table/case566/case566.mp4,"The task involves using a chefmate_8_frypan, a flat_stove, cream_cheese, and a wine_bottle to prepare a fusion dish by infusing wine into the cream cheese on a heated frypan.",2594,8,True,True,True,True,True,True,True,True,True,True,,d3793a7dcacc491a3ca98ce0e843da912d711e54c70f888dddb42c40060da47e,73,float64,7,float64
coffee_table/case567,coffee_table,case567,/ssd1/itaein/datasets/RoboCerebra/RoboCerebra_trainset/coffee_table/case567/demo.hdf5,RoboCerebra_trainset/coffee_table/case567/demo.hdf5,RoboCerebra_trainset/coffee_table/case567/case567.mp4,"Prepare and arrange a mini food setup by utilizing the microwave, coffee_table, white_bowl, new_salad_dressing, glazed_rim_porcelain_ramekin, and wine_bottle to organize and display food and related items.",3462,8,True,False,False,True,True,True,True,True,True,False,nonpositive_interval;gap_or_overlap;frame_assignment_not_exact,6ba67fa849a50e11bddea2e422eab80c9452630b166e290bfd81d67fa852957c,86,float64,7,float64
coffee_table/case568,coffee_table,case568,/ssd1/itaein/datasets/RoboCerebra/RoboCerebra_trainset/coffee_table/case568/demo.hdf5,RoboCerebra_trainset/coffee_table/case568/demo.hdf5,RoboCerebra_trainset/coffee_table/case568/case568.mp4,"Simulate a serving arrangement by organizing a plate and a frypan inside the short cabinet, then perform a liquid pouring action by pouring the contents of a wine bottle onto the frypan.",3495,10,True,True,True,True,True,True,True,True,True,True,,e84a7b6d7a6c06a5049440e215369e70ae1eb8e5e1d626dfaff88f5af7a1534d,77,float64,7,float64
coffee_table/case569,coffee_table,case569,/ssd1/itaein/datasets/RoboCerebra/RoboCerebra_trainset/coffee_table/case569/demo.hdf5,RoboCerebra_trainset/coffee_table/case569/demo.hdf5,RoboCerebra_trainset/coffee_table/case569/case569.mp4,"Prepare a snack by pouring chocolate pudding into a glazed rim porcelain ramekin and wine into a porcelain mug, while organizing a kitchen tool by placing a Chefmate 8” frypan into a short cabinet.",3163,11,True,True,True,True,True,True,True,True,True,True,,d491e3c87a162a9a46f58dfd4442393c66bdda446c9bbe3f3cd3c054b240647f,116,float64,7,float64
coffee_table/case570,coffee_table,case570,/ssd1/itaein/datasets/RoboCerebra/RoboCerebra_trainset/coffee_table/case570/demo.hdf5,RoboCerebra_trainset/coffee_table/case570/demo.hdf5,RoboCerebra_trainset/coffee_table/case570/case570.mp4,"The task involves using a robotic arm to locate, pick up, and organize items—including an akita_black_bowl, plate, wine_bottle, and milk container—by transferring them from a coffee_table to designated storage locations such as a wooden_shelf, white_storage_box, and rack, while also performing a wine pouring action onto the coffee_table.",2675,9,True,True,True,True,True,True,True,True,True,True,,7928e3689576421c6f0ee0b1881022058b97e0af0a326930bc0dd4d92be32d03,97,float64,7,float64
coffee_table/case571,coffee_table,case571,/ssd1/itaein/datasets/RoboCerebra/RoboCerebra_trainset/coffee_table/case571/demo.hdf5,RoboCerebra_trainset/coffee_table/case571/demo.hdf5,RoboCerebra_trainset/coffee_table/case571/case571.mp4,"Prepare a dairy mixture by combining butter from the coffee_table and milk from the short_fridge into a white_bowl, while placing a wine_bottle from the coffee_table onto the short_cabinet for extra beverage storage.",3569,10,True,True,True,True,True,True,True,True,True,True,,cd05e7d17bfc940d606ec5f8ee4ad7a0b56e52e50b8996071d11cdb92b5ccb9f,92,float64,7,float64
coffee_table/case572,coffee_table,case572,/ssd1/itaein/datasets/RoboCerebra/RoboCerebra_trainset/coffee_table/case572/demo.hdf5,RoboCerebra_trainset/coffee_table/case572/demo.hdf5,RoboCerebra_trainset/coffee_table/case572/case572.mp4,"Organize kitchen items by moving the chefmate_8_frypan, wine_bottle, white_yellow_mug, and chocolate_pudding from the coffee_table to their respective designated places, including the wooden_shelf, wine_rack, and white_bowl.",4448,9,True,True,True,True,True,True,True,True,True,True,,14ef93de0c5aa2fb525bed420e216a5713d1e1485b64b9d6a8932712c5c7d0bd,99,float64,7,float64
coffee_table/case573,coffee_table,case573,/ssd1/itaein/datasets/RoboCerebra/RoboCerebra_trainset/coffee_table/case573/demo.hdf5,RoboCerebra_trainset/coffee_table/case573/demo.hdf5,RoboCerebra_trainset/coffee_table/case573/case573.mp4,"Create a creative dessert beverage by mixing milk, chocolate pudding, salad dressing, and wine in a white and yellow mug using various objects like a white cabinet, coffee table, and fridge.",4173,14,True,True,True,True,True,True,True,True,True,True,,caf6f64d131193ea6d66f0b02d41f782d82f4a97998c7d102967e27fce691cfc,105,float64,7,float64
coffee_table/case574,coffee_table,case574,/ssd1/itaein/datasets/RoboCerebra/RoboCerebra_trainset/coffee_table/case574/demo.hdf5,RoboCerebra_trainset/coffee_table/case574/demo.hdf5,RoboCerebra_trainset/coffee_table/case574/case574.mp4,The task involves preparing a serving bowl by placing cookies into a white bowl and setting up the kitchenette by turning on the flat stove and positioning a moka pot on it.,1620,6,True,True,True,True,True,True,True,True,True,True,,8e144e5dd2551e7ef6a1a3b1ff3dded30971aa9024620fd6f3fdf8b772334e8c,73,float64,7,float64
coffee_table/case575,coffee_table,case575,/ssd1/itaein/datasets/RoboCerebra/RoboCerebra_trainset/coffee_table/case575/demo.hdf5,RoboCerebra_trainset/coffee_table/case575/demo.hdf5,RoboCerebra_trainset/coffee_table/case575/case575.mp4,"The task involves using a robotic arm to manipulate various kitchen objects such as a white bowl, orange juice container, chefmate frypan, milk container, and white-yellow mug to perform actions like pouring liquids, placing items, and operating a flat stove on a coffee table and cook region.",2179,10,True,True,True,True,True,True,True,True,True,True,,261878678cfa309f5861c35dc98b16cfa7e955a4e73757f7b38e2187b4a804d6,99,float64,7,float64
coffee_table/case576,coffee_table,case576,/ssd1/itaein/datasets/RoboCerebra/RoboCerebra_trainset/coffee_table/case576/demo.hdf5,RoboCerebra_trainset/coffee_table/case576/demo.hdf5,RoboCerebra_trainset/coffee_table/case576/case576.mp4,"Organize food items and beverages from the coffee_table by storing cookies in the middle_region and chocolate_pudding in the bottom_region of the white_cabinet, pouring orange_juice into the red_coffee_mug, and turning on the flat_stove cook_region for usage.",5878,10,True,True,True,True,True,True,True,True,True,True,,40df96cb8f7b79ed8b9ddb239b6883573c34aca6ac4bbcb7b3e2886f3e27b29c,92,float64,7,float64
coffee_table/case577,coffee_table,case577,/ssd1/itaein/datasets/RoboCerebra/RoboCerebra_trainset/coffee_table/case577/demo.hdf5,RoboCerebra_trainset/coffee_table/case577/demo.hdf5,RoboCerebra_trainset/coffee_table/case577/case577.mp4,"Organize a serving setup by moving butter to a white storage box, pouring tomato sauce onto a plate, transferring alphabet soup into a black bowl, and pouring wine next to a moka pot using items from the coffee table.",1750,11,True,True,True,True,True,True,True,True,True,True,,1a14512cd4e1773b32eb0b23c480a08256a72d95ecbdea5bc011ae34ac1cc0b9,123,float64,7,float64
coffee_table/case578,coffee_table,case578,/ssd1/itaein/datasets/RoboCerebra/RoboCerebra_trainset/coffee_table/case578/demo.hdf5,RoboCerebra_trainset/coffee_table/case578/demo.hdf5,RoboCerebra_trainset/coffee_table/case578/case578.mp4,"Heat tomato sauce by transferring it from a coffee table to a porcelain mug, placing the mug into a microwave for warming, and utilizing objects like a white cabinet, table, and microwave to facilitate the process.",3526,9,True,True,True,True,True,True,True,True,True,True,,65f899091b8748a093a43771887416adc97add6dac6722c6fbdcbdbc1be49031,66,float64,7,float64
coffee_table/case579,coffee_table,case579,/ssd1/itaein/datasets/RoboCerebra/RoboCerebra_trainset/coffee_table/case579/demo.hdf5,RoboCerebra_trainset/coffee_table/case579/demo.hdf5,RoboCerebra_trainset/coffee_table/case579/case579.mp4,"Prepare a snack setup by arranging a plate with popcorn, managing wine and coffee items on the coffee table, and clearing a bowl into the bowl drainer in the kitchen.",1962,8,True,True,True,True,True,True,True,True,True,True,,d6c4e69682d199abb16743a6a4aedfc9f6c7bb002fed069744ad80081cfe18bc,99,float64,7,float64
coffee_table/case580,coffee_table,case580,/ssd1/itaein/datasets/RoboCerebra/RoboCerebra_trainset/coffee_table/case580/demo.hdf5,RoboCerebra_trainset/coffee_table/case580/demo.hdf5,RoboCerebra_trainset/coffee_table/case580/case580.mp4,"Arrange cookies, butter, and tomato sauce on a plate, then place a glazed rim porcelain ramekin on a rack for dessert presentation.",2179,9,True,True,True,True,True,True,True,True,True,True,,60400e65401599276a9acb0510da33179a06169a60e509e9d1bd3d2cd1cb5d55,110,float64,7,float64
coffee_table/case581,coffee_table,case581,/ssd1/itaein/datasets/RoboCerebra/RoboCerebra_trainset/coffee_table/case581/demo.hdf5,RoboCerebra_trainset/coffee_table/case581/demo.hdf5,RoboCerebra_trainset/coffee_table/case581/case581.mp4,"Assemble a snack dish by arranging a wooden tray from the coffee table to a table, then placing a plate on the tray, adding cream cheese to the plate, and pouring ketchup on the cream cheese.",2150,6,True,True,True,True,True,True,True,True,True,True,,7d12f6da079a1e1d5b9ed6357ea11df3e2a6ddaad49f1e553a89e212279b113a,84,float64,7,float64
coffee_table/case582,coffee_table,case582,/ssd1/itaein/datasets/RoboCerebra/RoboCerebra_trainset/coffee_table/case582/demo.hdf5,RoboCerebra_trainset/coffee_table/case582/demo.hdf5,RoboCerebra_trainset/coffee_table/case582/case582.mp4,"Prepare coffee using a moka pot and a red coffee mug on a flat stove, then store popcorn in a white bowl inside a wooden cabinet.",3555,8,True,True,True,True,True,True,True,True,True,True,,97e5b2358e2ef39a5c9728f23f715ba5b718c3408997faae26bdf299af4ac376,79,float64,7,float64
coffee_table/case583,coffee_table,case583,/ssd1/itaein/datasets/RoboCerebra/RoboCerebra_trainset/coffee_table/case583/demo.hdf5,RoboCerebra_trainset/coffee_table/case583/demo.hdf5,RoboCerebra_trainset/coffee_table/case583/case583.mp4,"Organize and store the white_bowl, wine_bottle, and chefmate_8_frypan by moving each item from the coffee_table to their respective storage locations: the wooden_cabinet, wine_rack, and rack, specifically in their top regions.",3103,6,True,True,True,True,True,True,True,True,True,True,,c0cb70c923d8b05f5c8fdd5ad241903a8c694b820b871340c70d4df29fc15eee,90,float64,7,float64
coffee_table/case584,coffee_table,case584,/ssd1/itaein/datasets/RoboCerebra/RoboCerebra_trainset/coffee_table/case584/demo.hdf5,RoboCerebra_trainset/coffee_table/case584/demo.hdf5,RoboCerebra_trainset/coffee_table/case584/case584.mp4,"Assemble a mixed soup by combining alphabet_soup, tomato_sauce, and bbq_sauce in a white_bowl placed in the microwave, while organizing select kitchen items like a wine_bottle onto a wine_rack and a chefmate_8_frypan on a white_storage_box.",6617,16,True,True,True,True,True,True,True,True,True,True,,c7f53c1d747428eb2a35dac90f8229d730c084ddfe8cc1ae1f2a67ec872ff3cb,112,float64,7,float64
coffee_table/case585,coffee_table,case585,/ssd1/itaein/datasets/RoboCerebra/RoboCerebra_trainset/coffee_table/case585/demo.hdf5,RoboCerebra_trainset/coffee_table/case585/demo.hdf5,RoboCerebra_trainset/coffee_table/case585/case585.mp4,"Reorganize kitchen items by relocating popcorn, wine, and chocolate pudding using a robotic arm to simulate heating in a microwave, pouring into a mug, and storing in a box.",3435,11,True,True,True,True,True,True,True,True,True,True,,2b5e9ecc0c7578c7dde1a2a1e40cd4d00a8187462aeddce96565d2d9e05f8d9e,99,float64,7,float64
coffee_table/case586,coffee_table,case586,/ssd1/itaein/datasets/RoboCerebra/RoboCerebra_trainset/coffee_table/case586/demo.hdf5,RoboCerebra_trainset/coffee_table/case586/demo.hdf5,RoboCerebra_trainset/coffee_table/case586/case586.mp4,"The task involves arranging cookware and organizing items for serving and storage by placing the chefmate_8_frypan on a rack, transferring the white_storage_box from a wooden_shelf to the coffee_table, categorizing butter and cookies into different sections of the white_storage_box, and pouring wine from a wine_bottle into an akita_black_bowl.",3141,8,True,True,True,True,True,True,True,True,True,True,,2dbf51bd7932d926626f349a17579e6175136a0c9971e2a3230bf21ba33293b5,110,float64,7,float64
coffee_table/case587,coffee_table,case587,/ssd1/itaein/datasets/RoboCerebra/RoboCerebra_trainset/coffee_table/case587/demo.hdf5,RoboCerebra_trainset/coffee_table/case587/demo.hdf5,RoboCerebra_trainset/coffee_table/case587/case587.mp4,"Organize food items (butter, orange juice, ketchup) and tableware (plate, akita black bowl) by moving them from the coffee table to designated regions of a wooden cabinet and combining them using pouring actions.",3823,12,True,True,True,True,True,True,True,True,True,True,,ae67a6d6cf1cf99369ed0e5030e8ca61b6c107130635f10cfd345b1f09fe5f14,103,float64,7,float64
coffee_table/case588,coffee_table,case588,/ssd1/itaein/datasets/RoboCerebra/RoboCerebra_trainset/coffee_table/case588/demo.hdf5,RoboCerebra_trainset/coffee_table/case588/demo.hdf5,RoboCerebra_trainset/coffee_table/case588/case588.mp4,"Rearrange items on the coffee_table by storing cookies in the white_storage_box, placing the red_coffee_mug on the microwave, and returning an emptied wine_bottle back to the coffee_table.",3691,9,True,True,True,True,True,True,True,True,True,True,,04a4a3fed385d7aff8b3690201ab4fc888bfd56f5cf6b5b3e526c790e1da47d7,79,float64,7,float64
coffee_table/case589,coffee_table,case589,/ssd1/itaein/datasets/RoboCerebra/RoboCerebra_trainset/coffee_table/case589/demo.hdf5,RoboCerebra_trainset/coffee_table/case589/demo.hdf5,RoboCerebra_trainset/coffee_table/case589/case589.mp4,"Prepare coffee using a moka pot and a red coffee mug on a flat stove, then store popcorn in a white bowl inside a wooden cabinet.",2708,11,True,True,True,True,True,True,True,True,True,True,,7b8b7c024655b0d26f357c649adec72ee38f14249645b5bddf46866e07fc2f7b,92,float64,7,float64
coffee_table/case590,coffee_table,case590,/ssd1/itaein/datasets/RoboCerebra/RoboCerebra_trainset/coffee_table/case590/demo.hdf5,RoboCerebra_trainset/coffee_table/case590/demo.hdf5,RoboCerebra_trainset/coffee_table/case590/case590.mp4,"Assemble a meal setup by retrieving a white bowl from a wooden cabinet, placing it on a coffee table, adding butter to the bowl, pouring wine into a porcelain mug, and organizing a frypan on a rack.",3082,10,True,True,True,True,True,True,True,True,True,True,,ea5686f90064a9241ea6bb7a09b75c177cd99bc919bea276c5c036e388198550,116,float64,7,float64
coffee_table/case591,coffee_table,case591,/ssd1/itaein/datasets/RoboCerebra/RoboCerebra_trainset/coffee_table/case591/demo.hdf5,RoboCerebra_trainset/coffee_table/case591/demo.hdf5,RoboCerebra_trainset/coffee_table/case591/case591.mp4,"Arrange and store items by placing the red_coffee_mug into the white_cabinet, organizing the macaroni_and_cheese on a plate from the coffee_table, and managing the bowl_drainer.",1368,3,True,True,True,True,True,True,True,True,True,True,,b2e7a5aeed4e483b240805a0e1276026117e25fa24e1dc79c429dae7c1207a80,77,float64,7,float64
coffee_table/case592,coffee_table,case592,/ssd1/itaein/datasets/RoboCerebra/RoboCerebra_trainset/coffee_table/case592/demo.hdf5,RoboCerebra_trainset/coffee_table/case592/demo.hdf5,RoboCerebra_trainset/coffee_table/case592/case592.mp4,"The task prepares a mixed dessert snack by combining cookies and cream cheese in an akita_black_bowl retrieved from a white_cabinet, placing the bowl on a coffee_table, and heating the mixture in a microwave.",3222,11,True,True,True,True,True,True,True,True,True,True,,0d401f418a1e10b94a75db3b4ab4adf74cbafbd2b4cc99ad0e2396a2c943fea6,79,float64,7,float64
coffee_table/case593,coffee_table,case593,/ssd1/itaein/datasets/RoboCerebra/RoboCerebra_trainset/coffee_table/case593/demo.hdf5,RoboCerebra_trainset/coffee_table/case593/demo.hdf5,RoboCerebra_trainset/coffee_table/case593/case593.mp4,"The task involves setting up a dining scene by moving tableware and food items: placing a plate on a wooden tray, serving macaroni and cheese onto the plate, pouring wine from a bottle into a mug, and organizing objects like the wine bottle and moka pot.",3688,9,True,True,True,True,True,True,True,True,True,True,,a2c262ce6d85f68ccf86dabdc4da9fac2576239a9f6cf3ca1d6f30677e7ba571,123,float64,7,float64
coffee_table/case594,coffee_table,case594,/ssd1/itaein/datasets/RoboCerebra/RoboCerebra_trainset/coffee_table/case594/demo.hdf5,RoboCerebra_trainset/coffee_table/case594/demo.hdf5,RoboCerebra_trainset/coffee_table/case594/case594.mp4,"The task involves creatively preparing a sauced plate by sequentially retrieving cream cheese from the wooden cabinet, tomato sauce, new salad dressing, and wine from the coffee table, and pouring them onto a plate to combine the ingredients.",2908,11,True,True,True,True,True,True,True,True,True,True,,c18f7d9185bc3b8d86c32867d951d78448178ac0a3f5ae3261de8d0f6d1da691,103,float64,7,float64
coffee_table/case595,coffee_table,case595,/ssd1/itaein/datasets/RoboCerebra/RoboCerebra_trainset/coffee_table/case595/demo.hdf5,RoboCerebra_trainset/coffee_table/case595/demo.hdf5,RoboCerebra_trainset/coffee_table/case595/case595.mp4,"The task involves preparing a meal using macaroni_and_cheese cooked in a chefmate_8_frypan on a flat_stove, storing cookies in a white_storage_box as a snack, and serving wine from a wine_bottle into a porcelain_mug for drinking, while utilizing a coffee_table for object retrieval and placement throughout the process.",3556,11,True,True,True,True,True,True,True,True,True,True,,88af64269f05e6ed9faee0cb9abc75aa75cc3af250b45ac309d035c7f46c26d3,99,float64,7,float64
coffee_table/case596,coffee_table,case596,/ssd1/itaein/datasets/RoboCerebra/RoboCerebra_trainset/coffee_table/case596/demo.hdf5,RoboCerebra_trainset/coffee_table/case596/demo.hdf5,RoboCerebra_trainset/coffee_table/case596/case596.mp4,"Assemble a snack dish by combining cookies and cream cheese in a white bowl, then placing the bowl onto a wooden tray set aside on the coffee table.",1747,8,True,True,True,True,True,True,True,True,True,True,,4afb700004beafbe71a118a0e38f844cd2fd2a9ef22df0ccbf2d29d4826e7f99,84,float64,7,float64
coffee_table/case597,coffee_table,case597,/ssd1/itaein/datasets/RoboCerebra/RoboCerebra_trainset/coffee_table/case597/demo.hdf5,RoboCerebra_trainset/coffee_table/case597/demo.hdf5,RoboCerebra_trainset/coffee_table/case597/case597.mp4,"Prepare a snack by retrieving milk from the short_fridge, pouring it into a red_coffee_mug on the coffee_table, and placing cookies on a plate.",2144,8,True,True,True,True,True,True,True,True,True,True,,5bc2779b176ad982ee5f06bb8608582644c26abe113704fb00a656c7dac4fd68,86,float64,7,float64
coffee_table/case598,coffee_table,case598,/ssd1/itaein/datasets/RoboCerebra/RoboCerebra_trainset/coffee_table/case598/demo.hdf5,RoboCerebra_trainset/coffee_table/case598/demo.hdf5,RoboCerebra_trainset/coffee_table/case598/case598.mp4,The task involves assembling a dual serving setup for salad dressing in a white bowl and a beverage in a porcelain mug on a wooden tray using items from the coffee table.,3371,9,True,True,True,True,True,True,True,True,True,True,,e46e599d55e687e6c5f497cc9defe41c1d92f4739fe767f3d1cf6bd64ee31f10,97,float64,7,float64
coffee_table/case599,coffee_table,case599,/ssd1/itaein/datasets/RoboCerebra/RoboCerebra_trainset/coffee_table/case599/demo.hdf5,RoboCerebra_trainset/coffee_table/case599/demo.hdf5,RoboCerebra_trainset/coffee_table/case599/case599.mp4,"The task involves organizing items by transferring popcorn into a wooden cabinet, repositioning a glazed-rim porcelain ramekin and porcelain mug on a table, and pouring wine from a bottle into the ramekin.",2877,7,True,True,True,True,True,True,True,True,True,True,,18caa9fea4ead6cdcb8100bbbe183228c395b7bb9742fc304de3ad9288a91667,90,float64,7,float64
coffee_table/case600,coffee_table,case600,/ssd1/itaein/datasets/RoboCerebra/RoboCerebra_trainset/coffee_table/case600/demo.hdf5,RoboCerebra_trainset/coffee_table/case600/demo.hdf5,RoboCerebra_trainset/coffee_table/case600/case600.mp4,"The task involves organizing items by transferring popcorn into a wooden cabinet, repositioning a glazed-rim porcelain ramekin and porcelain mug on a table, and pouring wine from a bottle into the ramekin.",1497,7,True,True,True,True,True,True,True,True,True,True,,3348f69c1f71f31faed2ec4397530670e438b320e836c8da1f0f776af09f8def,90,float64,7,float64
coffee_table/case601,coffee_table,case601,/ssd1/itaein/datasets/RoboCerebra/RoboCerebra_trainset/coffee_table/case601/demo.hdf5,RoboCerebra_trainset/coffee_table/case601/demo.hdf5,RoboCerebra_trainset/coffee_table/case601/case601.mp4,"Prepare cooking ingredients by retrieving a white bowl and akita black bowl from the coffee table, placing them on a table, adding cream cheese to the white bowl and butter to the black bowl, and turning on the flat stove.",1060,5,True,True,True,True,True,True,True,True,True,True,,ba0505ea6e4fb22d8732e87ad88620fccf734e13021fa69d53bb12f8dd779c37,94,float64,7,float64
coffee_table/case602,coffee_table,case602,/ssd1/itaein/datasets/RoboCerebra/RoboCerebra_trainset/coffee_table/case602/demo.hdf5,RoboCerebra_trainset/coffee_table/case602/demo.hdf5,RoboCerebra_trainset/coffee_table/case602/case602.mp4,The task involves organizing a chocolate pudding and red coffee mug into the white cabinet while pouring wine from a wine bottle into a white bowl for mixing a beverage.,3176,8,True,True,True,True,True,True,True,True,True,True,,f1601fb8b645d8a6e276cc532e602f6490876136fc4f26683550a9ed1a4cc954,90,float64,7,float64
coffee_table/case603,coffee_table,case603,/ssd1/itaein/datasets/RoboCerebra/RoboCerebra_trainset/coffee_table/case603/demo.hdf5,RoboCerebra_trainset/coffee_table/case603/demo.hdf5,RoboCerebra_trainset/coffee_table/case603/case603.mp4,"Create a dining setup by retrieving a white bowl from the white storage box, a porcelain mug, wine bottle, and macaroni and cheese from the coffee table, then arranging them with wine poured into the mug and macaroni and cheese placed in the bowl on a table.",2094,7,True,True,True,True,True,True,True,True,True,True,,6658117168ab8dabd461561a2ce3d9331cf35b6571b6a7d9147f8fded7903200,84,float64,7,float64
coffee_table/case604,coffee_table,case604,/ssd1/itaein/datasets/RoboCerebra/RoboCerebra_trainset/coffee_table/case604/demo.hdf5,RoboCerebra_trainset/coffee_table/case604/demo.hdf5,RoboCerebra_trainset/coffee_table/case604/case604.mp4,Prepare a popcorn snack by microwaving it and serve chocolate pudding in a white bowl placed on the table.,1924,5,True,True,True,True,True,True,True,True,True,True,,367e02edac9ef7f250c463eca9be20dce18b34b13cb8d96ce59c1672b96166ac,73,float64,7,float64
coffee_table/case605,coffee_table,case605,/ssd1/itaein/datasets/RoboCerebra/RoboCerebra_trainset/coffee_table/case605/demo.hdf5,RoboCerebra_trainset/coffee_table/case605/demo.hdf5,RoboCerebra_trainset/coffee_table/case605/case605.mp4,"Prepare a mixed sauce blend by combining milk, salad dressing, and BBQ sauce in the akita_black_bowl, then transfer it into the red_coffee_mug and serve it on the coffee_table.",3864,12,True,True,True,True,True,True,True,True,True,True,,e5c456d0fbc08c426989f0a1835153cc7592347e04724ce961305d2686e67f76,97,float64,7,float64
coffee_table/case606,coffee_table,case606,/ssd1/itaein/datasets/RoboCerebra/RoboCerebra_trainset/coffee_table/case606/demo.hdf5,RoboCerebra_trainset/coffee_table/case606/demo.hdf5,RoboCerebra_trainset/coffee_table/case606/case606.mp4,"Organize various items, including a white storage box, cookies, a white-yellow mug, a wine bottle, a chefmate frypan, and a moka pot, by moving and positioning them on a coffee table or within the storage box to create a creative setup.",3378,9,True,True,True,True,True,True,True,True,True,True,,58b318b0579846b175b726b2533c98848253b40640c8b309f1e7b56f36caaac4,97,float64,7,float64
coffee_table/case607,coffee_table,case607,/ssd1/itaein/datasets/RoboCerebra/RoboCerebra_trainset/coffee_table/case607/demo.hdf5,RoboCerebra_trainset/coffee_table/case607/demo.hdf5,RoboCerebra_trainset/coffee_table/case607/case607.mp4,"Organize various kitchen items such as a bowl drainer, macaroni and cheese, and a frying pan on the table while preparing a beverage by pouring orange juice into a red coffee mug.",2618,6,True,True,True,True,True,True,True,True,True,True,,fb32a72d205d7de4c7a883b69a29a950cf67c39770dfcc8a95fd744a0154a0e8,92,float64,7,float64
coffee_table/case608,coffee_table,case608,/ssd1/itaein/datasets/RoboCerebra/RoboCerebra_trainset/coffee_table/case608/demo.hdf5,RoboCerebra_trainset/coffee_table/case608/demo.hdf5,RoboCerebra_trainset/coffee_table/case608/case608.mp4,"The task involves assembling a quick snack setup by transferring and combining items, including a chefmate_8_frypan, macaroni_and_cheese, and tomato_sauce, between the wooden_cabinet, coffee_table, and wooden_two_layer_shelf.",4477,8,True,True,True,True,True,True,True,True,True,True,,6e0e0061ff4e30150bb020786db45d56ee65e7d667ffe67997ac842f63b328ca,77,float64,7,float64
coffee_table/case609,coffee_table,case609,/ssd1/itaein/datasets/RoboCerebra/RoboCerebra_trainset/coffee_table/case609/demo.hdf5,RoboCerebra_trainset/coffee_table/case609/demo.hdf5,RoboCerebra_trainset/coffee_table/case609/case609.mp4,"The task involves preparing a mixed dish in the white_bowl by retrieving cream_cheese from the short_cabinet, new_salad_dressing from the coffee_table, and milk from the coffee_table, and combining them in the white_bowl.",2894,8,True,True,True,True,True,True,True,True,True,True,,204bec1bb7777ffe2b87deb4cdce9f20eb95767bdc06362dfc875ba2fafc06bb,90,float64,7,float64
coffee_table/case610,coffee_table,case610,/ssd1/itaein/datasets/RoboCerebra/RoboCerebra_trainset/coffee_table/case610/demo.hdf5,RoboCerebra_trainset/coffee_table/case610/demo.hdf5,RoboCerebra_trainset/coffee_table/case610/case610.mp4,"Organize items by placing chocolate_pudding into the wooden_cabinet middle_region, butter into the wooden_cabinet top_region, and white_bowl into the basket contain_region for storage.",1815,7,True,True,True,True,True,True,True,True,True,True,,5df8c1a0e8851cf516fe85bec6ffcd15f60e0d61a44be8a53cd87a8a8d45091c,90,float64,7,float64
coffee_table/case611,coffee_table,case611,/ssd1/itaein/datasets/RoboCerebra/RoboCerebra_trainset/coffee_table/case611/demo.hdf5,RoboCerebra_trainset/coffee_table/case611/demo.hdf5,RoboCerebra_trainset/coffee_table/case611/case611.mp4,"Rearrange items between the wooden_cabinet and coffee_table by transferring the wine_bottle to the coffee_table, swapping the red_coffee_mug and white_yellow_mug into the wooden_cabinet, pouring out the orange_juice, and returning its container to the coffee_table.",5272,12,True,True,True,True,True,True,True,True,True,True,,14f8d1383d0b62e4f00d6f2784a224553319df49844b462ba29b49978d79030e,90,float64,7,float64
coffee_table/case612,coffee_table,case612,/ssd1/itaein/datasets/RoboCerebra/RoboCerebra_trainset/coffee_table/case612/demo.hdf5,RoboCerebra_trainset/coffee_table/case612/demo.hdf5,RoboCerebra_trainset/coffee_table/case612/case612.mp4,"Prepare a beverage setup by placing a white bowl with salad dressing and a porcelain mug with milk on the table, while organizing a wine bottle onto the top region of the wooden shelf.",2405,8,True,True,True,True,True,True,True,True,True,True,,b67dc02e18b2c0a1d5f616062c781ffdca40d0bd13c5b76119cf6d96ba577b10,103,float64,7,float64
coffee_table/case613,coffee_table,case613,/ssd1/itaein/datasets/RoboCerebra/RoboCerebra_trainset/coffee_table/case613/demo.hdf5,RoboCerebra_trainset/coffee_table/case613/demo.hdf5,RoboCerebra_trainset/coffee_table/case613/case613.mp4,"Use a robotic arm to organize items from the coffee_table by storing cream_cheese in the short_cabinet, placing chocolate_pudding on a plate, preparing a beverage by pouring wine from a wine_bottle into a red_coffee_mug, and arranging the mug on the table.",2084,7,True,True,True,True,True,True,True,True,True,True,,257f9a9b3fd44ed8bd28baf61673051786b091a0d573bafc9ea78439c6028bee,103,float64,7,float64
coffee_table/case614,coffee_table,case614,/ssd1/itaein/datasets/RoboCerebra/RoboCerebra_trainset/coffee_table/case614/demo.hdf5,RoboCerebra_trainset/coffee_table/case614/demo.hdf5,RoboCerebra_trainset/coffee_table/case614/case614.mp4,"Warm orange juice in a porcelain mug using a flat stove while preparing a cream cheese spread by mixing cream cheese and butter in a white bowl, both utilizing objects from the coffee table.",3779,14,True,True,True,True,True,True,True,True,True,True,,2da819b56ac8672118184a55e78c5921caeef2a29ad3b34ad9022d9be58d7ec3,99,float64,7,float64
coffee_table/case615,coffee_table,case615,/ssd1/itaein/datasets/RoboCerebra/RoboCerebra_trainset/coffee_table/case615/demo.hdf5,RoboCerebra_trainset/coffee_table/case615/demo.hdf5,RoboCerebra_trainset/coffee_table/case615/case615.mp4,"The task involves assembling a snack by placing cookies and cream cheese on a wooden tray, then moving the tray to a short fridge and storing it inside.",4030,12,True,True,True,True,True,True,True,True,True,True,,44a88c5aa363b15d87bfaf2bb68331361d787d029ebf2b55443d70dd351b00c1,138,float64,7,float64
coffee_table/case616,coffee_table,case616,/ssd1/itaein/datasets/RoboCerebra/RoboCerebra_trainset/coffee_table/case616/demo.hdf5,RoboCerebra_trainset/coffee_table/case616/demo.hdf5,RoboCerebra_trainset/coffee_table/case616/case616.mp4,"Prepare an akita_black_bowl containing macaroni_and_cheese, butter, and tomato_sauce from the coffee_table and white_cabinet for heating in the microwave.",3746,8,True,True,True,False,True,True,True,True,True,False,terminal_mismatch;frame_assignment_not_exact,29c364c50a6553347a1dd140187dbc9cdfcb24cbbd80ab9474f5dc79769b0a48,92,float64,7,float64
coffee_table/case617,coffee_table,case617,/ssd1/itaein/datasets/RoboCerebra/RoboCerebra_trainset/coffee_table/case617/demo.hdf5,RoboCerebra_trainset/coffee_table/case617/demo.hdf5,RoboCerebra_trainset/coffee_table/case617/case617.mp4,"Prepare a snack by placing cream cheese and cookies onto a plate, and a beverage by pouring wine into a white-yellow mug, using items from the white cabinet and coffee table.",1960,6,True,True,True,True,True,True,True,True,True,True,,c7ea2f53d1e5b3fa2b5f7027795f7320aba69cfd7ef5baef11dd827b9c8119e9,103,float64,7,float64
coffee_table/case618,coffee_table,case618,/ssd1/itaein/datasets/RoboCerebra/RoboCerebra_trainset/coffee_table/case618/demo.hdf5,RoboCerebra_trainset/coffee_table/case618/demo.hdf5,RoboCerebra_trainset/coffee_table/case618/case618.mp4,"Reorganize kitchen items by moving the plate from the coffee_table to the white_cabinet, placing the chefmate_8_frypan from the coffee_table into the microwave, and pouring wine from the wine_bottle onto the coffee_table before returning the bottle to the coffee_table.",3425,8,True,True,True,True,True,True,True,True,True,True,,9216edc7e6f0cb2b2e914c0cee43d6eb0c115124e8c51f08f90a0b9b41063674,79,float64,7,float64
coffee_table/case619,coffee_table,case619,/ssd1/itaein/datasets/RoboCerebra/RoboCerebra_trainset/coffee_table/case619/demo.hdf5,RoboCerebra_trainset/coffee_table/case619/demo.hdf5,RoboCerebra_trainset/coffee_table/case619/case619.mp4,"Organize cream_cheese into the white_cabinet, prepare alphabet_soup on a plate, and activate the flat_stove while managing related kitchen storage.",1257,6,True,True,True,True,True,True,True,True,True,True,,e839ef8b68aaff09c750efe52bfd28a9f0175f942efcc24887bb717b50c91464,79,float64,7,float64
coffee_table/case620,coffee_table,case620,/ssd1/itaein/datasets/RoboCerebra/RoboCerebra_trainset/coffee_table/case620/demo.hdf5,RoboCerebra_trainset/coffee_table/case620/demo.hdf5,RoboCerebra_trainset/coffee_table/case620/case620.mp4,Heat cookies in the microwave and serve orange juice in a red coffee mug.,2697,18,True,True,True,False,True,True,True,True,True,False,terminal_mismatch;frame_assignment_not_exact,b2856d93cde7a4fe6d9224714e700350ca29dffd18add0ec63fbd56cec525d45,73,float64,7,float64
coffee_table/case621,coffee_table,case621,/ssd1/itaein/datasets/RoboCerebra/RoboCerebra_trainset/coffee_table/case621/demo.hdf5,RoboCerebra_trainset/coffee_table/case621/demo.hdf5,RoboCerebra_trainset/coffee_table/case621/case621.mp4,"Prepare a simple cooking setup by retrieving a chefmate_8_frypan from the white_cabinet to place on and activate the flat_stove, and organizing ingredients like cream_cheese in a glazed_rim_porcelain_ramekin, and wine_bottle on the counter.",1552,6,True,True,True,True,True,True,True,True,True,True,,6462d85c17b1e2ad2061868f362fae7c6aba5fff114f017b549ac29ffc16bc25,92,float64,7,float64
coffee_table/case622,coffee_table,case622,/ssd1/itaein/datasets/RoboCerebra/RoboCerebra_trainset/coffee_table/case622/demo.hdf5,RoboCerebra_trainset/coffee_table/case622/demo.hdf5,RoboCerebra_trainset/coffee_table/case622/case622.mp4,Heat cookies in the microwave and serve orange juice in a red coffee mug.,,6,True,True,True,False,True,False,False,False,False,False,source_hdf5_missing;terminal_mismatch;frame_assignment_not_exact,,,,,
coffee_table/case623,coffee_table,case623,/ssd1/itaein/datasets/RoboCerebra/RoboCerebra_trainset/coffee_table/case623/demo.hdf5,RoboCerebra_trainset/coffee_table/case623/demo.hdf5,RoboCerebra_trainset/coffee_table/case623/case623.mp4,"A robotic arm organizes kitchen items by picking them from the coffee table, performing specific operations like pouring sauce, and placing them in designated locations such as a rack, wooden tray, or basket using a gripper.",2327,9,True,True,True,True,True,True,True,True,True,True,,257b9580650f8f3428ae25b96518fc244f8d584101aea71cbbcb73ebab037cc3,136,float64,7,float64
coffee_table/case624,coffee_table,case624,/ssd1/itaein/datasets/RoboCerebra/RoboCerebra_trainset/coffee_table/case624/demo.hdf5,RoboCerebra_trainset/coffee_table/case624/demo.hdf5,RoboCerebra_trainset/coffee_table/case624/case624.mp4,"The task involves using a robotic arm to organize kitchen items by moving them from the coffee table to designated storage or functional areas, such as placing butter in a white storage box, setting items like a ramekin and moka pot on a wooden tray, organizing food items like macaroni and cheese on the tray, positioning a mug inside the microwave, and pouring liquids like orange juice and wine onto the wooden tray.",4411,17,True,True,True,True,True,True,True,True,True,True,,45b96901c271e455cbf7aa003d70aad1f16e2970ec460ff6e663690c18d0a276,138,float64,7,float64
coffee_table/case625,coffee_table,case625,/ssd1/itaein/datasets/RoboCerebra/RoboCerebra_trainset/coffee_table/case625/demo.hdf5,RoboCerebra_trainset/coffee_table/case625/demo.hdf5,RoboCerebra_trainset/coffee_table/case625/case625.mp4,"Assemble a snack display by arranging cookies and a porcelain mug filled with wine on a plate, sourced from a white cabinet and a coffee table.",2523,9,True,True,True,True,True,True,True,True,True,True,,3a0a0f0683d03ebf23d232cd537c51cc55be0f21f14a3f8732f31cf0453d3fe6,90,float64,7,float64
coffee_table/case626,coffee_table,case626,/ssd1/itaein/datasets/RoboCerebra/RoboCerebra_trainset/coffee_table/case626/demo.hdf5,RoboCerebra_trainset/coffee_table/case626/demo.hdf5,RoboCerebra_trainset/coffee_table/case626/case626.mp4,"The task involves a robotic arm sequentially interacting with various objects, including a wooden cabinet, coffee table, akita black bowl, red coffee mug, bowl drainer, rack, and white storage box, to move, grasp, align, release, and place these objects for arranging and organizing them in specific regions.",2507,7,True,False,False,True,True,True,True,True,True,False,nonpositive_interval;gap_or_overlap;frame_assignment_not_exact,58a3843967f3ae804a43792e24d1453219240784e7164f9295a682815ec40e4b,79,float64,7,float64
coffee_table/case627,coffee_table,case627,/ssd1/itaein/datasets/RoboCerebra/RoboCerebra_trainset/coffee_table/case627/demo.hdf5,RoboCerebra_trainset/coffee_table/case627/demo.hdf5,RoboCerebra_trainset/coffee_table/case627/case627.mp4,"Prepare a mixed soup by combining macaroni_and_cheese, tomato_sauce, and alphabet_soup into the akita_black_bowl.",3354,11,True,True,True,True,True,True,True,True,True,True,,6772c3d11517d61d440015b2f8aeac5d228c4a0ff9b5ba1e480f05ad9fdf17bb,90,float64,7,float64
coffee_table/case628,coffee_table,case628,/ssd1/itaein/datasets/RoboCerebra/RoboCerebra_trainset/coffee_table/case628/demo.hdf5,RoboCerebra_trainset/coffee_table/case628/demo.hdf5,RoboCerebra_trainset/coffee_table/case628/case628.mp4,"The task involves organizing serving elements by moving the white_bowl from the coffee_table to the short_cabinet, rearranging and using the plate, wine_bottle, and tomato_sauce on the coffee_table for serving preparation purposes.",2441,8,True,True,True,True,True,True,True,True,True,True,,174324e669754e9881ce6df0cd56578d19d38dc865681ba68aef2a6b2f48776e,90,float64,7,float64
coffee_table/case629,coffee_table,case629,/ssd1/itaein/datasets/RoboCerebra/RoboCerebra_trainset/coffee_table/case629/demo.hdf5,RoboCerebra_trainset/coffee_table/case629/demo.hdf5,RoboCerebra_trainset/coffee_table/case629/case629.mp4,"Warm up cookies using a microwave, then serve them on a plate with chocolate pudding for presentation.",2604,7,True,True,True,True,True,True,True,True,True,True,,d7fce0c824cb9d694a1fc7ba71dbcaeda84540a36a86376b50dd51e044c7b3ff,73,float64,7,float64
coffee_table/case630,coffee_table,case630,/ssd1/itaein/datasets/RoboCerebra/RoboCerebra_trainset/coffee_table/case630/demo.hdf5,RoboCerebra_trainset/coffee_table/case630/demo.hdf5,RoboCerebra_trainset/coffee_table/case630/case630.mp4,"The task involves using a white bowl, chefmate_8_frypan, wooden_cabinet, popcorn, orange_juice, bbq_sauce, coffee_table, and flat_stove to prepare a savory snack mix by combining ingredients in the frypan and heating it on the stove.",5186,14,True,True,True,True,True,True,True,True,True,True,,ffb1f7e2ea4f22d9e607391bbf0e7a440c6090ead1958d40f56a2d0f5ccc49b8,105,float64,7,float64
coffee_table/case631,coffee_table,case631,/ssd1/itaein/datasets/RoboCerebra/RoboCerebra_trainset/coffee_table/case631/demo.hdf5,RoboCerebra_trainset/coffee_table/case631/demo.hdf5,RoboCerebra_trainset/coffee_table/case631/case631.mp4,"Organize and display various kitchen items—BBQ sauce, alphabet soup, cream cheese, glazed rim porcelain ramekin, white yellow mug, and wine bottle—by placing them in designated storage regions including the short cabinet, wooden tray, bowl drainer, and rack, to ensure efficient arrangement.",3669,13,True,True,True,True,True,True,True,True,True,True,,4326a80396ab946c99c1425dabf4fbd56346656cfab231ef56423b875b13b5dc,142,float64,7,float64
coffee_table/case632,coffee_table,case632,/ssd1/itaein/datasets/RoboCerebra/RoboCerebra_trainset/coffee_table/case632/demo.hdf5,RoboCerebra_trainset/coffee_table/case632/demo.hdf5,RoboCerebra_trainset/coffee_table/case632/case632.mp4,"Organize a mini snack and beverage setup by transferring cookies from the coffee table to a white bowl, pouring wine from a wine bottle, and preparing a red coffee mug for heating on a flat stove in the cooking region.",2962,9,False,True,False,True,True,True,True,True,True,False,first_start_not_zero;nonpositive_interval;frame_assignment_not_exact,cfab4fcacd8609b870d60a2fbac481e003ba5f718fc66dafea507eeb6ca93dce,88,float64,7,float64
coffee_table/case633,coffee_table,case633,/ssd1/itaein/datasets/RoboCerebra/RoboCerebra_trainset/coffee_table/case633/demo.hdf5,RoboCerebra_trainset/coffee_table/case633/demo.hdf5,RoboCerebra_trainset/coffee_table/case633/case633.mp4,"Reorganize kitchen items by relocating the white_bowl to the short_cabinet middle_region, the porcelain_mug to the wooden_tray contain_region, and the chefmate_8_frypan to the rack, while disposing of tomato_sauce from the coffee_table for efficient use of space.",2365,7,True,True,True,True,True,True,True,True,True,True,,e0d5a81eb8fb77cc91cfcc653479ecdb691b52da518241d2997a2510f1b0a817,116,float64,7,float64
coffee_table/case634,coffee_table,case634,/ssd1/itaein/datasets/RoboCerebra/RoboCerebra_trainset/coffee_table/case634/demo.hdf5,RoboCerebra_trainset/coffee_table/case634/demo.hdf5,RoboCerebra_trainset/coffee_table/case634/case634.mp4,"A robotic arm retrieves an orange juice container from the short fridge, pours its contents into a bowl, transfers popcorn to a wooden tray, pours wine into a ramekin, and places the emptied containers back on the coffee table.",2073,9,True,True,True,True,True,True,True,True,True,True,,63c5e730312650d092129415b188c732119ac3c99108548d21730bb0b71cd378,112,float64,7,float64
coffee_table/case635,coffee_table,case635,/ssd1/itaein/datasets/RoboCerebra/RoboCerebra_trainset/coffee_table/case635/demo.hdf5,RoboCerebra_trainset/coffee_table/case635/demo.hdf5,RoboCerebra_trainset/coffee_table/case635/case635.mp4,"Organize ingredients (butter, cookies) by moving them to storage spaces (wooden_cabinet, white_storage_box) and prepare a refreshing drink by pouring orange_juice from the coffee_table into a white_yellow_mug.",2004,6,True,True,True,True,True,True,True,True,True,True,,5f08952bd54f494a1fc3a546f176b68cbd0a7ebc22c767a4542ee1b712518ee1,90,float64,7,float64
coffee_table/case636,coffee_table,case636,/ssd1/itaein/datasets/RoboCerebra/RoboCerebra_trainset/coffee_table/case636/demo.hdf5,RoboCerebra_trainset/coffee_table/case636/demo.hdf5,RoboCerebra_trainset/coffee_table/case636/case636.mp4,"The task involves organizing a sauce display by retrieving cream_cheese from a wooden_cabinet and placing it on a coffee_table, preparing a plate with tomato_sauce, and placing alphabet_soup into a microwave for further use.",2416,9,True,True,True,True,True,True,True,True,True,True,,bf0adf0dfda9f0ccccbf93b8b655d731d91eba0b38074fc65e8f51d62e54f6e1,92,float64,7,float64
coffee_table/case637,coffee_table,case637,/ssd1/itaein/datasets/RoboCerebra/RoboCerebra_trainset/coffee_table/case637/demo.hdf5,RoboCerebra_trainset/coffee_table/case637/demo.hdf5,RoboCerebra_trainset/coffee_table/case637/case637.mp4,"Combine cream_cheese and tomato_sauce on a plate, then heat the plate in the microwave to prepare a dish.",2280,10,True,True,True,True,True,True,True,True,True,True,,ee09069c72020b0f683d0fb44b16f7aab5352d57086d8e82fc71a6d71e685a8f,79,float64,7,float64
coffee_table/case638,coffee_table,case638,/ssd1/itaein/datasets/RoboCerebra/RoboCerebra_trainset/coffee_table/case638/demo.hdf5,RoboCerebra_trainset/coffee_table/case638/demo.hdf5,RoboCerebra_trainset/coffee_table/case638/case638.mp4,"The robotic arm performs a sequence of tasks to pick up, transport, and place various objects (butter, chefmate_8_frypan, porcelain_mug, wine_bottle) between designated locations (coffee_table, wooden_shelf, rack, wine_rack) while also pouring new_salad_dressing into the porcelain_mug.",2544,9,True,True,True,True,True,True,True,True,True,True,,78cd18b29d7ddc3c4018ca96d8f00e0c3bb6cde324887f3091c59dadd72950ab,110,float64,7,float64
coffee_table/case639,coffee_table,case639,/ssd1/itaein/datasets/RoboCerebra/RoboCerebra_trainset/coffee_table/case639/demo.hdf5,RoboCerebra_trainset/coffee_table/case639/demo.hdf5,RoboCerebra_trainset/coffee_table/case639/case639.mp4,"Organize the white_yellow_mug, popcorn, and plate into specified storage regions by placing the mug in the short_cabinet, the popcorn in the white_cabinet, and the plate in the bowl_drainer.",2389,7,True,True,True,True,True,True,True,True,True,True,,451467dfe0bd0bbb0a5f887303a6e286b760673833ab6f69b1b6936bb7c7cef5,83,float64,7,float64
coffee_table/case640,coffee_table,case640,/ssd1/itaein/datasets/RoboCerebra/RoboCerebra_trainset/coffee_table/case640/demo.hdf5,RoboCerebra_trainset/coffee_table/case640/demo.hdf5,RoboCerebra_trainset/coffee_table/case640/case640.mp4,"Prepare a mixed snack by combining cookies and cream cheese in the akita_black_bowl, organize cooking tools by storing the chefmate_8_frypan in the wooden_cabinet top_region, and handle a wine bottle for pouring and returning its contents on the coffee_table.",2398,10,True,True,True,True,True,True,True,True,True,True,,2fdcfd87d34f5e52e9397a74b10b4e1bcf97ec926a8d1b7b02a2948482597056,105,float64,7,float64
coffee_table/case641,coffee_table,case641,/ssd1/itaein/datasets/RoboCerebra/RoboCerebra_trainset/coffee_table/case641/demo.hdf5,RoboCerebra_trainset/coffee_table/case641/demo.hdf5,RoboCerebra_trainset/coffee_table/case641/case641.mp4,"A robotic arm organizes food items (popcorn, tomato sauce, wine bottle) and tableware (white-yellow mug) by picking them up from a coffee table, pouring tomato sauce into the mug, and placing the items into designated regions of a wooden and white cabinet.",1660,6,True,True,True,False,True,True,True,True,True,False,terminal_mismatch;frame_assignment_not_exact,04f0b264f87b2a54af570095f033fb49eeb82595d85aca9986e7a51f0006bd9b,96,float64,7,float64
coffee_table/case642,coffee_table,case642,/ssd1/itaein/datasets/RoboCerebra/RoboCerebra_trainset/coffee_table/case642/demo.hdf5,RoboCerebra_trainset/coffee_table/case642/demo.hdf5,RoboCerebra_trainset/coffee_table/case642/case642.mp4,"Organize kitchen items by transferring macaroni_and_cheese, porcelain_mug, and wine_bottle from the coffee_table to designated regions in the short_cabinet and white_storage_box, and turning on the flat_stove cook_region.",3776,10,True,True,True,True,True,True,True,True,True,True,,cc10d269d4910ad9fbe430455c82103852eb76a073ec9e19c48c272c2c77ad93,79,float64,7,float64
coffee_table/case643,coffee_table,case643,/ssd1/itaein/datasets/RoboCerebra/RoboCerebra_trainset/coffee_table/case643/demo.hdf5,RoboCerebra_trainset/coffee_table/case643/demo.hdf5,RoboCerebra_trainset/coffee_table/case643/case643.mp4,"The task involves organizing and interacting with kitchen items by transferring and arranging a white_bowl, popcorn, a white_storage_box, a wine_bottle, and a moka_pot on and off the coffee_table, as well as opening the microwave.",1679,5,True,True,True,True,True,True,True,True,True,True,,01aca8dbb32bdb4c961bcc206a053dbdba37873a34b72a925d26bd218f3956a6,86,float64,7,float64
coffee_table/case644,coffee_table,case644,/ssd1/itaein/datasets/RoboCerebra/RoboCerebra_trainset/coffee_table/case644/demo.hdf5,RoboCerebra_trainset/coffee_table/case644/demo.hdf5,RoboCerebra_trainset/coffee_table/case644/case644.mp4,"Prepare a simple snack by placing cookies into a white bowl, pouring milk into a porcelain mug, and heat up a cooking tool by placing the chefmate_8 frying pan onto a flat stove and turning it on.",2691,9,True,True,True,True,True,True,True,True,True,True,,9dd0eb09df5f3133a037cc46b4d80f13af86fef3dff710008e0b3ee0dbb924e9,105,float64,7,float64
coffee_table/case645,coffee_table,case645,/ssd1/itaein/datasets/RoboCerebra/RoboCerebra_trainset/coffee_table/case645/demo.hdf5,RoboCerebra_trainset/coffee_table/case645/demo.hdf5,RoboCerebra_trainset/coffee_table/case645/case645.mp4,"Organize and repurpose kitchen items, including a wooden_cabinet, white_bowl, glazed_rim_porcelain_ramekin, wine_bottle, and chefmate_8_frypan, to set up a creative cooking scene by repositioning them across various locations like a coffee_table, white_storage_box, and bowl_drainer.",2483,10,True,True,True,True,True,True,True,True,True,True,,fe1f724b3dbdd7ecd0d1a5b535672c0a82badd1a48c54a494483f044a75aff63,90,float64,7,float64
coffee_table/case646,coffee_table,case646,/ssd1/itaein/datasets/RoboCerebra/RoboCerebra_trainset/coffee_table/case646/demo.hdf5,RoboCerebra_trainset/coffee_table/case646/demo.hdf5,RoboCerebra_trainset/coffee_table/case646/case646.mp4,"Prepare a cooking station by retrieving a plate from the white cabinet, setting it on the table, adding tomato sauce from the coffee table, pouring milk into a white-yellow mug, and organizing relevant tools like the microwave and bowl drainer.",2793,10,True,True,True,True,True,True,True,True,True,True,,a567498394553bc6e79fa530724c4087acd9d29bda19091adbb5a375a1a42d4a,92,float64,7,float64
coffee_table/case647,coffee_table,case647,/ssd1/itaein/datasets/RoboCerebra/RoboCerebra_trainset/coffee_table/case647/demo.hdf5,RoboCerebra_trainset/coffee_table/case647/demo.hdf5,RoboCerebra_trainset/coffee_table/case647/case647.mp4,"The task involves organizing food storage by placing cream_cheese into a white_storage_box and preparing a beverage by pouring wine from a wine_bottle into a white_yellow_mug, with all objects interacting on a coffee_table.",1834,5,True,True,True,True,True,True,True,True,True,True,,63d872dac5f78eae4abfad750723124baf67687cf608996baaa94f2787108246,71,float64,7,float64
coffee_table/case648,coffee_table,case648,/ssd1/itaein/datasets/RoboCerebra/RoboCerebra_trainset/coffee_table/case648/demo.hdf5,RoboCerebra_trainset/coffee_table/case648/demo.hdf5,RoboCerebra_trainset/coffee_table/case648/case648.mp4,"The task involves organizing dining items by placing a plate onto the dining_set_group, storing bbq_sauce in the white_storage_box, and placing a wine_bottle in the upper_region of the short_fridge.",1784,7,True,True,True,True,True,True,True,True,True,True,,5a9a31242e15dc1a816b81cb0aa8cd3a6228c2e6191a801dc7c49234b2429ddd,73,float64,7,float64
coffee_table/case649,coffee_table,case649,/ssd1/itaein/datasets/RoboCerebra/RoboCerebra_trainset/coffee_table/case649/demo.hdf5,RoboCerebra_trainset/coffee_table/case649/demo.hdf5,RoboCerebra_trainset/coffee_table/case649/case649.mp4,"Prepare a fusion meal by combining chilled macaroni_and_cheese (retrieved from the short_fridge) with tomato_sauce and orange_juice on a plate (moved from the coffee_table to the table), and serve a wine_bottle drink poured into a red_coffee_mug (also relocated from the coffee_table to the table).",2544,12,True,True,True,True,True,True,True,True,True,True,,e382044f4383fbda53b7f1e2fa2fbbf2dccbeffb09d90a9e1bb15e9958369dac,112,float64,7,float64
coffee_table/case650,coffee_table,case650,/ssd1/itaein/datasets/RoboCerebra/RoboCerebra_trainset/coffee_table/case650/demo.hdf5,RoboCerebra_trainset/coffee_table/case650/demo.hdf5,RoboCerebra_trainset/coffee_table/case650/case650.mp4,"Reorganize kitchen items by relocating the white_bowl to the white_cabinet, placing the porcelain_mug in the microwave, and handling the orange_juice and wine_bottle from the coffee_table.",2954,10,True,True,True,True,True,True,True,True,True,True,,9198bf34713381e3b2c27553cb288f2f3ccfc1d354bd8a44dcd8488736833a9d,92,float64,7,float64
coffee_table/case651,coffee_table,case651,/ssd1/itaein/datasets/RoboCerebra/RoboCerebra_trainset/coffee_table/case651/demo.hdf5,RoboCerebra_trainset/coffee_table/case651/demo.hdf5,RoboCerebra_trainset/coffee_table/case651/case651.mp4,"The task involves preparing a heated macaroni and cheese dish using a white bowl, macaroni and cheese, milk, a chefmate_8_frypan, and a flat stove, where ingredients are combined, transferred, and heated on the stove.",3700,11,True,True,True,True,True,True,True,True,True,True,,57511e85fa170f8749b0e13a3677264fc082fae0a3b5c6411a73d3e2533bfbdd,86,float64,7,float64
coffee_table/case652,coffee_table,case652,/ssd1/itaein/datasets/RoboCerebra/RoboCerebra_trainset/coffee_table/case652/demo.hdf5,RoboCerebra_trainset/coffee_table/case652/demo.hdf5,RoboCerebra_trainset/coffee_table/case652/case652.mp4,"Organize a snack station by moving items from the coffee_table to designated storage locations: place the plate in the white_cabinet top_region, the chefmate_8_frypan on the rack, and the popcorn into the bowl_drainer right_region.",2006,7,True,True,True,True,True,True,True,True,True,True,,a6b0d2179ef7978df9a1a83bddf09d044c6d8cf7a1e70e1493a8de13b70b38b0,90,float64,7,float64
coffee_table/case653,coffee_table,case653,/ssd1/itaein/datasets/RoboCerebra/RoboCerebra_trainset/coffee_table/case653/demo.hdf5,RoboCerebra_trainset/coffee_table/case653/demo.hdf5,RoboCerebra_trainset/coffee_table/case653/case653.mp4,"The task involves organizing kitchen tools and snacks by moving the chefmate_8_frypan from the coffee_table to a rack, retrieving cookies from the white_cabinet and placing them on the coffee_table, pouring wine from a wine_bottle into a glazed_rim_porcelain_ramekin and returning the bottle to the coffee_table, and transferring popcorn from the coffee_table to an akita_black_bowl.",2708,10,True,True,True,True,True,True,True,True,True,True,,570350964e2000e57dc35c1f7431a89fb0c4e747bab1124e4284329a2f302003,129,float64,7,float64
coffee_table/case654,coffee_table,case654,/ssd1/itaein/datasets/RoboCerebra/RoboCerebra_trainset/coffee_table/case654/demo.hdf5,RoboCerebra_trainset/coffee_table/case654/demo.hdf5,RoboCerebra_trainset/coffee_table/case654/case654.mp4,"Prepare a mixed dish by combining macaroni and cheese, tomato sauce, and ketchup in the akita_black_bowl, interacting with storage appliances, and presenting the bowl on a plate.",3058,12,True,True,True,True,True,True,True,True,True,True,,8e98ebca57e7fc2e0badb063c867ba32a9171584dac976407f1927774bda8e36,99,float64,7,float64
coffee_table/case655,coffee_table,case655,/ssd1/itaein/datasets/RoboCerebra/RoboCerebra_trainset/coffee_table/case655/demo.hdf5,RoboCerebra_trainset/coffee_table/case655/demo.hdf5,RoboCerebra_trainset/coffee_table/case655/case655.mp4,"A robotic arm sequentially performs cooking and organizing tasks by interacting with various objects, including powering on a flat stove, maneuvering a frypan, pouring wine, and organizing items like a coffee mug, butter, cream cheese, and a wine bottle across designated regions such as a coffee table, wooden shelves, and the cook region.",3079,10,False,True,True,True,True,True,True,True,True,False,first_start_not_zero;frame_assignment_not_exact,238dc71190aa51d845d1294ae8a2fb69323859f00ddc6822f317f14dda51d7d2,112,float64,7,float64
coffee_table/case656,coffee_table,case656,/ssd1/itaein/datasets/RoboCerebra/RoboCerebra_trainset/coffee_table/case656/demo.hdf5,RoboCerebra_trainset/coffee_table/case656/demo.hdf5,RoboCerebra_trainset/coffee_table/case656/case656.mp4,"Warm up chocolate pudding by transferring it into a white bowl, placing the bowl into a microwave, and preparing the microwave for heating.",1713,6,True,True,True,True,True,True,True,True,True,True,,984038b74de9f4b569bd0cec3f1922616f0a4eeba83f7fced8c412290238aae5,60,float64,7,float64
coffee_table/case657,coffee_table,case657,/ssd1/itaein/datasets/RoboCerebra/RoboCerebra_trainset/coffee_table/case657/demo.hdf5,RoboCerebra_trainset/coffee_table/case657/demo.hdf5,RoboCerebra_trainset/coffee_table/case657/case657.mp4,"The task involves transferring chocolate_pudding from the coffee_table to an akita_black_bowl, heating it in the microwave, and storing cream_cheese from the coffee_table into the top region of the white_cabinet.",1753,7,True,True,True,True,True,True,True,True,True,True,,985f948eb98450a686d5b274a61539a99d0f457e9f697faa982d398284cc7519,79,float64,7,float64
coffee_table/case658,coffee_table,case658,/ssd1/itaein/datasets/RoboCerebra/RoboCerebra_trainset/coffee_table/case658/demo.hdf5,RoboCerebra_trainset/coffee_table/case658/demo.hdf5,RoboCerebra_trainset/coffee_table/case658/case658.mp4,"Organize a snack by retrieving cookies from the white_cabinet and placing them on the coffee_table, and serve a refreshing drink by pouring the wine_bottle contents into the white_yellow_mug on the coffee_table.",965,4,True,True,True,True,True,True,True,True,True,True,,b0b2705797075f63f5477bf8afcd93c7ae3b212a7254d3bbb1ee9ad0c1e1f0e6,77,float64,7,float64
coffee_table/case659,coffee_table,case659,/ssd1/itaein/datasets/RoboCerebra/RoboCerebra_trainset/coffee_table/case659/demo.hdf5,RoboCerebra_trainset/coffee_table/case659/demo.hdf5,RoboCerebra_trainset/coffee_table/case659/case659.mp4,"The task involves preparing a snack by assembling chocolate pudding, cookies, and popcorn in and around a white bowl for presentation while also inspecting the short fridge by opening it.",1599,8,True,True,True,True,True,True,True,True,True,True,,589374a016044f0d9cbb6f7893960a3fddc636aad1a5e8f32cecb2d91f9e6bbb,86,float64,7,float64
coffee_table/case660,coffee_table,case660,/ssd1/itaein/datasets/RoboCerebra/RoboCerebra_trainset/coffee_table/case660/demo.hdf5,RoboCerebra_trainset/coffee_table/case660/demo.hdf5,RoboCerebra_trainset/coffee_table/case660/case660.mp4,Prepare a snack plate by dressing popcorn with salad dressing and ketchup on the coffee_table and store the wine_bottle in the wine_rack at its top_region.,2905,13,True,True,True,True,True,True,True,True,True,True,,59bdc11f9220bf6b00ac0f3104caa556578192ffbbb2b3fb48d8d66248c0fb3c,97,float64,7,float64
coffee_table/case661,coffee_table,case661,/ssd1/itaein/datasets/RoboCerebra/RoboCerebra_trainset/coffee_table/case661/demo.hdf5,RoboCerebra_trainset/coffee_table/case661/demo.hdf5,RoboCerebra_trainset/coffee_table/case661/case661.mp4,"Prepare a snack combo by filling a white bowl with cream cheese and cookies as a dessert and a red coffee mug with BBQ sauce as a sauced mug, using objects from the coffee table and a short fridge.",2128,10,True,True,True,True,True,True,True,True,True,True,,2a53fa8565ae71e2c59ae9c1d89d538ccff8b21ae0f1b3ec02c16131f9ecc6d9,99,float64,7,float64
coffee_table/case662,coffee_table,case662,/ssd1/itaein/datasets/RoboCerebra/RoboCerebra_trainset/coffee_table/case662/demo.hdf5,RoboCerebra_trainset/coffee_table/case662/demo.hdf5,RoboCerebra_trainset/coffee_table/case662/case662.mp4,"Prepare a chilled beverage setup by transferring a wine bottle from a wooden cabinet to a short fridge, and pouring milk from the coffee table into a white bowl.",2115,6,True,True,True,True,True,True,True,True,True,True,,4c377d2aa13aeed1d99b52bf4d96f3341f3b5237776f340d27f9865f4e17c3b7,92,float64,7,float64
coffee_table/case663,coffee_table,case663,/ssd1/itaein/datasets/RoboCerebra/RoboCerebra_trainset/coffee_table/case663/demo.hdf5,RoboCerebra_trainset/coffee_table/case663/demo.hdf5,RoboCerebra_trainset/coffee_table/case663/case663.mp4,"Prepare a blended sauce mixture by combining tomato sauce, milk, and salad dressing in a frypan on a flat stove, transfer a portion into a mug, add a dash of wine, and serve.",4591,18,True,True,True,True,True,True,True,True,True,True,,523c0c27277d0a4b06c8ddd947fff3f1d2608dbaec36030d70009bcec4967d7a,112,float64,7,float64
coffee_table/case664,coffee_table,case664,/ssd1/itaein/datasets/RoboCerebra/RoboCerebra_trainset/coffee_table/case664/demo.hdf5,RoboCerebra_trainset/coffee_table/case664/demo.hdf5,RoboCerebra_trainset/coffee_table/case664/case664.mp4,"Organize the coffee table by moving kitchen items: place the plate into the top region of the white cabinet, the popcorn into the middle region of the white cabinet, and the red coffee mug onto the microwave's top side after opening its heating region.",2625,10,True,True,True,True,True,True,True,True,True,True,,cebfe62cd38eaa44aab396a858f77c638dec9b0487c8304b086218eb6faf623d,79,float64,7,float64
coffee_table/case665,coffee_table,case665,/ssd1/itaein/datasets/RoboCerebra/RoboCerebra_trainset/coffee_table/case665/demo.hdf5,RoboCerebra_trainset/coffee_table/case665/demo.hdf5,RoboCerebra_trainset/coffee_table/case665/case665.mp4,Arrange items on the coffee_table by placing cookies into the akita_black_bowl and pour milk from the short_fridge onto the coffee_table after retrieving it.,1580,7,True,True,True,True,True,True,True,True,True,True,,9867e5eb87f83a6fb1c1c247be01485f0cd0009a95d80ebdb4e9146ded1d4202,79,float64,7,float64
coffee_table/case666,coffee_table,case666,/ssd1/itaein/datasets/RoboCerebra/RoboCerebra_trainset/coffee_table/case666/demo.hdf5,RoboCerebra_trainset/coffee_table/case666/demo.hdf5,RoboCerebra_trainset/coffee_table/case666/case666.mp4,"Prepare a snack by transferring popcorn into a white bowl, heating it in a microwave, and serving wine in a white-yellow mug from a wine bottle.",2820,9,True,True,True,True,True,True,True,True,True,True,,6fd026da2b8ac656203a6187a00af0367ca411a2d691643f93d1993ed1b865ad,86,float64,7,float64
coffee_table/case667,coffee_table,case667,/ssd1/itaein/datasets/RoboCerebra/RoboCerebra_trainset/coffee_table/case667/demo.hdf5,RoboCerebra_trainset/coffee_table/case667/demo.hdf5,RoboCerebra_trainset/coffee_table/case667/case667.mp4,"The robotic arm performs a sequence of actions involving cooking and cleaning tasks by interacting with objects including a microwave, coffee table, alphabet soup, chefmate frypan, white bowl, porcelain mug, dining set group, bowl drainer, and basket to heat food, set dining items, and organize kitchenware.",2511,9,True,True,True,True,True,True,True,True,True,True,,9f540134fef58ad1f32919f0e1cebe7af30f931c2b598b6942b08a496229ad72,99,float64,7,float64
coffee_table/case668,coffee_table,case668,/ssd1/itaein/datasets/RoboCerebra/RoboCerebra_trainset/coffee_table/case668/demo.hdf5,RoboCerebra_trainset/coffee_table/case668/demo.hdf5,RoboCerebra_trainset/coffee_table/case668/case668.mp4,"Assemble a snack plate by retrieving a plate, butter, cream cheese, and popcorn from specified locations and arranging them on the plate for serving.",1845,7,True,True,True,True,True,True,True,True,True,True,,cd560df76dde000ca4998f56f8e1596a77a6f40a5ea296d9fc80fc71808b3f53,90,float64,7,float64
coffee_table/case669,coffee_table,case669,/ssd1/itaein/datasets/RoboCerebra/RoboCerebra_trainset/coffee_table/case669/demo.hdf5,RoboCerebra_trainset/coffee_table/case669/demo.hdf5,RoboCerebra_trainset/coffee_table/case669/case669.mp4,"The task involves organizing and preparing items—salad_dressing, wine_bottle, white_yellow_mug, glazed_rim_porcelain_ramekin, and chocolate_pudding—by relocating them between a coffee_table, short_fridge, and white_storage_box, while also pouring wine into the mug for display and storage purposes.",2180,8,True,True,True,True,True,True,True,True,True,True,,fddbf0c9bb5fcaa6f632538f9a8c7d2809f4f426cfbb9394e10139de568562d8,99,float64,7,float64
coffee_table/case670,coffee_table,case670,/ssd1/itaein/datasets/RoboCerebra/RoboCerebra_trainset/coffee_table/case670/demo.hdf5,RoboCerebra_trainset/coffee_table/case670/demo.hdf5,RoboCerebra_trainset/coffee_table/case670/case670.mp4,"The task involves warming up cream cheese on a plate in a microwave and serving it with wine, using a microwave, coffee table, plate, cream cheese, and a wine bottle.",3008,10,True,True,True,True,True,True,True,True,True,True,,9b6f84aaa86a1f0b290d1b2c9ab89138482fe52b4aae87869b995f59d272bb93,73,float64,7,float64
coffee_table/case671,coffee_table,case671,/ssd1/itaein/datasets/RoboCerebra/RoboCerebra_trainset/coffee_table/case671/demo.hdf5,RoboCerebra_trainset/coffee_table/case671/demo.hdf5,RoboCerebra_trainset/coffee_table/case671/case671.mp4,"The task involves organizing food items (bbq_sauce, popcorn) and beverages (wine_bottle, red_coffee_mug) by placing them into designated storage areas (short_fridge, wooden_shelf, white_storage_box) to ensure proper storage and arrangement.",2499,9,True,True,True,True,True,True,True,True,True,True,,dad07e33daee3f676f04a368d8e334bf0857b8164b9085886519272ea3f36979,86,float64,7,float64
coffee_table/case672,coffee_table,case672,/ssd1/itaein/datasets/RoboCerebra/RoboCerebra_trainset/coffee_table/case672/demo.hdf5,RoboCerebra_trainset/coffee_table/case672/demo.hdf5,RoboCerebra_trainset/coffee_table/case672/case672.mp4,"The task involves retrieving a chefmate_8_frypan from and returning it to a wooden_cabinet, heating alphabet_soup in a microwave, and pouring tomato_sauce into a red_coffee_mug after manipulating and repositioning various objects from a coffee_table.",1366,6,True,True,True,True,True,True,True,True,True,True,,7d751547ce14e52ae6b822561654b8c146fe099da2ecee2202d4e84027d26100,92,float64,7,float64
coffee_table/case673,coffee_table,case673,/ssd1/itaein/datasets/RoboCerebra/RoboCerebra_trainset/coffee_table/case673/demo.hdf5,RoboCerebra_trainset/coffee_table/case673/demo.hdf5,RoboCerebra_trainset/coffee_table/case673/case673.mp4,"The task involves organizing a chefmate_8_frypan into a white_cabinet, pouring contents of a wine_bottle onto a plate, and arranging a red_coffee_mug on a wooden_tray placed on a coffee_table to prepare a serving setup.",1997,8,True,True,True,True,True,True,True,True,True,True,,4ed0f996d3ec65b189b24e486959432e6b869bbdc0de0eb3c59216179c32b302,103,float64,7,float64
coffee_table/case674,coffee_table,case674,/ssd1/itaein/datasets/RoboCerebra/RoboCerebra_trainset/coffee_table/case674/demo.hdf5,RoboCerebra_trainset/coffee_table/case674/demo.hdf5,RoboCerebra_trainset/coffee_table/case674/case674.mp4,"The task involves setting up a small serving station by organizing cookies in the short cabinet, pouring wine from a wine bottle into a white-yellow mug, and pouring tomato sauce into a glazed rim porcelain ramekin using items from a coffee table.",1977,9,True,True,True,True,True,True,True,True,True,True,,b4dff9abeeef407a8cbc9d317e5eb978f104a29fc1095196231689aefb857b05,103,float64,7,float64
coffee_table/case675,coffee_table,case675,/ssd1/itaein/datasets/RoboCerebra/RoboCerebra_trainset/coffee_table/case675/demo.hdf5,RoboCerebra_trainset/coffee_table/case675/demo.hdf5,RoboCerebra_trainset/coffee_table/case675/case675.mp4,"The task involves using a robotic arm to prepare and organize food by interacting with objects like a flat stove, wooden cabinet, coffee table, cream cheese, butter, wine bottle, and bowls (white and akita black), executing actions such as powering on the stove, moving and storing food items, and pouring wine into a bowl.",2175,9,True,True,True,True,True,True,True,True,True,True,,b3f1cde0cabd7284aaccf991fd8e1067dbe94cee187dcbedc8e3089768654300,105,float64,7,float64
coffee_table/case676,coffee_table,case676,/ssd1/itaein/datasets/RoboCerebra/RoboCerebra_trainset/coffee_table/case676/demo.hdf5,RoboCerebra_trainset/coffee_table/case676/demo.hdf5,RoboCerebra_trainset/coffee_table/case676/case676.mp4,"Organize items by storing the akita_black_bowl in the short_cabinet middle_region, setting up the microwave on the coffee_table for heating the alphabet_soup, and retrieving the wine_bottle from the coffee_table.",2385,7,True,True,True,True,True,True,True,True,True,True,,4b4747a23ab163c8131fc930ad67b2150319946fbdbae803e9b44e12d4343b03,79,float64,7,float64
coffee_table/case677,coffee_table,case677,/ssd1/itaein/datasets/RoboCerebra/RoboCerebra_trainset/coffee_table/case677/demo.hdf5,RoboCerebra_trainset/coffee_table/case677/demo.hdf5,RoboCerebra_trainset/coffee_table/case677/case677.mp4,"Prepare a flavored beverage by pouring wine into a frypan and transferring it to a mug, and a tasty snack by placing butter and popcorn onto a plate.",3147,12,True,True,False,True,True,True,True,True,True,False,nonpositive_interval;frame_assignment_not_exact,c2fdc45a6fbe532ab2349f0833342cd68236e6246e9d3bf36c08b3308c964ab8,129,float64,7,float64
coffee_table/case678,coffee_table,case678,/ssd1/itaein/datasets/RoboCerebra/RoboCerebra_trainset/coffee_table/case678/demo.hdf5,RoboCerebra_trainset/coffee_table/case678/demo.hdf5,RoboCerebra_trainset/coffee_table/case678/case678.mp4,"The task involves using a wooden_tray, porcelain_mug, orange_juice, milk, and tableware items from a wooden_cabinet and coffee_table to organize and pour beverages into an akita_black_bowl and a bowl_drainer for serving or disposal purposes.",2453,10,True,True,True,True,True,True,True,True,True,True,,49951885ea7700b6233da6cba6f5d92e87aa09e5e90061ef7577f683554e2e8e,103,float64,7,float64
coffee_table/case679,coffee_table,case679,/ssd1/itaein/datasets/RoboCerebra/RoboCerebra_trainset/coffee_table/case679/demo.hdf5,RoboCerebra_trainset/coffee_table/case679/demo.hdf5,RoboCerebra_trainset/coffee_table/case679/case679.mp4,"Prepare the moka_pot on the flat_stove for cooking, pour out the wine from the wine_bottle, and store the butter in the short_cabinet middle_region after retrieving the objects from the coffee_table.",2376,9,True,True,True,True,True,True,True,True,True,True,,b3157e22d648e81fc2dc309837122ecb97221f29b0042646b6a8c2441b3bc957,79,float64,7,float64
coffee_table/case680,coffee_table,case680,/ssd1/itaein/datasets/RoboCerebra/RoboCerebra_trainset/coffee_table/case680/demo.hdf5,RoboCerebra_trainset/coffee_table/case680/demo.hdf5,RoboCerebra_trainset/coffee_table/case680/case680.mp4,"Prepare a dish by combining macaroni_and_cheese, salad_dressing, and butter in a chefmate_8_frypan and placing the frypan onto a rack.",2457,11,True,True,True,True,True,True,True,True,True,True,,79e3f37ee68652bb598cd6be515c9758d70a46870dc0eba28666391735389ae6,97,float64,7,float64
coffee_table/case681,coffee_table,case681,/ssd1/itaein/datasets/RoboCerebra/RoboCerebra_trainset/coffee_table/case681/demo.hdf5,RoboCerebra_trainset/coffee_table/case681/demo.hdf5,RoboCerebra_trainset/coffee_table/case681/case681.mp4,"The task involves arranging a playful kitchen scene by interacting with objects such as a wooden cabinet, coffee table, microwave, plate, chocolate pudding, white-yellow mug, and wine bottle to organize and place items in specific locations.",2173,7,True,True,True,True,True,True,True,True,True,True,,3f886bb8aa547c3d77dcbcd2a5a92886e1df6797b228e6565a51aeca679535bb,92,float64,7,float64
coffee_table/case682,coffee_table,case682,/ssd1/itaein/datasets/RoboCerebra/RoboCerebra_trainset/coffee_table/case682/demo.hdf5,RoboCerebra_trainset/coffee_table/case682/demo.hdf5,RoboCerebra_trainset/coffee_table/case682/case682.mp4,"The task involves organizing kitchen items by moving the chocolate_pudding from the coffee_table to the wooden_two_layer_shelf top_region, repositioning the bowl_drainer to the coffee_table, and placing the chefmate_8_frypan onto the rack.",1425,4,True,True,True,True,True,True,True,True,True,True,,003a7333b2798943974ee9615d4e8eb7dd23d2a2d92f582cbba78ca2fa9ab62e,71,float64,7,float64
coffee_table/case683,coffee_table,case683,/ssd1/itaein/datasets/RoboCerebra/RoboCerebra_trainset/coffee_table/case683/demo.hdf5,RoboCerebra_trainset/coffee_table/case683/demo.hdf5,RoboCerebra_trainset/coffee_table/case683/case683.mp4,"Reorganize selected items by placing the chefmate_8_frypan on the wooden_cabinet top_region, pouring and returning the wine_bottle on the coffee_table, and storing the red_coffee_mug in the short_fridge middle_region.",2864,9,True,True,True,True,True,True,True,True,True,True,,5d2f5d781f3453aa37537fa3969b408e1c6e74ae93fa1dc99e06dd87c7f41777,79,float64,7,float64
coffee_table/case684,coffee_table,case684,/ssd1/itaein/datasets/RoboCerebra/RoboCerebra_trainset/coffee_table/case684/demo.hdf5,RoboCerebra_trainset/coffee_table/case684/demo.hdf5,RoboCerebra_trainset/coffee_table/case684/case684.mp4,Organize the red_coffee_mug and white_yellow_mug into designated cabinets and pour out the wine from the wine_bottle onto the coffee_table before placing the empty bottle back.,2664,9,True,True,True,True,True,True,True,True,True,True,,c5e7b26d9ee32e41149ec8b739ce40cc3befce823a26f1bede3e28350c90c7cb,83,float64,7,float64
coffee_table/case685,coffee_table,case685,/ssd1/itaein/datasets/RoboCerebra/RoboCerebra_trainset/coffee_table/case685/demo.hdf5,RoboCerebra_trainset/coffee_table/case685/demo.hdf5,RoboCerebra_trainset/coffee_table/case685/case685.mp4,"The task involves using a chefmate_8_frypan, flat_stove, butter, akita_black_bowl, and alphabet_soup to cook butter in the pan and serve alphabet_soup in a bowl placed on a coffee_table.",1937,7,True,True,True,True,True,True,True,True,True,True,,a300fc66e543a2c0b9e9a3d6a302a8fa49fda0b1edbf2a9444491c21dfd71903,86,float64,7,float64
coffee_table/case686,coffee_table,case686,/ssd1/itaein/datasets/RoboCerebra/RoboCerebra_trainset/coffee_table/case686/demo.hdf5,RoboCerebra_trainset/coffee_table/case686/demo.hdf5,RoboCerebra_trainset/coffee_table/case686/case686.mp4,"Prepare microwave-heated cookies by placing them in the microwave, combine cream cheese in a white bowl for a dip, and organize a wine bottle by pouring wine into a ramekin and placing the bottle on a table.",2362,9,True,True,True,True,True,True,True,True,True,True,,4446d5f1076a89780a56527499a539015051eff2e3d301e2e886ebe4ea2fa703,99,float64,7,float64
coffee_table/case687,coffee_table,case687,/ssd1/itaein/datasets/RoboCerebra/RoboCerebra_trainset/coffee_table/case687/demo.hdf5,RoboCerebra_trainset/coffee_table/case687/demo.hdf5,RoboCerebra_trainset/coffee_table/case687/case687.mp4,"The task involves setting up a kitchen and serving beverages by preparing a moka_pot on a flat_stove, pouring wine and orange juice into a porcelain_mug, and arranging items like a white_bowl, macaroni_and_cheese, and alphabet_soup on a dining_set_group for service.",4671,18,True,True,True,True,True,True,True,True,True,True,,795e82e45f24b3f90e6649c4923d38f95cde8edab6fb0d46afce4249917dbbb3,125,float64,7,float64
coffee_table/case688,coffee_table,case688,/ssd1/itaein/datasets/RoboCerebra/RoboCerebra_trainset/coffee_table/case688/demo.hdf5,RoboCerebra_trainset/coffee_table/case688/demo.hdf5,RoboCerebra_trainset/coffee_table/case688/case688.mp4,"Arrange items from a coffee_table onto a wooden_tray on a dining_table, including a plate with cookies, an akita_black_bowl with poured wine, and prepare a bowl_drainer for serving.",2164,11,True,True,True,True,True,True,True,True,True,True,,7935298941f1e2f8a5edffe02fd9d3528419143d26b2410ab07114aff7a0cba1,97,float64,7,float64
coffee_table/case689,coffee_table,case689,/ssd1/itaein/datasets/RoboCerebra/RoboCerebra_trainset/coffee_table/case689/demo.hdf5,RoboCerebra_trainset/coffee_table/case689/demo.hdf5,RoboCerebra_trainset/coffee_table/case689/case689.mp4,"The task involves storing cream cheese in the middle region of a short cabinet, heating macaroni and cheese in the microwave, and pouring orange juice into a white-yellow mug.",2979,8,True,True,True,True,True,True,True,True,True,True,,5120ac4325a9f4d6b2a689af73ee2f19b937eac5f6b2bb528c8136acd535ea7f,92,float64,7,float64
coffee_table/case690,coffee_table,case690,/ssd1/itaein/datasets/RoboCerebra/RoboCerebra_trainset/coffee_table/case690/demo.hdf5,RoboCerebra_trainset/coffee_table/case690/demo.hdf5,RoboCerebra_trainset/coffee_table/case690/case690.mp4,The task involves storing butter in the white_cabinet and preparing a serving setup by placing chocolate pudding into a glazed rim porcelain ramekin on the serving_table and pouring wine from a wine_bottle into a white_yellow_mug.,2270,10,True,True,True,True,True,True,True,True,True,True,,3dd47ca24f887863df604aa1ad4c656174f5ef18f43bf7ac5d3c3de751894198,103,float64,7,float64
coffee_table/case691,coffee_table,case691,/ssd1/itaein/datasets/RoboCerebra/RoboCerebra_trainset/coffee_table/case691/demo.hdf5,RoboCerebra_trainset/coffee_table/case691/demo.hdf5,RoboCerebra_trainset/coffee_table/case691/case691.mp4,Prepare a heated macaroni and cheese dish with tomato sauce by combining them in an akita_black_bowl and heating it in a microwave.,2758,10,True,True,True,True,True,True,True,True,True,True,,b671427a8a07eca720e4584dd9b2df6cf175e725e180638e9e9fbe597f57f68f,79,float64,7,float64
coffee_table/case692,coffee_table,case692,/ssd1/itaein/datasets/RoboCerebra/RoboCerebra_trainset/coffee_table/case692/demo.hdf5,RoboCerebra_trainset/coffee_table/case692/demo.hdf5,RoboCerebra_trainset/coffee_table/case692/case692.mp4,"The task involves preparing a beverage by pouring the contents of a wine bottle into a white-yellow mug and placing it on a wooden tray, while storing a chocolate pudding in a white storage box.",1762,7,True,True,True,True,True,True,True,True,True,True,,bcadf21ea972c82c4217fb2d9c9d8de02fc3a715f8e3b64796d22a8c9640c4b0,84,float64,7,float64
coffee_table/case693,coffee_table,case693,/ssd1/itaein/datasets/RoboCerebra/RoboCerebra_trainset/coffee_table/case693/demo.hdf5,RoboCerebra_trainset/coffee_table/case693/demo.hdf5,RoboCerebra_trainset/coffee_table/case693/case693.mp4,"A robotic arm organizes a mini kitchen scenario by interacting with objects such as a white_cabinet, coffee_table, flat_stove, cream_cheese, chefmate_8_frypan, and wine_bottle to move, store, and prepare items in specific locations and configurations.",2511,9,True,True,True,True,True,True,True,True,True,True,,a13e023e94011e3a40a30c929ad499eb9c8a33c041aca8ea5bca36f0e4d942a5,79,float64,7,float64
coffee_table/case694,coffee_table,case694,/ssd1/itaein/datasets/RoboCerebra/RoboCerebra_trainset/coffee_table/case694/demo.hdf5,RoboCerebra_trainset/coffee_table/case694/demo.hdf5,RoboCerebra_trainset/coffee_table/case694/case694.mp4,"Serve a chocolate pudding dessert on a wooden tray by arranging it with a plate, and store the wine bottle on its designated wine rack.",1566,6,True,True,True,True,True,True,True,True,True,True,,6ad4d2bb0b2de14817679b51baf36d395b130e730b0c8e1a3980b419286d8782,84,float64,7,float64
coffee_table/case695,coffee_table,case695,/ssd1/itaein/datasets/RoboCerebra/RoboCerebra_trainset/coffee_table/case695/demo.hdf5,RoboCerebra_trainset/coffee_table/case695/demo.hdf5,RoboCerebra_trainset/coffee_table/case695/case695.mp4,"The task involves using a robotic arm to prepare and set up snacks by interacting with objects such as a coffee table, cookies, basket, flat stove, red coffee mug, white storage box, wine bottle, and bowl drainer to locate, pick, align, place, and operate them as needed.",2246,8,True,True,True,True,True,True,True,True,True,True,,ff0790bf7f57e9f74077c7fea09a9a6a547fe090fe3b3c2a451594597258e932,86,float64,7,float64
coffee_table/case696,coffee_table,case696,/ssd1/itaein/datasets/RoboCerebra/RoboCerebra_trainset/coffee_table/case696/demo.hdf5,RoboCerebra_trainset/coffee_table/case696/demo.hdf5,RoboCerebra_trainset/coffee_table/case696/case696.mp4,Create a mixed-food-and-tableware arrangement by combining cream_cheese and tomato_sauce in an akita_black_bowl and nesting it into a wooden_tray placed on a table.,1604,8,True,True,True,True,True,True,True,True,True,True,,d5ae4a43a2e5ff0b79672fa6afa994e5e2abb27a3984eff048f40eae56882348,84,float64,7,float64
coffee_table/case697,coffee_table,case697,/ssd1/itaein/datasets/RoboCerebra/RoboCerebra_trainset/coffee_table/case697/demo.hdf5,RoboCerebra_trainset/coffee_table/case697/demo.hdf5,RoboCerebra_trainset/coffee_table/case697/case697.mp4,"Set up a cooking scene by preparing the frypan on the stove to heat, transferring alphabet soup into a bowl, arranging a mug on the coffee table with wine poured into it, and organizing items from the cabinet and coffee table.",2634,12,True,True,True,True,True,True,True,True,True,True,,362d3be72180e744a7f27ed33d794c37c6a3243b9d5d56dc93581e94b2c9eee0,105,float64,7,float64
coffee_table/case698,coffee_table,case698,/ssd1/itaein/datasets/RoboCerebra/RoboCerebra_trainset/coffee_table/case698/demo.hdf5,RoboCerebra_trainset/coffee_table/case698/demo.hdf5,RoboCerebra_trainset/coffee_table/case698/case698.mp4,"The task involves using a robotic arm to organize kitchen items by opening the short_fridge, placing macaroni_and_cheese inside its middle_region after picking it up from the coffee_table, pouring wine from a wine_bottle into akita_black_bowl and tomato_sauce into white_bowl, then returning the wine_bottle and tomato_sauce to the coffee_table.",2865,9,True,False,False,True,True,True,True,True,True,False,nonpositive_interval;gap_or_overlap;frame_assignment_not_exact,16647c387167c097c7e5ce9f70acc9befd148dc03ecb3156ca3915ce28dbc48e,99,float64,7,float64
coffee_table/case699,coffee_table,case699,/ssd1/itaein/datasets/RoboCerebra/RoboCerebra_trainset/coffee_table/case699/demo.hdf5,RoboCerebra_trainset/coffee_table/case699/demo.hdf5,RoboCerebra_trainset/coffee_table/case699/case699.mp4,"The task involves arranging a creative display setup by moving a plate from the coffee table to the top region of a white cabinet, pouring salad dressing into a white-yellow mug on the coffee table, and positioning a frypan next to the mug.",1854,7,True,True,True,True,True,True,True,True,True,True,,d7c6f9d70c2eaf368fbf9f1171cbb71408e3138898c70c8ffa30ac6a0d526d32,90,float64,7,float64
coffee_table/case700,coffee_table,case700,/ssd1/itaein/datasets/RoboCerebra/RoboCerebra_trainset/coffee_table/case700/demo.hdf5,RoboCerebra_trainset/coffee_table/case700/demo.hdf5,RoboCerebra_trainset/coffee_table/case700/case700.mp4,"The task involves preparing a serving arrangement by transferring popcorn into an akita_black_bowl and placing it on a plate, pouring wine onto a wooden_shelf and placing the wine bottle on a table, positioning a chefmate_8_frypan on the table and adding bbq_sauce to it, while arranging all objects methodically.",2534,11,True,True,True,True,True,True,True,True,True,True,,8b79e31c3b3e3582481dcd85e2ce96da228922fa3555ac304716904d98c3dbac,110,float64,7,float64
coffee_table/case701,coffee_table,case701,/ssd1/itaein/datasets/RoboCerebra/RoboCerebra_trainset/coffee_table/case701/demo.hdf5,RoboCerebra_trainset/coffee_table/case701/demo.hdf5,RoboCerebra_trainset/coffee_table/case701/case701.mp4,"Create a snack-and-cook display by combining food items (popcorn, cream_cheese, and wine) with tableware (akita_black_bowl and glazed_rim_porcelain_ramekin) and activating a flat_stove in the kitchen region.",1766,8,True,True,True,True,True,True,True,True,True,True,,e472506fd2d9e25a7df594e85385b67a2b6bd81d22eff2fce911e5fbc6a66213,99,float64,7,float64
coffee_table/case702,coffee_table,case702,/ssd1/itaein/datasets/RoboCerebra/RoboCerebra_trainset/coffee_table/case702/demo.hdf5,RoboCerebra_trainset/coffee_table/case702/demo.hdf5,RoboCerebra_trainset/coffee_table/case702/case702.mp4,"The task involves warming up macaroni_and_cheese using a flat_stove and flavoring it with bbq_sauce, with objects like a wooden_cabinet, coffee_table, and flat_stove used for preparation.",1988,6,True,True,True,True,True,True,True,True,True,True,,13fdc3692e972245d47d78302c32f13e4bf712584b97cb14611dd0fe3016ff55,66,float64,7,float64
coffee_table/case703,coffee_table,case703,/ssd1/itaein/datasets/RoboCerebra/RoboCerebra_trainset/coffee_table/case703/demo.hdf5,RoboCerebra_trainset/coffee_table/case703/demo.hdf5,RoboCerebra_trainset/coffee_table/case703/case703.mp4,"Transfer butter into the akita_black_bowl for storage in a basket, and place the wine bottle onto the white_bowl for positioning.",1382,7,True,True,True,True,True,True,True,True,True,True,,8d1138e9c91bf4e3993f4f8bdacadb7c78c5ab786c7de7ff60aed5a4009691c3,97,float64,7,float64
coffee_table/case704,coffee_table,case704,/ssd1/itaein/datasets/RoboCerebra/RoboCerebra_trainset/coffee_table/case704/demo.hdf5,RoboCerebra_trainset/coffee_table/case704/demo.hdf5,RoboCerebra_trainset/coffee_table/case704/case704.mp4,"Create a visually engaging food preparation and appliance setup scene by arranging a white bowl with salad dressing and cookies on a coffee table, positioning a frypan on a flat stove, and placing a red coffee mug alongside the frypan.",2676,11,True,True,True,True,True,True,True,True,True,True,,640f1bb5c50743ee100c4dcd85f6a7eafda374d9535770f6aa9a1213894f096a,99,float64,7,float64
coffee_table/case705,coffee_table,case705,/ssd1/itaein/datasets/RoboCerebra/RoboCerebra_trainset/coffee_table/case705/demo.hdf5,RoboCerebra_trainset/coffee_table/case705/demo.hdf5,RoboCerebra_trainset/coffee_table/case705/case705.mp4,"The task involves opening storage units and pouring tomato sauce into a white-yellow mug and wine into a red coffee mug, both resting on a coffee table, before returning the ingredients to their original location.",1829,8,True,True,True,True,True,True,True,True,True,True,,4dfa5bdd9b20da983d39a0dd7bb5c4a684bc6c17491a608f89e7e6f9a255063d,92,float64,7,float64
coffee_table/case706,coffee_table,case706,/ssd1/itaein/datasets/RoboCerebra/RoboCerebra_trainset/coffee_table/case706/demo.hdf5,RoboCerebra_trainset/coffee_table/case706/demo.hdf5,RoboCerebra_trainset/coffee_table/case706/case706.mp4,"Store the cream cheese and plate from the coffee table into the specified regions of the white cabinet, then check the microwave.",2348,8,True,True,True,True,True,True,True,True,True,True,,7e4698f6f874e74813826bf09178a037a881ae47038f4c360274c949f9cdedbb,66,float64,7,float64
coffee_table/case707,coffee_table,case707,/ssd1/itaein/datasets/RoboCerebra/RoboCerebra_trainset/coffee_table/case707/demo.hdf5,RoboCerebra_trainset/coffee_table/case707/demo.hdf5,RoboCerebra_trainset/coffee_table/case707/case707.mp4,"Prepare a mixed serving by combining chocolate pudding and salad dressing in a white bowl and pouring wine from a wine bottle into a white and yellow mug, using tableware and food items placed on a coffee table.",2175,9,True,True,True,True,True,True,True,True,True,True,,18be350c10e69ba368876ec269bb231fd2303fdcafb886155afb58059ebcb5ac,97,float64,7,float64
coffee_table/case708,coffee_table,case708,/ssd1/itaein/datasets/RoboCerebra/RoboCerebra_trainset/coffee_table/case708/demo.hdf5,RoboCerebra_trainset/coffee_table/case708/demo.hdf5,RoboCerebra_trainset/coffee_table/case708/case708.mp4,"Prepare a snack by arranging cookies and cream cheese on a plate, and pour orange juice into a red coffee mug, using items from the coffee table and short cabinet.",1711,7,True,True,True,True,True,True,True,True,True,True,,4119742fbe8c9e6a989cc10ef725db503021d7676e76f2a3f2df871dac48746c,103,float64,7,float64
coffee_table/case709,coffee_table,case709,/ssd1/itaein/datasets/RoboCerebra/RoboCerebra_trainset/coffee_table/case709/demo.hdf5,RoboCerebra_trainset/coffee_table/case709/demo.hdf5,RoboCerebra_trainset/coffee_table/case709/case709.mp4,Organize a dessert serving set by assembling a chocolate pudding on a plate and transferring it sequentially from the coffee table to the wine rack's top region and then to the bowl drainer's right region.,1552,7,True,True,True,True,True,True,True,True,True,True,,7ea68bfabecdbf7ba80a3ab219cc820030ee20d4d2569f9a2acf98e13ed7a2d4,58,float64,7,float64
coffee_table/case710,coffee_table,case710,/ssd1/itaein/datasets/RoboCerebra/RoboCerebra_trainset/coffee_table/case710/demo.hdf5,RoboCerebra_trainset/coffee_table/case710/demo.hdf5,RoboCerebra_trainset/coffee_table/case710/case710.mp4,Prepare a heated macaroni dish by combining macaroni_and_cheese and tomato_sauce in a white_bowl and heating it in a microwave retrieved from the coffee_table.,3444,12,True,True,True,True,True,True,True,True,True,True,,4d74bc385b25b5cf3b0a6ead46ab79138459e77ad92c1381f97732d8dc3e4b8f,79,float64,7,float64
coffee_table/case711,coffee_table,case711,/ssd1/itaein/datasets/RoboCerebra/RoboCerebra_trainset/coffee_table/case711/demo.hdf5,RoboCerebra_trainset/coffee_table/case711/demo.hdf5,RoboCerebra_trainset/coffee_table/case711/case711.mp4,"Prepare a snack and beverage by transferring popcorn from the coffee_table to a white_bowl for storage in a short_cabinet, then pouring wine from a wine_bottle into a red_coffee_mug after placing it on a table.",2069,8,True,True,True,True,True,True,True,True,True,True,,16b59a408a76609978ef558cd813bee81bbd1a73991219b1477abe5533899bf7,92,float64,7,float64
coffee_table/case712,coffee_table,case712,/ssd1/itaein/datasets/RoboCerebra/RoboCerebra_trainset/coffee_table/case712/demo.hdf5,RoboCerebra_trainset/coffee_table/case712/demo.hdf5,RoboCerebra_trainset/coffee_table/case712/case712.mp4,"The task involves using a robotic arm to transfer the chefmate_8_frypan from the coffee_table to the rack, open the white_storage_box, and move the butter and cream_cheese from the coffee_table into specific positions inside the white_storage_box.",2166,6,True,True,True,True,True,True,True,True,True,True,,36a1ee332af7fa4268ee0d4f6c1d5395fc3cf316d87f26b486abb729a13760be,84,float64,7,float64
coffee_table/case713,coffee_table,case713,/ssd1/itaein/datasets/RoboCerebra/RoboCerebra_trainset/coffee_table/case713/demo.hdf5,RoboCerebra_trainset/coffee_table/case713/demo.hdf5,RoboCerebra_trainset/coffee_table/case713/case713.mp4,"The task involves setting up a dining scene by preparing chocolate pudding in a white bowl, placing contents from a wine bottle onto a plate, and organizing kitchen tools like a frypan on a rack, with all items initially on a coffee table.",1699,8,True,True,True,True,True,True,True,True,True,True,,ed9c55c78175fecb7df9c57c98ea352a1d8aacb5e4e89c99a0b3cddd6eb3898e,110,float64,7,float64
coffee_table/case714,coffee_table,case714,/ssd1/itaein/datasets/RoboCerebra/RoboCerebra_trainset/coffee_table/case714/demo.hdf5,RoboCerebra_trainset/coffee_table/case714/demo.hdf5,RoboCerebra_trainset/coffee_table/case714/case714.mp4,"Prepare dual sauce arrangements by retrieving butter from the wooden_cabinet for the akita_black_bowl, bbq_sauce and ketchup from the coffee_table for the white_bowl and chefmate_8_frypan, and placing the white_bowl onto the wooden_tray in the contain_region.",3243,11,True,True,True,True,True,True,True,True,True,True,,fb418fd96b266198c7c913db4bed8de79b745cbe31b07b0328fcb0f99ab127bd,129,float64,7,float64
coffee_table/case715,coffee_table,case715,/ssd1/itaein/datasets/RoboCerebra/RoboCerebra_trainset/coffee_table/case715/demo.hdf5,RoboCerebra_trainset/coffee_table/case715/demo.hdf5,RoboCerebra_trainset/coffee_table/case715/case715.mp4,"Arrange tabletop items by placing the porcelain_mug in the wooden_cabinet top_region, positioning the wooden_tray next to the wooden_cabinet top_region, and pouring the contents of the wine_bottle onto the wooden_tray contain_region.",1610,6,True,True,True,True,True,True,True,True,True,True,,8d4034a2a3969de4783a6fb26f15250215327abaaf477161300df1ff55c266b2,77,float64,7,float64
coffee_table/case716,coffee_table,case716,/ssd1/itaein/datasets/RoboCerebra/RoboCerebra_trainset/coffee_table/case716/demo.hdf5,RoboCerebra_trainset/coffee_table/case716/demo.hdf5,RoboCerebra_trainset/coffee_table/case716/case716.mp4,"The task involves preparing a dish presentation by organizing and positioning chocolate pudding, salad dressing, white bowl, and macaroni and cheese from the coffee table and short cabinet.",2350,8,True,True,True,True,True,True,True,True,True,True,,2212f32683cd6c9d07ef28ba58d80f4187f7c2dca857be211c4a5c7f693779b6,90,float64,7,float64
coffee_table/case717,coffee_table,case717,/ssd1/itaein/datasets/RoboCerebra/RoboCerebra_trainset/coffee_table/case717/demo.hdf5,RoboCerebra_trainset/coffee_table/case717/demo.hdf5,RoboCerebra_trainset/coffee_table/case717/case717.mp4,"The task involves using a robotic arm and gripper to sequentially pick up, move, and place a white bowl, butter, a black bowl, chocolate pudding, and a frypan on designated locations (coffee table or rack) to assemble food items and organize kitchenware.",1860,8,True,True,True,True,True,True,True,True,True,True,,8080bdf06ed2f42c18523ae781c778da93f1fb22d20697dbf22a6b388b8d84ca,110,float64,7,float64
coffee_table/case718,coffee_table,case718,/ssd1/itaein/datasets/RoboCerebra/RoboCerebra_trainset/coffee_table/case718/demo.hdf5,RoboCerebra_trainset/coffee_table/case718/demo.hdf5,RoboCerebra_trainset/coffee_table/case718/case718.mp4,"The task involves arranging a casual dining setup by retrieving a chefmate_8_frypan from a wooden_cabinet and placing it on a table, along with transferring a plate, glazed_rim_porcelain_ramekin, wine_bottle (after pouring), and bbq_sauce (poured onto the plate) from the coffee_table to the table.",1621,7,True,True,True,True,True,True,True,True,True,True,,2eb38f344b940e76d580b41a85117543da5882ab61b67a5a01ee7f53fb0389fe,103,float64,7,float64
coffee_table/case719,coffee_table,case719,/ssd1/itaein/datasets/RoboCerebra/RoboCerebra_trainset/coffee_table/case719/demo.hdf5,RoboCerebra_trainset/coffee_table/case719/demo.hdf5,RoboCerebra_trainset/coffee_table/case719/case719.mp4,"Prepare a simple dish by assembling butter and tomato sauce on a plate, then store the plate safely in the white cabinet located at the top region.",3096,10,True,True,True,True,True,True,True,True,True,True,,dd844da0cc6087958254d23956596391b77cd5bdebc706fe756d3f611686fee2,79,float64,7,float64
coffee_table/case720,coffee_table,case720,/ssd1/itaein/datasets/RoboCerebra/RoboCerebra_trainset/coffee_table/case720/demo.hdf5,RoboCerebra_trainset/coffee_table/case720/demo.hdf5,RoboCerebra_trainset/coffee_table/case720/case720.mp4,"The task involves moving selected items (chocolate_pudding, akita_black_bowl, and red_coffee_mug) from the coffee_table to designated storage spots (short_cabinet, white_storage_box, and chefmate_8_frypan) for organization.",2406,7,True,True,True,True,True,True,True,True,True,True,,386eea88e50755a0e1f9d1fa1a4118feec1f7408726f7751064db389d13bc0a3,90,float64,7,float64
coffee_table/case721,coffee_table,case721,/ssd1/itaein/datasets/RoboCerebra/RoboCerebra_trainset/coffee_table/case721/demo.hdf5,RoboCerebra_trainset/coffee_table/case721/demo.hdf5,RoboCerebra_trainset/coffee_table/case721/case721.mp4,"The task involves arranging a serving setup by transferring cream cheese and popcorn from the coffee table into a white bowl, placing the bowl onto a wooden tray positioned on the table, and setting a chefmate frypan beside the tray in a designated region.",2625,10,True,True,True,True,True,True,True,True,True,True,,49dac1d554265901438ad65dc21ee77af365c78f25e681344a9ad5b0f571eaef,97,float64,7,float64
coffee_table/case722,coffee_table,case722,/ssd1/itaein/datasets/RoboCerebra/RoboCerebra_trainset/coffee_table/case722/demo.hdf5,RoboCerebra_trainset/coffee_table/case722/demo.hdf5,RoboCerebra_trainset/coffee_table/case722/case722.mp4,"Prepare a dessert and beverage setup by assembling chocolate pudding in a white bowl, pouring milk into a red coffee mug, and relocating tomato sauce into a frypan, using items from a wooden cabinet and coffee table.",2315,9,True,True,True,True,True,True,True,True,True,True,,9adb1d4c3e338c41945d20442a9dd0d95d7d2ded8a55b3a3fdf6c6a4069d28db,116,float64,7,float64
coffee_table/case723,coffee_table,case723,/ssd1/itaein/datasets/RoboCerebra/RoboCerebra_trainset/coffee_table/case723/demo.hdf5,RoboCerebra_trainset/coffee_table/case723/demo.hdf5,RoboCerebra_trainset/coffee_table/case723/case723.mp4,"Set up a dining display by arranging a plate with butter and poured salad dressing inside the middle region of a wooden cabinet and placing chocolate pudding beside the plate in the bottom region, with objects taken from the coffee table.",2837,10,True,True,True,True,True,True,True,True,True,True,,0121b3b2e4d7f703b48ef9fc4bead9b469a0694f2ab9dbd0096a3ecfa79ac0f5,90,float64,7,float64
coffee_table/case724,coffee_table,case724,/ssd1/itaein/datasets/RoboCerebra/RoboCerebra_trainset/coffee_table/case724/demo.hdf5,RoboCerebra_trainset/coffee_table/case724/demo.hdf5,RoboCerebra_trainset/coffee_table/case724/case724.mp4,"The task involves using a robotic arm to rearrange kitchen tools (e.g., frypan and wooden shelf), store food items (e.g., popcorn and soup), and serve a beverage (wine) from a coffee table to designated locations like a rack, storage box, counter, shelf, or plate.",2464,9,True,True,True,True,True,True,True,True,True,True,,e98bf1742f008895135dfeb48e3527f5b3a02b216d508e02ed19b16a0aaf1813,110,float64,7,float64
coffee_table/case725,coffee_table,case725,/ssd1/itaein/datasets/RoboCerebra/RoboCerebra_trainset/coffee_table/case725/demo.hdf5,RoboCerebra_trainset/coffee_table/case725/demo.hdf5,RoboCerebra_trainset/coffee_table/case725/case725.mp4,"The task involves gathering and combining ingredients, including butter and tomato sauce, into an akita_black_bowl using objects such as a wooden_cabinet, chefmate_8_frypan, coffee_table, and bowl_drainer to prepare a mixed ingredient bowl.",1262,6,True,True,True,True,True,True,True,True,True,True,,e8a53dad53d100dd38c9b35694c44acb4929aaf4f31aadbca30bda01b1bdb290,90,float64,7,float64
coffee_table/case726,coffee_table,case726,/ssd1/itaein/datasets/RoboCerebra/RoboCerebra_trainset/coffee_table/case726/demo.hdf5,RoboCerebra_trainset/coffee_table/case726/demo.hdf5,RoboCerebra_trainset/coffee_table/case726/case726.mp4,"Store wine poured from a wine bottle into a red coffee mug, and place the mug in the middle region of a short fridge.",2429,6,True,True,True,True,True,True,True,True,True,True,,62ca8dc6b194aee4597daa98c1f786d6a3d7bd724e26888dfc234400d4f21743,60,float64,7,float64
coffee_table/case727,coffee_table,case727,/ssd1/itaein/datasets/RoboCerebra/RoboCerebra_trainset/coffee_table/case727/demo.hdf5,RoboCerebra_trainset/coffee_table/case727/demo.hdf5,RoboCerebra_trainset/coffee_table/case727/case727.mp4,"Organize kitchen items by placing the chefmate_8_frypan into the top of the white_cabinet, the white_bowl onto the wine_rack top region, and handle the beverage by pouring out the wine_bottle before returning it to the coffee_table.",2229,8,True,True,True,True,True,True,True,True,True,True,,2dd05c6844f979002e3b591cba50cbcd0d00a1694c09caedf93cfba6023c69b9,77,float64,7,float64
coffee_table/case728,coffee_table,case728,/ssd1/itaein/datasets/RoboCerebra/RoboCerebra_trainset/coffee_table/case728/demo.hdf5,RoboCerebra_trainset/coffee_table/case728/demo.hdf5,RoboCerebra_trainset/coffee_table/case728/case728.mp4,Prepare a snack tray by arranging cookies and warmed macaroni and cheese on a plate.,4106,11,True,True,True,True,True,True,True,True,True,True,,bbfe3b289c477f5715b00ea670b0af7af0ab23bb9cc0d7080f5516458c1d0884,79,float64,7,float64
coffee_table/case729,coffee_table,case729,/ssd1/itaein/datasets/RoboCerebra/RoboCerebra_trainset/coffee_table/case729/demo.hdf5,RoboCerebra_trainset/coffee_table/case729/demo.hdf5,RoboCerebra_trainset/coffee_table/case729/case729.mp4,"Organize beverages by relocating a wine bottle, porcelain mug, and BBQ sauce to designated storage areas, and prepare a drink by pouring orange juice into a porcelain mug from the coffee table.",2629,8,True,True,True,True,True,True,True,True,True,True,,99a64fc6bb8a0d9e865b6e2589c89c52ea6bb22a31848f830508103e71a0f19e,90,float64,7,float64
coffee_table/case730,coffee_table,case730,/ssd1/itaein/datasets/RoboCerebra/RoboCerebra_trainset/coffee_table/case730/demo.hdf5,RoboCerebra_trainset/coffee_table/case730/demo.hdf5,RoboCerebra_trainset/coffee_table/case730/case730.mp4,"Organize cookies, cream cheese, and wine using the coffee_table, dining_set_group, short_fridge, kitchen_counter, and porcelain_mug for storage and serving purposes.",2545,8,True,True,True,True,True,True,True,True,True,True,,98d9e2717ac841c6c1e36d7636b0fa714bf1e87eea9c82598390676705c53698,86,float64,7,float64
coffee_table/case731,coffee_table,case731,/ssd1/itaein/datasets/RoboCerebra/RoboCerebra_trainset/coffee_table/case731/demo.hdf5,RoboCerebra_trainset/coffee_table/case731/demo.hdf5,RoboCerebra_trainset/coffee_table/case731/case731.mp4,"Heat alphabet soup in a glazed rim porcelain ramekin by retrieving it from a cabinet, combining it with the soup from a coffee table, and warming it on a flat stove.",2281,6,True,True,True,True,True,True,True,True,True,True,,3a93d3d10753547436ddf253644fcd31ffe41a73ce3fb223156918984009fed7,66,float64,7,float64
coffee_table/case732,coffee_table,case732,/ssd1/itaein/datasets/RoboCerebra/RoboCerebra_trainset/coffee_table/case732/demo.hdf5,RoboCerebra_trainset/coffee_table/case732/demo.hdf5,RoboCerebra_trainset/coffee_table/case732/case732.mp4,"Assemble a creative serving arrangement by transferring wine into a porcelain mug, salad dressing into a white bowl, and alphabet soup into a frypan, sequentially moving the items from a coffee table to a target table while positioning and pouring them into their respective containers.",2097,9,True,True,True,True,True,True,True,True,True,True,,f951b64b0ea91c537acfe6db73983cb44817160d2e217255e1aa1fd302b9dcfb,110,float64,7,float64
coffee_table/case733,coffee_table,case733,/ssd1/itaein/datasets/RoboCerebra/RoboCerebra_trainset/coffee_table/case733/demo.hdf5,RoboCerebra_trainset/coffee_table/case733/demo.hdf5,RoboCerebra_trainset/coffee_table/case733/case733.mp4,"Prepare a mixed sauce by pouring tomato sauce, ketchup, and wine into the chefmate_8_frypan, transferred from the coffee_table to a wooden_tray for containment, and ensuring all bottles are returned to the coffee_table after use.",3367,11,True,True,True,True,True,True,True,True,True,True,,d58ef934d30e0d9c490c0bd409df7508b69b62862e408475bec50063474acd66,97,float64,7,float64
coffee_table/case734,coffee_table,case734,/ssd1/itaein/datasets/RoboCerebra/RoboCerebra_trainset/coffee_table/case734/demo.hdf5,RoboCerebra_trainset/coffee_table/case734/demo.hdf5,RoboCerebra_trainset/coffee_table/case734/case734.mp4,"The task involves using a robotic arm to organize and serve items by moving chocolate pudding and a plate from a coffee table to a wooden two-layer shelf, pouring wine from a bottle onto a plate and returning the bottle to the coffee table, and transferring a porcelain mug from the coffee table to the bowl drainer.",2878,9,True,True,True,True,True,True,True,True,True,True,,f72677d00a4237a2d30b30b0861193681e7cc1be8d207ae9a0cde24c170631ea,84,float64,7,float64
coffee_table/case735,coffee_table,case735,/ssd1/itaein/datasets/RoboCerebra/RoboCerebra_trainset/coffee_table/case735/demo.hdf5,RoboCerebra_trainset/coffee_table/case735/demo.hdf5,RoboCerebra_trainset/coffee_table/case735/case735.mp4,"Warm up milk by pouring it into a porcelain mug, placing the mug in the microwave, and activating the microwave.",2712,7,True,True,True,True,True,True,True,True,True,True,,aae8934215f95e21850091d1e276a9c64e07a29acd5a6d76fdba534b086f600b,60,float64,7,float64
coffee_table/case736,coffee_table,case736,/ssd1/itaein/datasets/RoboCerebra/RoboCerebra_trainset/coffee_table/case736/demo.hdf5,RoboCerebra_trainset/coffee_table/case736/demo.hdf5,RoboCerebra_trainset/coffee_table/case736/case736.mp4,"Reorganize the culinary setup by transferring the chefmate_8_frypan from the white_cabinet top_region to the coffee_table, interacting with the wine_bottle and orange_juice by pouring them out and placing them back on the coffee_table, and opening the short_cabinet middle_region.",2594,9,True,True,True,True,True,True,True,True,True,True,,beceb3c55b5f80433640a62b64bc0fe900f2b0e58f4cb55cf029193efead1487,83,float64,7,float64
coffee_table/case737,coffee_table,case737,/ssd1/itaein/datasets/RoboCerebra/RoboCerebra_trainset/coffee_table/case737/demo.hdf5,RoboCerebra_trainset/coffee_table/case737/demo.hdf5,RoboCerebra_trainset/coffee_table/case737/case737.mp4,Serve a chocolate pudding on a plate and wine in a white-yellow mug at the serving area by transferring items from the coffee table and preparing them appropriately.,1586,6,True,True,True,True,True,True,True,True,True,True,,560e16b6f01ae48c3f550706701c6b23b9b83c0558a9f9a658fc69317d1591a5,86,float64,7,float64
coffee_table/case738,coffee_table,case738,/ssd1/itaein/datasets/RoboCerebra/RoboCerebra_trainset/coffee_table/case738/demo.hdf5,RoboCerebra_trainset/coffee_table/case738/demo.hdf5,RoboCerebra_trainset/coffee_table/case738/case738.mp4,Organize butter and chocolate pudding into storage areas and prepare a drink by pouring wine from a wine bottle into a porcelain mug.,2104,8,True,True,True,True,True,True,True,True,True,True,,3c488d7054e927e7bf8d38a5ca05011627e0c2da75805bebd0ce23e663ea6e02,92,float64,7,float64
coffee_table/case739,coffee_table,case739,/ssd1/itaein/datasets/RoboCerebra/RoboCerebra_trainset/coffee_table/case739/demo.hdf5,RoboCerebra_trainset/coffee_table/case739/demo.hdf5,RoboCerebra_trainset/coffee_table/case739/case739.mp4,"Prepare a snack setup by putting cookies into a white bowl and pouring milk, wine, and orange juice from their respective containers.",2979,12,True,True,True,True,True,True,True,True,True,True,,fb4f65a5987e7a07e18eb9c4a9d5ac21407096738d8b5a688fc07ffdc564bcd8,103,float64,7,float64
coffee_table/case740,coffee_table,case740,/ssd1/itaein/datasets/RoboCerebra/RoboCerebra_trainset/coffee_table/case740/demo.hdf5,RoboCerebra_trainset/coffee_table/case740/demo.hdf5,RoboCerebra_trainset/coffee_table/case740/case740.mp4,"Organize kitchen items by using a robotic arm to store chocolate pudding in the white cabinet middle region, place the red coffee mug in the microwave heating region, and position the Chefmate 8"" frypan on the wooden two-layer shelf top side.",3722,8,True,True,True,True,True,True,True,True,True,True,,34723c3507ce166e9cfe67a014b3daba2f8caade3ade29c0f6135d671df233ab,79,float64,7,float64
coffee_table/case741,coffee_table,case741,/ssd1/itaein/datasets/RoboCerebra/RoboCerebra_trainset/coffee_table/case741/demo.hdf5,RoboCerebra_trainset/coffee_table/case741/demo.hdf5,RoboCerebra_trainset/coffee_table/case741/case741.mp4,"Organize kitchenware by placing a porcelain mug into the short cabinet middle region, a chefmate frypan onto the bowl drainer left region, and prepare ingredients by pouring liquid from a wine bottle before returning it to the coffee table.",3044,8,True,True,True,True,True,True,True,True,True,True,,8cad6a4e56fe2a0db8edc618bc7fbba6fe1f3648ac08bb86d43a4201cd97849e,79,float64,7,float64
coffee_table/case742,coffee_table,case742,/ssd1/itaein/datasets/RoboCerebra/RoboCerebra_trainset/coffee_table/case742/demo.hdf5,RoboCerebra_trainset/coffee_table/case742/demo.hdf5,RoboCerebra_trainset/coffee_table/case742/case742.mp4,"The task involves using a frypan, bowl, BBQ sauce, and macaroni and cheese to prepare a serving dish by organizing the frypan on a rack, placing the bowl on a table, and combining the BBQ sauce and macaroni and cheese in the bowl.",2160,7,True,True,True,True,True,True,True,True,True,True,,20b0acd4494a7000f4f8cf96198b38267c2eb79da4298a6519fd58b4b6dac5a9,97,float64,7,float64
coffee_table/case743,coffee_table,case743,/ssd1/itaein/datasets/RoboCerebra/RoboCerebra_trainset/coffee_table/case743/demo.hdf5,RoboCerebra_trainset/coffee_table/case743/demo.hdf5,RoboCerebra_trainset/coffee_table/case743/case743.mp4,"Heat alphabet soup in the microwave, garnish with cream cheese and wine on a plate, and position a frypan nearby for potential use.",3088,10,True,True,True,True,True,True,True,True,True,True,,c3010d93135754ace018c4aac5a7fc33c19a9a79767ca14e98db5d3f4c868439,99,float64,7,float64
coffee_table/case744,coffee_table,case744,/ssd1/itaein/datasets/RoboCerebra/RoboCerebra_trainset/coffee_table/case744/demo.hdf5,RoboCerebra_trainset/coffee_table/case744/demo.hdf5,RoboCerebra_trainset/coffee_table/case744/case744.mp4,"Prepare a mixed snack dish by arranging macaroni_and_cheese, salad_dressing, and wine_bottle contents onto a wooden_tray, while organizing butter in a white_cabinet and placing chefmate_8_frypan onto a rack.",3507,13,True,True,True,True,True,True,True,True,True,True,,7da1aa71e4d4d692d56b377c3c64fb0c8c8c35c5ffb7718a72aa58c4829b47db,129,float64,7,float64
coffee_table/case745,coffee_table,case745,/ssd1/itaein/datasets/RoboCerebra/RoboCerebra_trainset/coffee_table/case745/demo.hdf5,RoboCerebra_trainset/coffee_table/case745/demo.hdf5,RoboCerebra_trainset/coffee_table/case745/case745.mp4,"The task involves preparing for cooking by manipulating objects—such as moving the akita_black_bowl, pouring salad_dressing into it, transferring it to the chefmate_8_frypan on a flat_stove, adding milk, and positioning the red_coffee_mug onto a dining_set_group—ensuring each step is executed with precision and alignment.",3204,13,True,True,True,True,True,True,True,True,True,True,,ac2db5a71d614595014be4207ba51a158f0336a0928db1d564bd2da05e5ea8dc,99,float64,7,float64
coffee_table/case746,coffee_table,case746,/ssd1/itaein/datasets/RoboCerebra/RoboCerebra_trainset/coffee_table/case746/demo.hdf5,RoboCerebra_trainset/coffee_table/case746/demo.hdf5,RoboCerebra_trainset/coffee_table/case746/case746.mp4,"Organize cookies into the middle region of a white cabinet, chocolate pudding into the top region of a wooden two-layer shelf, and pour out the contents of a wine bottle after picking them up from the coffee table.",1908,7,True,True,True,True,True,True,True,True,True,True,,69ce27924c92549a2527da256e8985f580f9a8994e1fd47ed939538cce53ce83,77,float64,7,float64
coffee_table/case747,coffee_table,case747,/ssd1/itaein/datasets/RoboCerebra/RoboCerebra_trainset/coffee_table/case747/demo.hdf5,RoboCerebra_trainset/coffee_table/case747/demo.hdf5,RoboCerebra_trainset/coffee_table/case747/case747.mp4,Organize tableware and warm food by storing the red_coffee_mug in the top region of the white_cabinet and placing macaroni_and_cheese in the heating region of the microwave.,2493,6,True,True,True,False,True,True,True,True,True,False,terminal_mismatch;frame_assignment_not_exact,08dc8c9ebe893940fd1c7133d1fa22cc1634a82b8bdc193916e6b29925140fa3,66,float64,7,float64
coffee_table/case748,coffee_table,case748,/ssd1/itaein/datasets/RoboCerebra/RoboCerebra_trainset/coffee_table/case748/demo.hdf5,RoboCerebra_trainset/coffee_table/case748/demo.hdf5,RoboCerebra_trainset/coffee_table/case748/case748.mp4,"The task involves using a robotic arm to prepare cooking by sequentially transferring and manipulating objects—white_bowl, chocolate_pudding, porcelain_mug, tomato_sauce, flat_stove, and moka_pot—between coffee_table, table, and cook_region, to set up ingredients and tools for cooking.",2026,9,True,True,True,True,True,True,True,True,True,True,,1b63502c587859d7eda1c56dc832f6ab995a69fd2a08f5888446c33527f20071,99,float64,7,float64
coffee_table/case749,coffee_table,case749,/ssd1/itaein/datasets/RoboCerebra/RoboCerebra_trainset/coffee_table/case749/demo.hdf5,RoboCerebra_trainset/coffee_table/case749/demo.hdf5,RoboCerebra_trainset/coffee_table/case749/case749.mp4,Store cookies and cream cheese in the short cabinet and mix salad dressing in the white bowl using various items from the coffee table.,3453,11,True,True,False,True,True,True,True,True,True,False,nonpositive_interval;frame_assignment_not_exact,a0cdfb669f6f8ae22ddef34f3ec21093b374651bba6ae8c26ab77e0f96bbcf84,90,float64,7,float64
coffee_table/case750,coffee_table,case750,/ssd1/itaein/datasets/RoboCerebra/RoboCerebra_trainset/coffee_table/case750/demo.hdf5,RoboCerebra_trainset/coffee_table/case750/demo.hdf5,RoboCerebra_trainset/coffee_table/case750/case750.mp4,"Prepare a refreshing drink service by assembling a white_yellow_mug filled with orange juice and a plate onto a wooden_tray using objects from the white_cabinet, coffee_table, and table.",2779,9,True,True,True,True,True,True,True,True,True,True,,f7ee0598914c0e3bf8b2260ae6b66784b959385f37709551151ac834860cf2cf,90,float64,7,float64
coffee_table/case751,coffee_table,case751,/ssd1/itaein/datasets/RoboCerebra/RoboCerebra_trainset/coffee_table/case751/demo.hdf5,RoboCerebra_trainset/coffee_table/case751/demo.hdf5,RoboCerebra_trainset/coffee_table/case751/case751.mp4,"Organize kitchenware by relocating the akita_black_bowl to the short_cabinet, placing the glazed_rim_porcelain_ramekin and chefmate_8_frypan on the rack, and pouring out the milk and wine from their containers on the coffee_table.",3793,12,True,True,True,True,True,True,True,True,True,True,,7af4963afab2e64855ac4d2e2920cc3d8bb0e3644605625dcf3a3fd093b04a8b,116,float64,7,float64
coffee_table/case752,coffee_table,case752,/ssd1/itaein/datasets/RoboCerebra/RoboCerebra_trainset/coffee_table/case752/demo.hdf5,RoboCerebra_trainset/coffee_table/case752/demo.hdf5,RoboCerebra_trainset/coffee_table/case752/case752.mp4,"Warm up macaroni and cheese using the microwave and prepare wine in a red coffee mug using a wine bottle from the coffee table, while handling a chefmate 8 frypan.",2131,7,True,True,True,True,True,True,True,True,True,True,,b607f49fe44d22f400438553037c15f5df58708d4e9cce2c55191fec0570121d,86,float64,7,float64
coffee_table/case753,coffee_table,case753,/ssd1/itaein/datasets/RoboCerebra/RoboCerebra_trainset/coffee_table/case753/demo.hdf5,RoboCerebra_trainset/coffee_table/case753/demo.hdf5,RoboCerebra_trainset/coffee_table/case753/case753.mp4,Prepare a dish with BBQ sauce by microwaving it and store a wine bottle in the wine rack.,2471,8,True,True,True,True,True,True,True,True,True,True,,c10a8c4c5976cb002bc424f1f79fef6ae945ad5193a5afc5d3a260417f016b69,73,float64,7,float64
coffee_table/case754,coffee_table,case754,/ssd1/itaein/datasets/RoboCerebra/RoboCerebra_trainset/coffee_table/case754/demo.hdf5,RoboCerebra_trainset/coffee_table/case754/demo.hdf5,RoboCerebra_trainset/coffee_table/case754/case754.mp4,"Organize snack items including cookies and cream cheese onto a wooden tray and akita black bowl, while arranging beverage serving ware such as a porcelain mug and wine bottle on a coffee table.",1631,7,True,True,True,True,True,True,True,True,True,True,,d52537a4ac8ea123fb2dbcf0ae387cca5f7d00c2c1f1b5d04d1e091a5dda347f,110,float64,7,float64
coffee_table/case755,coffee_table,case755,/ssd1/itaein/datasets/RoboCerebra/RoboCerebra_trainset/coffee_table/case755/demo.hdf5,RoboCerebra_trainset/coffee_table/case755/demo.hdf5,RoboCerebra_trainset/coffee_table/case755/case755.mp4,"The task involves preparing for cooking by retrieving a chefmate_8_frypan from a white_cabinet and placing it on a table, turning on a flat_stove, pouring wine from a wine_bottle retrieved from a coffee_table and placing it on the table, and retrieving cookies from a white_storage_box and placing them on the table.",2092,8,True,True,True,True,True,True,True,True,True,True,,113cdae0ee5717d9ff065e304951dbf475a44a2d5f288919001963f5702db937,79,float64,7,float64
coffee_table/case756,coffee_table,case756,/ssd1/itaein/datasets/RoboCerebra/RoboCerebra_trainset/coffee_table/case756/demo.hdf5,RoboCerebra_trainset/coffee_table/case756/demo.hdf5,RoboCerebra_trainset/coffee_table/case756/case756.mp4,"Heat tomato sauce by transferring the chefmate_8_frypan from the coffee_table to the flat_stove, turning on the stove, adding tomato_sauce from the coffee_table to the frypan, and cooking it.",1848,6,True,True,True,True,True,True,True,True,True,True,,4193518ca7bb4b7c5a467811cb445db073598e309bddecd5b93c0edd89537250,60,float64,7,float64
coffee_table/case757,coffee_table,case757,/ssd1/itaein/datasets/RoboCerebra/RoboCerebra_trainset/coffee_table/case757/demo.hdf5,RoboCerebra_trainset/coffee_table/case757/demo.hdf5,RoboCerebra_trainset/coffee_table/case757/case757.mp4,"The task involves preparing a creamy sauce base by mixing cream cheese, tomato sauce, and BBQ sauce in a white bowl, setting a frying pan on a flat stove, turning on the stove, and inspecting the top region of a white cabinet.",3252,13,True,True,True,True,True,True,True,True,True,True,,a53942c5546fc3647ef1ade9f8b7a375558132905648af79217a708341a7d114,105,float64,7,float64
coffee_table/case758,coffee_table,case758,/ssd1/itaein/datasets/RoboCerebra/RoboCerebra_trainset/coffee_table/case758/demo.hdf5,RoboCerebra_trainset/coffee_table/case758/demo.hdf5,RoboCerebra_trainset/coffee_table/case758/case758.mp4,"Organize kitchen items by storing the cream_cheese in the wooden_cabinet top_region, placing the plate in the wooden_cabinet middle_region, and arranging the red_coffee_mug on the plate within the wooden_cabinet.",3633,10,True,True,True,True,True,True,True,True,True,True,,7d9d5830f37855bd4e84c45654c06dd47e3dd546202284b46ca90f038e5211db,79,float64,7,float64
coffee_table/case759,coffee_table,case759,/ssd1/itaein/datasets/RoboCerebra/RoboCerebra_trainset/coffee_table/case759/demo.hdf5,RoboCerebra_trainset/coffee_table/case759/demo.hdf5,RoboCerebra_trainset/coffee_table/case759/case759.mp4,"Retrieve and arrange items, including chocolate_pudding, red_coffee_mug, macaroni_and_cheese, and chefmate_8_frypan, utilizing the white_cabinet, wooden_tray, coffee_table, and microwave for preparation purposes.",2530,6,True,True,True,True,True,True,True,True,True,True,,b8b49e3d7c944fc793d4e8a3423bcd5e49be3fa341046b268bd2881d0f85ecf2,105,float64,7,float64
coffee_table/case760,coffee_table,case760,/ssd1/itaein/datasets/RoboCerebra/RoboCerebra_trainset/coffee_table/case760/demo.hdf5,RoboCerebra_trainset/coffee_table/case760/demo.hdf5,RoboCerebra_trainset/coffee_table/case760/case760.mp4,"Organize a tray arrangement by retrieving a wooden tray from the coffee table, placing it in the white cabinet's top section, and sequentially adding a plate with chocolate pudding, a porcelain mug filled with wine from a wine bottle, all sourced from the coffee table.",3895,10,True,True,True,True,True,True,True,True,True,True,,ee4008537ea41b0e3a35058c5d198fde3917d85b43cd83a18d8ca548d81175d8,103,float64,7,float64
coffee_table/case761,coffee_table,case761,/ssd1/itaein/datasets/RoboCerebra/RoboCerebra_trainset/coffee_table/case761/demo.hdf5,RoboCerebra_trainset/coffee_table/case761/demo.hdf5,RoboCerebra_trainset/coffee_table/case761/case761.mp4,"Prepare a mixed-dish display by transferring milk and ketchup into a white bowl and porcelain mug respectively, and storing the porcelain mug in the top region of a short cabinet.",2613,9,True,True,True,True,True,True,True,True,True,True,,1d70033c56286a70121d952d64629649df7238cf2763da24ce28f00279b616b7,90,float64,7,float64
coffee_table/case762,coffee_table,case762,/ssd1/itaein/datasets/RoboCerebra/RoboCerebra_trainset/coffee_table/case762/demo.hdf5,RoboCerebra_trainset/coffee_table/case762/demo.hdf5,RoboCerebra_trainset/coffee_table/case762/case762.mp4,"The task involves heating popcorn in a microwave and serving wine in a porcelain mug by using objects like a microwave, popcorn, coffee_table, porcelain_mug, and wine_bottle.",2495,6,True,True,True,True,True,True,True,True,True,True,,c36aacf0c476189b90e5df519f05377f3620a26f702d83ff8732768ee56b7f14,75,float64,7,float64
coffee_table/case763,coffee_table,case763,/ssd1/itaein/datasets/RoboCerebra/RoboCerebra_trainset/coffee_table/case763/demo.hdf5,RoboCerebra_trainset/coffee_table/case763/demo.hdf5,RoboCerebra_trainset/coffee_table/case763/case763.mp4,"Organize a chefmate_8_frypan and red_coffee_mug into the white_cabinet and wooden_cabinet, respectively, and dispose of chocolate_pudding from the coffee_table.",2131,6,True,True,True,True,True,True,True,True,True,True,,abc87437deb4ffcf63b965beddc825a501d237532028cd88866abb1598e10607,83,float64,7,float64
coffee_table/case764,coffee_table,case764,/ssd1/itaein/datasets/RoboCerebra/RoboCerebra_trainset/coffee_table/case764/demo.hdf5,RoboCerebra_trainset/coffee_table/case764/demo.hdf5,RoboCerebra_trainset/coffee_table/case764/case764.mp4,"The task involves using a robotic arm to organize items by sequentially moving the akita_black_bowl, wine_bottle, and chocolate_pudding from the coffee_table to designated regions in the white_cabinet, while also performing a pouring action with the wine_bottle on the coffee_table.",2722,10,True,True,True,True,True,True,True,True,True,True,,fde7ca06f14910bfa24e88795c7193044397beb4660a961902bed1d8392b2e98,77,float64,7,float64
coffee_table/case765,coffee_table,case765,/ssd1/itaein/datasets/RoboCerebra/RoboCerebra_trainset/coffee_table/case765/demo.hdf5,RoboCerebra_trainset/coffee_table/case765/demo.hdf5,RoboCerebra_trainset/coffee_table/case765/case765.mp4,"Organize chocolate pudding, cookies, and an Akita black bowl from a coffee table into designated storage spaces, including a short cabinet and a wooden two-layer shelf.",2630,8,True,True,True,True,True,True,True,True,True,True,,53e29e04dd020854089708f61e3ebc444a37cf4a838e5e3fedda955320354fbc,77,float64,7,float64
coffee_table/case766,coffee_table,case766,/ssd1/itaein/datasets/RoboCerebra/RoboCerebra_trainset/coffee_table/case766/demo.hdf5,RoboCerebra_trainset/coffee_table/case766/demo.hdf5,RoboCerebra_trainset/coffee_table/case766/case766.mp4,"Warm up macaroni and cheese by transferring it to a white bowl, placing the bowl into the microwave's heating region, and preparing the microwave for use.",2053,6,True,True,True,True,True,True,True,True,True,True,,94710d38ed90847b867514cae0b90553720008b5295076455ef572ce8d1b03eb,60,float64,7,float64
coffee_table/case767,coffee_table,case767,/ssd1/itaein/datasets/RoboCerebra/RoboCerebra_trainset/coffee_table/case767/demo.hdf5,RoboCerebra_trainset/coffee_table/case767/demo.hdf5,RoboCerebra_trainset/coffee_table/case767/case767.mp4,"Organize kitchen items by storing the chocolate_pudding in the short_fridge middle_region, placing the chefmate_8_frypan and wine_bottle after pouring out its contents onto the wooden_tray contain_region, and storing the white_bowl in the white_storage_box top_side.",3525,10,True,True,True,True,True,True,True,True,True,True,,2d9a7e70aaa7614fe3466064c7fb297788d52513c98a7761b9320c667cf4fa64,99,float64,7,float64
coffee_table/case768,coffee_table,case768,/ssd1/itaein/datasets/RoboCerebra/RoboCerebra_trainset/coffee_table/case768/demo.hdf5,RoboCerebra_trainset/coffee_table/case768/demo.hdf5,RoboCerebra_trainset/coffee_table/case768/case768.mp4,"Redistribute selected items (chocolate_pudding, wine_bottle, and red_coffee_mug) from the coffee_table to their designated locations (middle_region of short_cabinet, top_region of wine_rack, and plate on coffee_table) for clearer organization.",1735,5,True,True,True,True,True,True,True,True,True,True,,d3fc5f44a9bb1c0fa5395fc64bb5084260f912555e1c10c5c6a3dba926aef112,90,float64,7,float64
coffee_table/case769,coffee_table,case769,/ssd1/itaein/datasets/RoboCerebra/RoboCerebra_trainset/coffee_table/case769/demo.hdf5,RoboCerebra_trainset/coffee_table/case769/demo.hdf5,RoboCerebra_trainset/coffee_table/case769/case769.mp4,"The task involves preparing an assembly sequence for a robotic arm to mix and transfer food items using various objects including a wooden tray, tomato sauce, white-yellow mug, wine bottle, akita black bowl, and cream cheese on a coffee table.",1839,8,True,True,True,True,True,True,True,True,True,True,,60644318fe145140cd6829270fd352e4b09cb3dc32a00416ab82fa721f922d76,110,float64,7,float64
coffee_table/case770,coffee_table,case770,/ssd1/itaein/datasets/RoboCerebra/RoboCerebra_trainset/coffee_table/case770/demo.hdf5,RoboCerebra_trainset/coffee_table/case770/demo.hdf5,RoboCerebra_trainset/coffee_table/case770/case770.mp4,Simulate a kitchen scene where a red coffee mug is filled with milk for beverage preparation and a chefmate frypan on a microwave is used to cook tomato sauce.,2867,9,True,True,True,True,True,True,True,True,True,True,,b55b9230a3053db09864023f7e03a5035b77f1c8a3941c66087ab7e82f110a38,86,float64,7,float64
coffee_table/case771,coffee_table,case771,/ssd1/itaein/datasets/RoboCerebra/RoboCerebra_trainset/coffee_table/case771/demo.hdf5,RoboCerebra_trainset/coffee_table/case771/demo.hdf5,RoboCerebra_trainset/coffee_table/case771/case771.mp4,"Compose a cooking preparation scene by arranging kitchen items, including moving a chefmate_8_frypan from a coffee_table to a flat_stove, placing a sauce-filled plate and bowl back onto the coffee_table, and interacting with a flat_stove and wooden_cabinet for cooking setup.",2786,10,True,True,True,True,True,True,True,True,True,True,,793a4c28f152ae0d0f5d20e1202856a1ea404c9d25594d5209f0fb1354b9db6e,105,float64,7,float64
coffee_table/case772,coffee_table,case772,/ssd1/itaein/datasets/RoboCerebra/RoboCerebra_trainset/coffee_table/case772/demo.hdf5,RoboCerebra_trainset/coffee_table/case772/demo.hdf5,RoboCerebra_trainset/coffee_table/case772/case772.mp4,"Organize cookies into a white bowl from a wooden cabinet, place the bowl in a basket, and tidy up tableware by accessing the bowl drainer.",2152,8,True,True,True,True,True,True,True,True,True,True,,0cb4d2f4029579e7755323c34e66cea08ad0949350186bea583ecaee8985c219,77,float64,7,float64
coffee_table/case773,coffee_table,case773,/ssd1/itaein/datasets/RoboCerebra/RoboCerebra_trainset/coffee_table/case773/demo.hdf5,RoboCerebra_trainset/coffee_table/case773/demo.hdf5,RoboCerebra_trainset/coffee_table/case773/case773.mp4,"Prepare a snack and beverage setup by using a microwave, mug, and wine bottle to serve wine, and organizing popcorn and butter into respective containers from the coffee table.",1832,8,True,True,True,True,True,True,True,True,True,True,,4197f4b9c5765faac63feaa4178496c8ea924bf1784cf3f9864fc9333a7effb5,99,float64,7,float64
coffee_table/case774,coffee_table,case774,/ssd1/itaein/datasets/RoboCerebra/RoboCerebra_trainset/coffee_table/case774/demo.hdf5,RoboCerebra_trainset/coffee_table/case774/demo.hdf5,RoboCerebra_trainset/coffee_table/case774/case774.mp4,"The task involves using a robotic arm to manipulate various objects (white_bowl, cream_cheese, akita_black_bowl, flat_stove, wine_bottle, and short_cabinet) in a kitchen scene for actions such as lifting, moving, placing, pouring, turning on appliances, and opening a cabinet.",1775,7,True,True,True,True,True,True,True,True,True,True,,50a49515a2a384c04f3fd0b539ec43a4335f25b026dc8615f6cc22b7cfbb4799,92,float64,7,float64
coffee_table/case775,coffee_table,case775,/ssd1/itaein/datasets/RoboCerebra/RoboCerebra_trainset/coffee_table/case775/demo.hdf5,RoboCerebra_trainset/coffee_table/case775/demo.hdf5,RoboCerebra_trainset/coffee_table/case775/case775.mp4,Store cookies in the short_cabinet and pour wine from the wine_bottle into the white_yellow_mug while interacting with the microwave.,2155,7,True,True,True,True,True,True,True,True,True,True,,9c7b48942990f2d76a49fb6364cfb7ebf9c014f501624e39f20da1403331a16f,79,float64,7,float64
coffee_table/case776,coffee_table,case776,/ssd1/itaein/datasets/RoboCerebra/RoboCerebra_trainset/coffee_table/case776/demo.hdf5,RoboCerebra_trainset/coffee_table/case776/demo.hdf5,RoboCerebra_trainset/coffee_table/case776/case776.mp4,"Prepare a dessert snack station by assembling and arranging items including a white bowl with chocolate pudding, storing the bowl in a wooden cabinet, and pouring orange juice into a frypan.",2151,8,True,True,True,True,True,True,True,True,True,True,,3d04789f8a8fa3fa2d2e5df9e3d1ca54a01a53e46d1375d6f96132086148fe15,90,float64,7,float64
coffee_table/case777,coffee_table,case777,/ssd1/itaein/datasets/RoboCerebra/RoboCerebra_trainset/coffee_table/case777/demo.hdf5,RoboCerebra_trainset/coffee_table/case777/demo.hdf5,RoboCerebra_trainset/coffee_table/case777/case777.mp4,"Arrange cookies on a plate from the coffee table and prepare a wine-infused red coffee mug, placing it into the wooden cabinet.",2438,8,True,True,True,True,True,True,True,True,True,True,,cfa8f9014661ce36fc1bf7508b022b548aa2440d718e7f0add436b67c2b48051,90,float64,7,float64
coffee_table/case778,coffee_table,case778,/ssd1/itaein/datasets/RoboCerebra/RoboCerebra_trainset/coffee_table/case778/demo.hdf5,RoboCerebra_trainset/coffee_table/case778/demo.hdf5,RoboCerebra_trainset/coffee_table/case778/case778.mp4,"Set up a quick “mix-and-serve” arrangement by using kitchen items such as a wooden cabinet, white storage box, red coffee mug, rack, chefmate frypan, orange juice, white bowl, salad dressing, and a coffee table to organize pouring and placement tasks efficiently.",2897,9,True,True,True,True,True,True,True,True,True,True,,54029ec98492387bd0eb31d60d40ed0d9a225f2813c1ceb72726fdabc02a0235,116,float64,7,float64
coffee_table/case779,coffee_table,case779,/ssd1/itaein/datasets/RoboCerebra/RoboCerebra_trainset/coffee_table/case779/demo.hdf5,RoboCerebra_trainset/coffee_table/case779/demo.hdf5,RoboCerebra_trainset/coffee_table/case779/case779.mp4,"Combine butter and salad dressing in the white bowl, return each container to the coffee table, and place the bowl into the microwave to warm the mixture.",2401,9,True,True,True,True,True,True,True,True,True,True,,403be3b18a07b2c658feb0737a786c706db294c363d399bc54b459b58aef6a67,73,float64,7,float64
coffee_table/case780,coffee_table,case780,/ssd1/itaein/datasets/RoboCerebra/RoboCerebra_trainset/coffee_table/case780/demo.hdf5,RoboCerebra_trainset/coffee_table/case780/demo.hdf5,RoboCerebra_trainset/coffee_table/case780/case780.mp4,"Organize selected kitchen items by storing the white_bowl in the top region of the white_cabinet, placing the akita_black_bowl in the left region of the bowl_drainer, and handling the wine_bottle by emptying its contents and returning it to the coffee_table.",1997,8,True,True,True,True,True,True,True,True,True,True,,d381a6d83002505551441a11272953425e2ebd660169cba9ef2382c1ea33435a,77,float64,7,float64
coffee_table/case781,coffee_table,case781,/ssd1/itaein/datasets/RoboCerebra/RoboCerebra_trainset/coffee_table/case781/demo.hdf5,RoboCerebra_trainset/coffee_table/case781/demo.hdf5,RoboCerebra_trainset/coffee_table/case781/case781.mp4,"Open the microwave to heat popcorn, pour milk onto a plate before putting the carton back, and organize the wine bottle, bowl, Alphabet Soup, and moka pot on their designated spots for a snack setup.",4313,14,True,True,True,True,True,True,True,True,True,True,,f5b6d66281e6e0c7a4ba8ecc0f653095dcd171117debbeb62006ca88cdaec583,125,float64,7,float64
coffee_table/case782,coffee_table,case782,/ssd1/itaein/datasets/RoboCerebra/RoboCerebra_trainset/coffee_table/case782/demo.hdf5,RoboCerebra_trainset/coffee_table/case782/demo.hdf5,RoboCerebra_trainset/coffee_table/case782/case782.mp4,"Set the frypan beside the microwave, open it, tuck the chocolate pudding into the basket, and pour out the wine bottle to arrange the coffee table items for use.",2149,7,True,True,True,True,True,True,True,True,True,True,,fec9a8ed16201f83b7207b79e29235275e4fd965295e3bf5c51a7e5dae9abc7c,99,float64,7,float64
coffee_table/case783,coffee_table,case783,/ssd1/itaein/datasets/RoboCerebra/RoboCerebra_trainset/coffee_table/case783/demo.hdf5,RoboCerebra_trainset/coffee_table/case783/demo.hdf5,RoboCerebra_trainset/coffee_table/case783/case783.mp4,"The task involves organizing food items (chocolate_pudding, milk) and tableware (akita_black_bowl, red_coffee_mug) by placing them near or inside kitchen appliances (microwave, white_cabinet) for convenience.",2093,8,True,True,True,True,True,True,True,True,True,True,,cf7e66177fd080c9268959ae41f291c51f449df4669dbba5c0e2ae584ad9cc0d,92,float64,7,float64
coffee_table/case784,coffee_table,case784,/ssd1/itaein/datasets/RoboCerebra/RoboCerebra_trainset/coffee_table/case784/demo.hdf5,RoboCerebra_trainset/coffee_table/case784/demo.hdf5,RoboCerebra_trainset/coffee_table/case784/case784.mp4,"Organize kitchen items by placing macaroni and cheese into the microwave, a wine bottle into the white cabinet, and an Akita black bowl into the bowl drainer for proper food preparation and storage.",2840,8,True,True,True,True,True,True,True,True,True,True,,feddb40a36d6a4f0e412519e3d4d6bbac5d4292074e560102a90bdc3cd4b8452,79,float64,7,float64
coffee_table/case785,coffee_table,case785,/ssd1/itaein/datasets/RoboCerebra/RoboCerebra_trainset/coffee_table/case785/demo.hdf5,RoboCerebra_trainset/coffee_table/case785/demo.hdf5,RoboCerebra_trainset/coffee_table/case785/case785.mp4,"Arrange a mini dining setup on the coffee_table by organizing a plate with alphabet_soup, placing a wooden_tray and red_coffee_mug, and positioning a poured wine_bottle back onto the coffee_table.",2410,8,True,True,True,True,True,True,True,True,True,True,,78bda3cc7a9eee5de4c75feb03f4d0a55d2f5f155e9db7869cd810a54d0d7096,99,float64,7,float64
coffee_table/case786,coffee_table,case786,/ssd1/itaein/datasets/RoboCerebra/RoboCerebra_trainset/coffee_table/case786/demo.hdf5,RoboCerebra_trainset/coffee_table/case786/demo.hdf5,RoboCerebra_trainset/coffee_table/case786/case786.mp4,"Heat butter in a chefmate_8_frypan using a microwave and prepare by organizing related objects, including a coffee_table, wooden_tray, and white_cabinet.",3949,8,True,True,True,True,True,True,True,True,True,True,,a3d757d90e0b4ffd71c425fe5a61c161f5f40e1fc0ced22e35bc931e2d704907,79,float64,7,float64
coffee_table/case787,coffee_table,case787,/ssd1/itaein/datasets/RoboCerebra/RoboCerebra_trainset/coffee_table/case787/demo.hdf5,RoboCerebra_trainset/coffee_table/case787/demo.hdf5,RoboCerebra_trainset/coffee_table/case787/case787.mp4,"Set up a snack arrangement by retrieving cookies, wine, and popcorn from the coffee_table, placing the cookies in a white_bowl, popcorn in an akita_black_bowl, pouring out wine from the wine_bottle and returning it to the coffee_table, and opening storage regions of the short_cabinet and bowl_drainer.",1570,8,True,True,True,True,True,True,True,True,True,True,,f2bee8279874182cb8826d9210d9111ea0ab4dfe23fff1836465a093cc64071b,105,float64,7,float64
coffee_table/case788,coffee_table,case788,/ssd1/itaein/datasets/RoboCerebra/RoboCerebra_trainset/coffee_table/case788/demo.hdf5,RoboCerebra_trainset/coffee_table/case788/demo.hdf5,RoboCerebra_trainset/coffee_table/case788/case788.mp4,"Demonstrate a creative pouring sequence by using a microwave, porcelain mug, tomato sauce, glazed rim porcelain ramekin, and a wine bottle to transfer and mix their contents on a coffee table.",2624,7,True,True,True,True,True,True,True,True,True,True,,47d09795c490e6ff51e14c33ff559d1a29c32b08f25b9550d022ae8bff813245,86,float64,7,float64
coffee_table/case789,coffee_table,case789,/ssd1/itaein/datasets/RoboCerebra/RoboCerebra_trainset/coffee_table/case789/demo.hdf5,RoboCerebra_trainset/coffee_table/case789/demo.hdf5,RoboCerebra_trainset/coffee_table/case789/case789.mp4,"A robotic arm performs a culinary preparation task by interacting with various objects, including retrieving a glazed rim porcelain ramekin from a white cabinet and placing it on a table, transferring salad dressing into a red coffee mug and placing it on the table, moving chocolate pudding into a white storage box, opening a microwave door, and handling butter from a coffee table before concluding the sequence.",3992,11,True,True,True,True,True,True,True,True,True,True,,1c73f3068e54210606f9b108bd982bc71891dfcf0a3f22288635b085efbaff6c,105,float64,7,float64
coffee_table/case790,coffee_table,case790,/ssd1/itaein/datasets/RoboCerebra/RoboCerebra_trainset/coffee_table/case790/demo.hdf5,RoboCerebra_trainset/coffee_table/case790/demo.hdf5,RoboCerebra_trainset/coffee_table/case790/case790.mp4,Create a playful food arrangement by storing cookies in the middle region of the short cabinet and pouring ketchup and wine onto a plate placed on the coffee table.,3151,8,True,True,True,True,True,True,True,True,True,True,,8e86a4ef155dfaab8064aa142380cdc123b7e9e0811105948cc073b8e32fb7ba,90,float64,7,float64
coffee_table/case791,coffee_table,case791,/ssd1/itaein/datasets/RoboCerebra/RoboCerebra_trainset/coffee_table/case791/demo.hdf5,RoboCerebra_trainset/coffee_table/case791/demo.hdf5,RoboCerebra_trainset/coffee_table/case791/case791.mp4,"The task involves organizing a dessert serving scene by storing cookies in the white cabinet, pouring chocolate pudding and wine into the akita black bowl, and arranging items like the bowl, pudding container, and wine bottle on the coffee table.",3094,9,True,True,True,True,True,True,True,True,True,True,,32473e0f2fa4a7d77bc773ea94c8c33575121002e93f8fd659f0539d6a2945c9,90,float64,7,float64
coffee_table/case792,coffee_table,case792,/ssd1/itaein/datasets/RoboCerebra/RoboCerebra_trainset/coffee_table/case792/demo.hdf5,RoboCerebra_trainset/coffee_table/case792/demo.hdf5,RoboCerebra_trainset/coffee_table/case792/case792.mp4,"Create a creative snack arrangement by placing a plate with tomato sauce, cookies topped with cream cheese, and a wine bottle onto a wooden tray for presentation on a coffee table.",4172,12,True,True,True,True,True,True,True,True,True,True,,f743afe37e75803cf7291fac3da11367e26cfd5bc0c54c246f04122d38872056,110,float64,7,float64
coffee_table/case793,coffee_table,case793,/ssd1/itaein/datasets/RoboCerebra/RoboCerebra_trainset/coffee_table/case793/demo.hdf5,RoboCerebra_trainset/coffee_table/case793/demo.hdf5,RoboCerebra_trainset/coffee_table/case793/case793.mp4,"Prepare and heat orange juice in a white-yellow mug using a flat stove, store a white bowl in a white cabinet, and access the left region of a bowl drainer.",3835,9,True,True,True,True,True,True,True,True,True,True,,3859df8be5f0443ece9ea78989f3a7a96534c99565f56858735131224c79b0a2,79,float64,7,float64
coffee_table/case794,coffee_table,case794,/ssd1/itaein/datasets/RoboCerebra/RoboCerebra_trainset/coffee_table/case794/demo.hdf5,RoboCerebra_trainset/coffee_table/case794/demo.hdf5,RoboCerebra_trainset/coffee_table/case794/case794.mp4,"Melt butter by transferring it into a chefmate_8_frypan from a wooden cabinet, heating the frypan in a microwave, and pouring the melted butter onto a plate, using a coffee table to hold objects during the process.",4601,13,True,True,True,True,True,True,True,True,True,True,,77e6b97632f70972211e5e185d678c1e75da0f2dd001fa3aca5349977f6df800,79,float64,7,float64
coffee_table/case795,coffee_table,case795,/ssd1/itaein/datasets/RoboCerebra/RoboCerebra_trainset/coffee_table/case795/demo.hdf5,RoboCerebra_trainset/coffee_table/case795/demo.hdf5,RoboCerebra_trainset/coffee_table/case795/case795.mp4,Prepare a beverage by pouring orange juice into a white-and-yellow mug and secure butter in the white storage box while discarding an empty orange juice container and handling a wine bottle for use in a white bowl.,3212,7,True,True,True,True,True,True,True,True,True,True,,58328131c3ea7588771b0990c0976e48b935fee1bdada9f88b874cdba50bf3a0,97,float64,7,float64
coffee_table/case796,coffee_table,case796,/ssd1/itaein/datasets/RoboCerebra/RoboCerebra_trainset/coffee_table/case796/demo.hdf5,RoboCerebra_trainset/coffee_table/case796/demo.hdf5,RoboCerebra_trainset/coffee_table/case796/case796.mp4,Heat macaroni and cheese in a glazed porcelain ramekin using the microwave and pour wine from a wine bottle as a beverage.,3295,9,True,True,True,True,True,True,True,True,True,True,,9503c1721cf089f4b363cad9d298df9da7bcd32de6c078df3ae018142fcd695e,73,float64,7,float64
kitchen_table/case1,kitchen_table,case1,/ssd1/itaein/datasets/RoboCerebra/RoboCerebra_trainset/kitchen_table/case1/demo.hdf5,RoboCerebra_trainset/kitchen_table/case1/demo.hdf5,RoboCerebra_trainset/kitchen_table/case1/case1.mp4,"Prepare a heated macaroni and cheese meal by combining macaroni_and_cheese and butter in a white_bowl, then heating it in a microwave from the top_side.",3201,10,True,True,True,True,True,True,True,True,True,True,,2697542909cca65a7db8d7bb56cf1913e03e0691427917e2f2877fecc5398b67,79,float64,7,float64
kitchen_table/case2,kitchen_table,case2,/ssd1/itaein/datasets/RoboCerebra/RoboCerebra_trainset/kitchen_table/case2/demo.hdf5,RoboCerebra_trainset/kitchen_table/case2/demo.hdf5,RoboCerebra_trainset/kitchen_table/case2/case2.mp4,"Prepare a mixed snack and drink arrangement by combining cream cheese, salad dressing, and popcorn in a white bowl for the snack, while pouring wine from a wine bottle into a porcelain mug for the drink and placing the mug onto a rack.",4405,16,True,True,True,True,True,True,True,True,True,True,,531184624f784fd8716f57549712f64cf21c7c3ea5ff89f264d1197b06ff2ac3,129,float64,7,float64
kitchen_table/case3,kitchen_table,case3,/ssd1/itaein/datasets/RoboCerebra/RoboCerebra_trainset/kitchen_table/case3/demo.hdf5,RoboCerebra_trainset/kitchen_table/case3/demo.hdf5,RoboCerebra_trainset/kitchen_table/case3/case3.mp4,"Prepare a warm dessert dish by assembling chocolate pudding and tomato sauce on a plate, retrieving necessary tools like a moka pot and microwave, and heating the dessert in the microwave.",3103,12,True,True,True,True,True,True,True,True,True,True,,1b374ac16465928663f1f5383de5e9762800c7590e8f33c3f8a18ee212a40346,92,float64,7,float64
kitchen_table/case4,kitchen_table,case4,/ssd1/itaein/datasets/RoboCerebra/RoboCerebra_trainset/kitchen_table/case4/demo.hdf5,RoboCerebra_trainset/kitchen_table/case4/demo.hdf5,RoboCerebra_trainset/kitchen_table/case4/case4.mp4,"Organize kitchen items by storing the wine_bottle in the wine_rack's top_region, the chefmate_8_frypan on the wooden_two_layer_shelf's top_region, and the red_coffee_mug in the short_fridge's middle_region after retrieving them from the kitchen_table.",2816,7,True,True,True,True,True,True,True,True,True,True,,e95b9f3e5701e1e01e33c4a3bd00ef111c25578e73a3e882524808885a42e5c2,73,float64,7,float64
kitchen_table/case5,kitchen_table,case5,/ssd1/itaein/datasets/RoboCerebra/RoboCerebra_trainset/kitchen_table/case5/demo.hdf5,RoboCerebra_trainset/kitchen_table/case5/demo.hdf5,RoboCerebra_trainset/kitchen_table/case5/case5.mp4,"Prepare a heated snack by cooking popcorn in a frypan on the flat stove, serving cookies on a plate, and pouring wine into a coffee mug as a beverage.",2876,12,True,True,True,True,True,True,True,True,True,True,,fdfbcb0302562332ea3ebe01473bca96809802236a3bf9889e229cb8daca0d13,118,float64,7,float64
kitchen_table/case6,kitchen_table,case6,/ssd1/itaein/datasets/RoboCerebra/RoboCerebra_trainset/kitchen_table/case6/demo.hdf5,RoboCerebra_trainset/kitchen_table/case6/demo.hdf5,RoboCerebra_trainset/kitchen_table/case6/case6.mp4,"The task involves reorganizing food items and kitchen tools by transferring cookies from the kitchen table to the top region of the short cabinet, wine bottle from the kitchen table to the middle region of the short fridge, pouring orange juice and BBQ sauce onto a wooden tray, placing a moka pot onto the left region of a bowl drainer, and positioning a red coffee mug next to the wooden tray to ensure easier access and improved arrangement.",5841,16,True,True,True,True,True,True,True,True,True,True,,5a198fed5662e8b0f24de3885bf0ab6edb3bbd92674ef4fbd5c62fc7fd65ae90,131,float64,7,float64
kitchen_table/case7,kitchen_table,case7,/ssd1/itaein/datasets/RoboCerebra/RoboCerebra_trainset/kitchen_table/case7/demo.hdf5,RoboCerebra_trainset/kitchen_table/case7/demo.hdf5,RoboCerebra_trainset/kitchen_table/case7/case7.mp4,"Organize a light snack and drink setup by preparing items including pouring orange juice into a porcelain mug, arranging cookies in a black bowl, placing popcorn and wine on the dining setup, heating a moka pot on a flat stove, and opening a white storage box from its top side.",3514,13,True,True,True,True,True,True,True,True,True,True,,4599906699659c477ceeb87da6356fb13bca4b43540d5da97f0ebd83d71acd6e,125,float64,7,float64
kitchen_table/case8,kitchen_table,case8,/ssd1/itaein/datasets/RoboCerebra/RoboCerebra_trainset/kitchen_table/case8/demo.hdf5,RoboCerebra_trainset/kitchen_table/case8/demo.hdf5,RoboCerebra_trainset/kitchen_table/case8/case8.mp4,"Refrigerate the chocolate_pudding, reorganize kitchen items (chefmate_8_frypan and akita_black_bowl) into the wooden_shelf and white_storage_box respectively, and pour out the orange_juice onto the wooden_shelf.",3725,10,True,True,True,True,True,True,True,True,True,True,,6ae4cf79ab0da0952517239be8d3e2d655f30221e82909c1f52fa43e219e2d04,86,float64,7,float64
kitchen_table/case9,kitchen_table,case9,/ssd1/itaein/datasets/RoboCerebra/RoboCerebra_trainset/kitchen_table/case9/demo.hdf5,RoboCerebra_trainset/kitchen_table/case9/demo.hdf5,RoboCerebra_trainset/kitchen_table/case9/case9.mp4,"Organize kitchen items by retrieving butter from the wooden_cabinet and placing it on the kitchen_table, preparing the microwave by placing macaroni_and_cheese inside, and storing the chefmate_8_frypan on the wooden_shelf.",3417,8,True,True,True,True,True,True,True,True,True,True,,d69dd91d126a6ec74c0b4304135de079f4e6101eacf36d94a550444216817e93,79,float64,7,float64
kitchen_table/case10,kitchen_table,case10,/ssd1/itaein/datasets/RoboCerebra/RoboCerebra_trainset/kitchen_table/case10/demo.hdf5,RoboCerebra_trainset/kitchen_table/case10/demo.hdf5,RoboCerebra_trainset/kitchen_table/case10/case10.mp4,"Prepare a simple dish by combining tomato sauce and macaroni and cheese in a chefmate 8"" frypan and pour wine from a wine bottle into a red coffee mug as a beverage.",2447,9,True,True,True,True,True,True,True,True,True,True,,b8f5251a1062678064717691b4fb32923195050e22aa074fd88310f03fae2fdb,103,float64,7,float64
kitchen_table/case11,kitchen_table,case11,/ssd1/itaein/datasets/RoboCerebra/RoboCerebra_trainset/kitchen_table/case11/demo.hdf5,RoboCerebra_trainset/kitchen_table/case11/demo.hdf5,RoboCerebra_trainset/kitchen_table/case11/case11.mp4,"The task involves using a robotic arm to rearrange kitchen items by moving, gripping, transporting, and placing the chefmate_8_frypan into the white_cabinet, repositioning and pouring wine onto the wooden_tray on the kitchen_table, and opening the microwave, demonstrating precise manipulation of objects.",3549,7,True,True,True,True,True,True,True,True,True,True,,15dd3d0e0cc2f699fb3a6f2b86b21c9b10d332253e262286f231ff7b366b0090,79,float64,7,float64
kitchen_table/case12,kitchen_table,case12,/ssd1/itaein/datasets/RoboCerebra/RoboCerebra_trainset/kitchen_table/case12/demo.hdf5,RoboCerebra_trainset/kitchen_table/case12/demo.hdf5,RoboCerebra_trainset/kitchen_table/case12/case12.mp4,"The task involves a robotic arm performing sequential manipulation of kitchen objects—wooden_tray, chefmate_8_frypan, wine_bottle, white_bowl, and plate—to prepare, pour, and transfer ingredients on a kitchen_table for meal preparation.",3326,10,True,False,True,True,True,True,True,True,True,False,gap_or_overlap;frame_assignment_not_exact,665397e92424a7623c438e3069c9c62ad8bb4aadd5bb0421f4a808d2119b69c9,123,float64,7,float64
kitchen_table/case13,kitchen_table,case13,/ssd1/itaein/datasets/RoboCerebra/RoboCerebra_trainset/kitchen_table/case13/demo.hdf5,RoboCerebra_trainset/kitchen_table/case13/demo.hdf5,RoboCerebra_trainset/kitchen_table/case13/case13.mp4,"Prepare milk, tomato_sauce, and orange_juice by transferring each liquid from their respective sources (short_fridge or kitchen_table) into designated containers (white_bowl, glazed_rim_porcelain_ramekin, chefmate_8_frypan) for a creative culinary demonstration.",2387,10,True,True,True,True,True,True,True,True,True,True,,1f4487493e83027c24f0b6e13ab9f3ebf358c7a186e49ff6f649308345b8286a,112,float64,7,float64
kitchen_table/case14,kitchen_table,case14,/ssd1/itaein/datasets/RoboCerebra/RoboCerebra_trainset/kitchen_table/case14/demo.hdf5,RoboCerebra_trainset/kitchen_table/case14/demo.hdf5,RoboCerebra_trainset/kitchen_table/case14/case14.mp4,Organize snacks by placing cookies on a plate into the white cabinet's top region and prepare the microwave for heating by placing a porcelain mug into its heating region.,3304,9,True,True,True,True,True,True,True,True,True,True,,4981b40ee7547738243975749e8140e432614f40bf27b53d5496488069b69709,79,float64,7,float64
kitchen_table/case15,kitchen_table,case15,/ssd1/itaein/datasets/RoboCerebra/RoboCerebra_trainset/kitchen_table/case15/demo.hdf5,RoboCerebra_trainset/kitchen_table/case15/demo.hdf5,RoboCerebra_trainset/kitchen_table/case15/case15.mp4,"Organize a serving layout by retrieving cream_cheese from the white_storage_box, placing it on a plate on the kitchen_table, preparing tomato_sauce in the chefmate_8_frypan, and storing the wine_bottle in the wine_rack.",2495,7,True,True,True,True,True,True,True,True,True,True,,51a3837b4673a236c7c35683d15ed561e10c20f442793c61b4c69075f566657e,97,float64,7,float64
kitchen_table/case16,kitchen_table,case16,/ssd1/itaein/datasets/RoboCerebra/RoboCerebra_trainset/kitchen_table/case16/demo.hdf5,RoboCerebra_trainset/kitchen_table/case16/demo.hdf5,RoboCerebra_trainset/kitchen_table/case16/case16.mp4,Arrange cookies in a black bowl on a wooden tray with a drizzle of ketchup and a wine bottle accent for a serving presentation.,2094,9,True,True,True,True,True,True,True,True,True,True,,566fdf602da7da08e756a88106ecc7385e6282407fa67f6e84abd00d82c0e05d,97,float64,7,float64
kitchen_table/case17,kitchen_table,case17,/ssd1/itaein/datasets/RoboCerebra/RoboCerebra_trainset/kitchen_table/case17/demo.hdf5,RoboCerebra_trainset/kitchen_table/case17/demo.hdf5,RoboCerebra_trainset/kitchen_table/case17/case17.mp4,"The task involves using a chefmate_8_frypan, a wooden_tray, and a basket to organize and transfer chocolate_pudding from the kitchen_table to the basket via the wooden_tray.",1771,6,True,True,True,True,True,True,True,True,True,True,,18032fcdc96ce7429c8b3bbe6b77b3776551cbbda67b0774a6c503144cf68d48,84,float64,7,float64
kitchen_table/case18,kitchen_table,case18,/ssd1/itaein/datasets/RoboCerebra/RoboCerebra_trainset/kitchen_table/case18/demo.hdf5,RoboCerebra_trainset/kitchen_table/case18/demo.hdf5,RoboCerebra_trainset/kitchen_table/case18/case18.mp4,"Prepare a beverage and dessert arrangement by using a white_yellow_mug and a porcelain_mug to mix and serve milk and wine, and placing a chocolate_pudding into a white_storage_box for presentation.",2102,8,True,True,True,True,True,True,True,True,True,True,,3d9fec171634d43b790c9c5ee0658432ada9e0e10f290900b91671259e01e2ba,97,float64,7,float64
kitchen_table/case19,kitchen_table,case19,/ssd1/itaein/datasets/RoboCerebra/RoboCerebra_trainset/kitchen_table/case19/demo.hdf5,RoboCerebra_trainset/kitchen_table/case19/demo.hdf5,RoboCerebra_trainset/kitchen_table/case19/case19.mp4,"The task involves preparing a small serving and setting the stage for cooking by retrieving cream cheese from the kitchen table, placing it on a plate, handling a wine bottle to pour its contents, arranging utensils like a frypan, and turning on the flat stove using objects including a white cabinet, cream cheese, plate, wine bottle, frypan, kitchen table, and flat stove.",2094,7,True,True,True,True,True,True,True,True,True,True,,113289cc60a0220b38384b53700ef8cd9d5b4b0b92eed86947ac0ef85e2df66a,92,float64,7,float64
kitchen_table/case20,kitchen_table,case20,/ssd1/itaein/datasets/RoboCerebra/RoboCerebra_trainset/kitchen_table/case20/demo.hdf5,RoboCerebra_trainset/kitchen_table/case20/demo.hdf5,RoboCerebra_trainset/kitchen_table/case20/case20.mp4,"Set up a wooden tray from the kitchen table as a serving tray by arranging macaroni and cheese, a red coffee mug, and a wine bottle on it after retrieving the items from the table.",1948,7,True,True,True,True,True,True,True,True,True,True,,1d259e3cc17d5762c85f6ccff4bf3fe04d7126f2164f11e0a52714e839df3e8a,86,float64,7,float64
kitchen_table/case21,kitchen_table,case21,/ssd1/itaein/datasets/RoboCerebra/RoboCerebra_trainset/kitchen_table/case21/demo.hdf5,RoboCerebra_trainset/kitchen_table/case21/demo.hdf5,RoboCerebra_trainset/kitchen_table/case21/case21.mp4,"Organize and treat various kitchen items by storing cream_cheese in the wooden_cabinet, disposing of salad_dressing contents, and arranging the chefmate_8_frypan and red_coffee_mug on the kitchen_table.",2222,10,True,True,True,True,True,True,True,True,True,True,,e7f546328823767f1b20fa88ecf64ef069001dc756d077263bd414f973b5c447,90,float64,7,float64
kitchen_table/case22,kitchen_table,case22,/ssd1/itaein/datasets/RoboCerebra/RoboCerebra_trainset/kitchen_table/case22/demo.hdf5,RoboCerebra_trainset/kitchen_table/case22/demo.hdf5,RoboCerebra_trainset/kitchen_table/case22/case22.mp4,"Prepare a creative snack by cooking popcorn in a frypan on a stove, adding salad dressing for flavor, and utilizing objects like a white-yellow mug, a frypan, and a short cabinet.",4048,8,True,True,True,True,True,True,True,True,True,True,,8c6e285a1bd91452609d1f5635bdc1f1f2701c048e08c4dd66ff75e6f4169c00,92,float64,7,float64
kitchen_table/case23,kitchen_table,case23,/ssd1/itaein/datasets/RoboCerebra/RoboCerebra_trainset/kitchen_table/case23/demo.hdf5,RoboCerebra_trainset/kitchen_table/case23/demo.hdf5,RoboCerebra_trainset/kitchen_table/case23/case23.mp4,"Prepare a heated dish by placing a glazed rim porcelain ramekin on a flat stove, adding cream cheese and new salad dressing into the ramekin, and heating it on the stove.",2095,8,True,True,True,True,True,True,True,True,True,True,,79f598829e7043391d02fe72c6175c2bbfb25913114d3149a68cce66fd328269,73,float64,7,float64
kitchen_table/case24,kitchen_table,case24,/ssd1/itaein/datasets/RoboCerebra/RoboCerebra_trainset/kitchen_table/case24/demo.hdf5,RoboCerebra_trainset/kitchen_table/case24/demo.hdf5,RoboCerebra_trainset/kitchen_table/case24/case24.mp4,"Prepare a microwaved macaroni and cheese dish by combining milk and macaroni_and_cheese in a glazed_rim_porcelain_ramekin, placing it in the microwave heating_region, and setting aside a red_coffee_mug on the counter.",2945,8,True,True,True,True,True,True,True,True,True,True,,1ee62892be2589d4d1fa82ba03cf3eb39e3d0c9fcca4a9337c49e53dc62b8b3d,86,float64,7,float64
kitchen_table/case25,kitchen_table,case25,/ssd1/itaein/datasets/RoboCerebra/RoboCerebra_trainset/kitchen_table/case25/demo.hdf5,RoboCerebra_trainset/kitchen_table/case25/demo.hdf5,RoboCerebra_trainset/kitchen_table/case25/case25.mp4,"The task involves organizing serving preparation by using a short_cabinet, microwave, white_bowl, orange_juice, salad_dressing, and kitchen_table to prepare and place items as required for serving.",3441,9,True,True,True,True,True,True,True,True,True,True,,1f5781d10a487873550b3792e1a15347c0e877875a93d677531e35685992c9b6,79,float64,7,float64
kitchen_table/case26,kitchen_table,case26,/ssd1/itaein/datasets/RoboCerebra/RoboCerebra_trainset/kitchen_table/case26/demo.hdf5,RoboCerebra_trainset/kitchen_table/case26/demo.hdf5,RoboCerebra_trainset/kitchen_table/case26/case26.mp4,"Prepare a dessert bowl by pouring chocolate pudding and butter into a white bowl, and store it in the middle region of the short fridge.",2496,9,True,True,True,True,True,True,True,True,True,True,,232b464a9acc8a332de01be70748556b7d998cfcca507780d22dbeae5ddd6aa5,73,float64,7,float64
kitchen_table/case27,kitchen_table,case27,/ssd1/itaein/datasets/RoboCerebra/RoboCerebra_trainset/kitchen_table/case27/demo.hdf5,RoboCerebra_trainset/kitchen_table/case27/demo.hdf5,RoboCerebra_trainset/kitchen_table/case27/case27.mp4,"Prepare a snack by combining cream cheese and milk in the akita_black_bowl, placed on a plate, and setting a bowl_drainer next to it on the kitchen_table.",1441,7,True,True,True,True,True,True,True,True,True,True,,df5cddb5c32ecde6ec94da533d693cfc71ad4fecc50a1c1feba609c50bec743f,84,float64,7,float64
kitchen_table/case28,kitchen_table,case28,/ssd1/itaein/datasets/RoboCerebra/RoboCerebra_trainset/kitchen_table/case28/demo.hdf5,RoboCerebra_trainset/kitchen_table/case28/demo.hdf5,RoboCerebra_trainset/kitchen_table/case28/case28.mp4,Prepare and serve a dish by heating macaroni and cheese in a chefmate_8_frypan and transferring it to a plate fetched from the kitchen table.,746,4,True,True,True,True,True,True,True,True,True,True,,d76d507cb63d3bc9fc831a238d3f76080572e58e14a9c7c7af79fe4df1feb9c1,71,float64,7,float64
kitchen_table/case29,kitchen_table,case29,/ssd1/itaein/datasets/RoboCerebra/RoboCerebra_trainset/kitchen_table/case29/demo.hdf5,RoboCerebra_trainset/kitchen_table/case29/demo.hdf5,RoboCerebra_trainset/kitchen_table/case29/case29.mp4,"The task involves organizing a coffee station and appetizers by arranging items such as a porcelain mug, moka pot, milk, wine bottle, ramekin, bowl drainer, salad dressing, and tomato sauce on specified storage surfaces, including a white cabinet, kitchen table, and wooden two-layer shelf.",3288,14,True,True,True,True,True,True,True,True,True,True,,2c2df6a84855f9c8d671d9200249006c41d9f8795e56bd248664ab1f7ef83c31,129,float64,7,float64
kitchen_table/case30,kitchen_table,case30,/ssd1/itaein/datasets/RoboCerebra/RoboCerebra_trainset/kitchen_table/case30/demo.hdf5,RoboCerebra_trainset/kitchen_table/case30/demo.hdf5,RoboCerebra_trainset/kitchen_table/case30/case30.mp4,"Prepare a dish by placing chocolate pudding and BBQ sauce onto a plate, then transferring the plate to a basket, while storing a frypan on a wooden two-layer shelf.",2816,10,True,True,True,True,True,True,True,True,True,True,,e933a34e81f34a69567481c7e51ad2749fc675a246c9110e3d20a6160b021aff,97,float64,7,float64
kitchen_table/case31,kitchen_table,case31,/ssd1/itaein/datasets/RoboCerebra/RoboCerebra_trainset/kitchen_table/case31/demo.hdf5,RoboCerebra_trainset/kitchen_table/case31/demo.hdf5,RoboCerebra_trainset/kitchen_table/case31/case31.mp4,Combine cream cheese and tomato sauce in the akita black bowl to prepare a cream cheese dip.,864,5,True,True,True,True,True,True,True,True,True,True,,4b465b32560054d15a0cf25075d1aa2e9b63aef666314a3635a6548705121fd9,71,float64,7,float64
kitchen_table/case32,kitchen_table,case32,/ssd1/itaein/datasets/RoboCerebra/RoboCerebra_trainset/kitchen_table/case32/demo.hdf5,RoboCerebra_trainset/kitchen_table/case32/demo.hdf5,RoboCerebra_trainset/kitchen_table/case32/case32.mp4,The task involves preparing a snack by combining popcorn and butter in a frypan and serving milk in a coffee mug as a drink.,1699,7,True,True,True,True,True,True,True,True,True,True,,c2beba8b1ebf410891206e46db24dfc9a29d8e8ba805b6db18ca13f7fa9528b2,97,float64,7,float64
kitchen_table/case33,kitchen_table,case33,/ssd1/itaein/datasets/RoboCerebra/RoboCerebra_trainset/kitchen_table/case33/demo.hdf5,RoboCerebra_trainset/kitchen_table/case33/demo.hdf5,RoboCerebra_trainset/kitchen_table/case33/case33.mp4,"Arrange the chocolate_pudding, red_coffee_mug, akita_black_bowl, and milk on the wooden_tray, with the milk placed inside the akita_black_bowl, to prepare a chocolate pudding dessert.",1843,8,True,True,True,True,True,True,True,True,True,True,,625fa67990d9422272e70486a4ba756127d07412050efdb1a501c876f4a377e3,97,float64,7,float64
kitchen_table/case34,kitchen_table,case34,/ssd1/itaein/datasets/RoboCerebra/RoboCerebra_trainset/kitchen_table/case34/demo.hdf5,RoboCerebra_trainset/kitchen_table/case34/demo.hdf5,RoboCerebra_trainset/kitchen_table/case34/case34.mp4,"Arrange items such as a glazed rim porcelain ramekin, popcorn, salad dressing, orange juice, moka pot, and wine bottle in specific locations and prepare them for snack and beverage serving by organizing and using related objects like a bowl drainer, red coffee mug, flat stove, and basket.",3604,15,True,True,True,True,True,True,True,True,True,True,,07188a46dbeb9746b4ca218dcc918bc505d2356ce91b5ac7fde977b63d236075,138,float64,7,float64
kitchen_table/case35,kitchen_table,case35,/ssd1/itaein/datasets/RoboCerebra/RoboCerebra_trainset/kitchen_table/case35/demo.hdf5,RoboCerebra_trainset/kitchen_table/case35/demo.hdf5,RoboCerebra_trainset/kitchen_table/case35/case35.mp4,"Assemble a picnic basket by retrieving a basket from the white cabinet, and methodically placing alphabet soup, BBQ sauce, and a wine bottle from the kitchen table into the basket's contain region.",1390,6,True,True,True,True,True,True,True,True,True,True,,7429f76d6cdf9a77427ed8eb60b2718b7f1d795a54cf1d850ce03ec10402e32a,90,float64,7,float64
kitchen_table/case36,kitchen_table,case36,/ssd1/itaein/datasets/RoboCerebra/RoboCerebra_trainset/kitchen_table/case36/demo.hdf5,RoboCerebra_trainset/kitchen_table/case36/demo.hdf5,RoboCerebra_trainset/kitchen_table/case36/case36.mp4,"Organize a snack and drink setup by storing cookies and butter in a white storage box, pouring orange juice into a red coffee mug, and placing it back on the kitchen table, while relocating a wine bottle to the wooden shelf.",2819,9,True,True,True,True,True,True,True,True,True,True,,165997b13f378dae0e3415e0c1e64571f6a19a8a86e7573c847b3a6e8b64efcf,97,float64,7,float64
kitchen_table/case37,kitchen_table,case37,/ssd1/itaein/datasets/RoboCerebra/RoboCerebra_trainset/kitchen_table/case37/demo.hdf5,RoboCerebra_trainset/kitchen_table/case37/demo.hdf5,RoboCerebra_trainset/kitchen_table/case37/case37.mp4,"Prepare a snack by placing popcorn in a plate and cream cheese in a white bowl, using a plate, a white bowl, popcorn, and cream cheese on the kitchen table.",1320,8,True,True,True,True,True,True,True,True,True,True,,61844d885388f91c8ffab7628c5b958780f2e1ec2f8e70aa14ec2ac3bcd5b58e,84,float64,7,float64
kitchen_table/case38,kitchen_table,case38,/ssd1/itaein/datasets/RoboCerebra/RoboCerebra_trainset/kitchen_table/case38/demo.hdf5,RoboCerebra_trainset/kitchen_table/case38/demo.hdf5,RoboCerebra_trainset/kitchen_table/case38/case38.mp4,"The task involves preparing a bowl of macaroni and cheese with BBQ sauce by transferring the macaroni and cheese and BBQ sauce into an akita_black_bowl, temporarily storing the bowl in the white_cabinet, and then placing it back on the kitchen_table.",3073,11,True,True,True,True,True,True,True,True,True,True,,7473ea0035d9a46b1953aefa0b153882a22e26c7228970eb9a4077ceeb8be1b4,77,float64,7,float64
kitchen_table/case39,kitchen_table,case39,/ssd1/itaein/datasets/RoboCerebra/RoboCerebra_trainset/kitchen_table/case39/demo.hdf5,RoboCerebra_trainset/kitchen_table/case39/demo.hdf5,RoboCerebra_trainset/kitchen_table/case39/case39.mp4,"Prepare a meal by mixing orange juice and salad dressing in a white bowl, and store the white-yellow mug on a wooden shelf and the white bowl in a bowl drainer.",1915,10,True,True,True,True,True,True,True,True,True,True,,de55596338bb423544b8cc826e2f0301990d1005885c130ad593f3a813ac3af9,84,float64,7,float64
kitchen_table/case40,kitchen_table,case40,/ssd1/itaein/datasets/RoboCerebra/RoboCerebra_trainset/kitchen_table/case40/demo.hdf5,RoboCerebra_trainset/kitchen_table/case40/demo.hdf5,RoboCerebra_trainset/kitchen_table/case40/case40.mp4,"The task involves using a gripper to prepare beverages by pouring orange juice into a red coffee mug and milk into a porcelain mug, followed by organizing kitchen items like placing a moka pot on a rack and a wine bottle on a wooden shelf.",2517,10,True,True,True,True,True,True,True,True,True,True,,1b372b5d0711a5252f5a44193b021f29856b3063746b426d0d43b7f484ab7256,123,float64,7,float64
kitchen_table/case41,kitchen_table,case41,/ssd1/itaein/datasets/RoboCerebra/RoboCerebra_trainset/kitchen_table/case41/demo.hdf5,RoboCerebra_trainset/kitchen_table/case41/demo.hdf5,RoboCerebra_trainset/kitchen_table/case41/case41.mp4,"The task involves organizing cookies and a glazed rim porcelain ramekin into specific regions of a short cabinet, pouring orange juice into a porcelain mug, and placing the mug back on the kitchen table to prepare a snack and drink.",3343,11,True,True,True,True,True,True,True,True,True,True,,bad9c73593b6522d91622f94b3e8c7a29f4931102a1e28c55d41bf9c703e41e5,90,float64,7,float64
kitchen_table/case42,kitchen_table,case42,/ssd1/itaein/datasets/RoboCerebra/RoboCerebra_trainset/kitchen_table/case42/demo.hdf5,RoboCerebra_trainset/kitchen_table/case42/demo.hdf5,RoboCerebra_trainset/kitchen_table/case42/case42.mp4,"Prepare a snack by combining popcorn and cream_cheese in a white_bowl and arranging additional items, including a red_coffee_mug and a wine_bottle, on the dining table.",2457,10,True,True,True,True,True,True,True,True,True,True,,3024352b7ee126e0b3595678b1079adab40d6f82ad67aa167c40de20fbbc1bec,97,float64,7,float64
kitchen_table/case43,kitchen_table,case43,/ssd1/itaein/datasets/RoboCerebra/RoboCerebra_trainset/kitchen_table/case43/demo.hdf5,RoboCerebra_trainset/kitchen_table/case43/demo.hdf5,RoboCerebra_trainset/kitchen_table/case43/case43.mp4,"Organize butter, cream cheese, a wooden tray, a frypan, and salad dressing from the kitchen table onto specific locations to prepare a snack setup.",1027,6,True,True,True,True,True,True,True,True,True,True,,7656d79d5c9b2d4d79af1021910d858b30eeb803e339b862aef020d5d73db55d,97,float64,7,float64
kitchen_table/case44,kitchen_table,case44,/ssd1/itaein/datasets/RoboCerebra/RoboCerebra_trainset/kitchen_table/case44/demo.hdf5,RoboCerebra_trainset/kitchen_table/case44/demo.hdf5,RoboCerebra_trainset/kitchen_table/case44/case44.mp4,"Prepare a meal by combining butter in a white bowl and new salad dressing on a plate, using the kitchen table to organize and handle the items.",1086,6,True,True,True,True,True,True,True,True,True,True,,0ea73abf7e7f03662b245397d27b2966fe649286b2dbe02be59aef3a5c6b4694,84,float64,7,float64
kitchen_table/case45,kitchen_table,case45,/ssd1/itaein/datasets/RoboCerebra/RoboCerebra_trainset/kitchen_table/case45/demo.hdf5,RoboCerebra_trainset/kitchen_table/case45/demo.hdf5,RoboCerebra_trainset/kitchen_table/case45/case45.mp4,"The task involves preparing and serving chocolate pudding in a white bowl and orange juice in a red coffee mug, using related kitchen objects and storing unused items in a white cabinet.",1846,9,True,True,True,True,True,True,True,True,True,True,,9d7713b486db68cde12c8b1f44b51e3f1a3a9337b362babc31d4d08abcf6d2c0,90,float64,7,float64
kitchen_table/case46,kitchen_table,case46,/ssd1/itaein/datasets/RoboCerebra/RoboCerebra_trainset/kitchen_table/case46/demo.hdf5,RoboCerebra_trainset/kitchen_table/case46/demo.hdf5,RoboCerebra_trainset/kitchen_table/case46/case46.mp4,"Chill a plate by pouring desired amounts of BBQ sauce, salad dressing, and tomato sauce onto it, then placing the plate in the lower region of a short fridge.",3477,13,True,True,True,True,True,True,True,True,True,True,,526d3e5dda20f89e6e6fa3bc49d4c904d8b4edc758aa3b211079c39494b43487,86,float64,7,float64
kitchen_table/case47,kitchen_table,case47,/ssd1/itaein/datasets/RoboCerebra/RoboCerebra_trainset/kitchen_table/case47/demo.hdf5,RoboCerebra_trainset/kitchen_table/case47/demo.hdf5,RoboCerebra_trainset/kitchen_table/case47/case47.mp4,"Prepare a plate by placing cream cheese and chocolate pudding on it, starting from the kitchen table and moving the plate to the bowl drainer for assembly.",1709,7,True,True,True,True,True,True,True,True,True,True,,532ba19e5151f4f1e17b360f0361612071bda9af611190d85f6286b499942b02,71,float64,7,float64
kitchen_table/case48,kitchen_table,case48,/ssd1/itaein/datasets/RoboCerebra/RoboCerebra_trainset/kitchen_table/case48/demo.hdf5,RoboCerebra_trainset/kitchen_table/case48/demo.hdf5,RoboCerebra_trainset/kitchen_table/case48/case48.mp4,"Prepare a snack by combining chocolate pudding, butter, and cream cheese in an akita_black_bowl, and placing the bowl with contents into a basket for later use.",1967,13,True,True,True,True,True,True,True,True,True,True,,d0c441ac2689b0479e6d6bbdd01c4a31e7087e293ddc9c37d5982ac61380ca8b,97,float64,7,float64
kitchen_table/case49,kitchen_table,case49,/ssd1/itaein/datasets/RoboCerebra/RoboCerebra_trainset/kitchen_table/case49/demo.hdf5,RoboCerebra_trainset/kitchen_table/case49/demo.hdf5,RoboCerebra_trainset/kitchen_table/case49/case49.mp4,"Organize a breakfast setup by transferring the red_coffee_mug, orange_juice, white_yellow_mug, and salad_dressing from the kitchen_table to the dining_set_group, and relocating the wine_bottle to the wooden_cabinet middle_region.",3237,11,True,True,True,True,True,True,True,True,True,True,,9bea9f5b75e62c4d01c671a371cc0415bae43fe20ffaa9e702adc1b3344c72ae,103,float64,7,float64
kitchen_table/case50,kitchen_table,case50,/ssd1/itaein/datasets/RoboCerebra/RoboCerebra_trainset/kitchen_table/case50/demo.hdf5,RoboCerebra_trainset/kitchen_table/case50/demo.hdf5,RoboCerebra_trainset/kitchen_table/case50/case50.mp4,"Prepare a meal by arranging a plate with salad dressing on the bowl drainer, storing a wine bottle in the wine rack, and setting a red coffee mug on the dining set group.",2248,8,True,True,True,True,True,True,True,True,True,True,,62eb52ceaaa2add6e4d8d079bdff7ebe2c53b8bd9cb92bfa05e8520ce513effb,84,float64,7,float64
kitchen_table/case51,kitchen_table,case51,/ssd1/itaein/datasets/RoboCerebra/RoboCerebra_trainset/kitchen_table/case51/demo.hdf5,RoboCerebra_trainset/kitchen_table/case51/demo.hdf5,RoboCerebra_trainset/kitchen_table/case51/case51.mp4,"The task involves mixing wine and orange juice into an akita_black_bowl for serving, repositioning related containers, and organizing additional objects like a white_yellow_mug into the white_cabinet.",2766,12,True,True,True,True,True,True,True,True,True,True,,bdf76644d24cb5fa2f5ceb7fd9c20664f4bd67d4fb6473d1b5a11d1cdae1b17a,90,float64,7,float64
kitchen_table/case52,kitchen_table,case52,/ssd1/itaein/datasets/RoboCerebra/RoboCerebra_trainset/kitchen_table/case52/demo.hdf5,RoboCerebra_trainset/kitchen_table/case52/demo.hdf5,RoboCerebra_trainset/kitchen_table/case52/case52.mp4,"Prepare a snack by combining cookies and BBQ sauce in a white bowl, placing it into an Akita black bowl, and setting the black bowl on a wooden tray.",2388,11,True,True,True,True,True,True,True,True,True,True,,e376e000b81142610c18587b504a56c4ebc2306364feeaab3498bbb2c7d8ddeb,97,float64,7,float64
kitchen_table/case53,kitchen_table,case53,/ssd1/itaein/datasets/RoboCerebra/RoboCerebra_trainset/kitchen_table/case53/demo.hdf5,RoboCerebra_trainset/kitchen_table/case53/demo.hdf5,RoboCerebra_trainset/kitchen_table/case53/case53.mp4,"The task involves preparing a meal by picking up macaroni and cheese, alphabet soup, and orange juice from the kitchen table and placing them on a plate for serving.",2127,8,True,True,True,True,True,True,True,True,True,True,,32f8adf799e3df6a1befd31b76d6ad259609de97bd6d84ad764d9ccb2812898f,84,float64,7,float64
kitchen_table/case54,kitchen_table,case54,/ssd1/itaein/datasets/RoboCerebra/RoboCerebra_trainset/kitchen_table/case54/demo.hdf5,RoboCerebra_trainset/kitchen_table/case54/demo.hdf5,RoboCerebra_trainset/kitchen_table/case54/case54.mp4,"The task involves preparing a meal by using butter, a chefmate_8_frypan, a flat_stove, and tomato_sauce to cook and then placing the cooking frypan with ingredients back on the kitchen table.",2446,11,True,True,True,True,True,True,True,True,True,True,,797d7e2518f1f64da2a6e39d2fd527c640aaadff459d47b2a3e1670cfe60c51e,73,float64,7,float64
kitchen_table/case55,kitchen_table,case55,/ssd1/itaein/datasets/RoboCerebra/RoboCerebra_trainset/kitchen_table/case55/demo.hdf5,RoboCerebra_trainset/kitchen_table/case55/demo.hdf5,RoboCerebra_trainset/kitchen_table/case55/case55.mp4,"The task involves preparing a meal by combining macaroni and cheese, BBQ sauce, and salad dressing in a white bowl and placing it onto a wooden two-layer shelf.",2701,11,True,True,True,True,True,True,True,True,True,True,,516673fb3b4e4328efb4aeb9c01af463db9d82be222a4dca86d2a7b75fdd1b1a,84,float64,7,float64
kitchen_table/case56,kitchen_table,case56,/ssd1/itaein/datasets/RoboCerebra/RoboCerebra_trainset/kitchen_table/case56/demo.hdf5,RoboCerebra_trainset/kitchen_table/case56/demo.hdf5,RoboCerebra_trainset/kitchen_table/case56/case56.mp4,"The task involves preparing a white bowl of milk mixed with BBQ sauce using a white bowl, milk, and BBQ sauce, and then returning the moka pot to the rack after the preparation.",2301,10,True,True,True,True,True,True,True,True,True,True,,42c93d4fbb09e7ebd1d1bc7fd0523fc910b4fb2cf68d45f4b237445caeed7990,97,float64,7,float64
kitchen_table/case57,kitchen_table,case57,/ssd1/itaein/datasets/RoboCerebra/RoboCerebra_trainset/kitchen_table/case57/demo.hdf5,RoboCerebra_trainset/kitchen_table/case57/demo.hdf5,RoboCerebra_trainset/kitchen_table/case57/case57.mp4,"Prepare a movie night snack by combining butter and tomato sauce in a white bowl, then storing it in the middle region of a wooden cabinet.",2456,15,True,True,True,True,True,True,True,True,True,True,,3fbc43bb2cc568674ce23dace461fe3867c1a3e6c8607f4419cc9f9a5bee4366,90,float64,7,float64
kitchen_table/case58,kitchen_table,case58,/ssd1/itaein/datasets/RoboCerebra/RoboCerebra_trainset/kitchen_table/case58/demo.hdf5,RoboCerebra_trainset/kitchen_table/case58/demo.hdf5,RoboCerebra_trainset/kitchen_table/case58/case58.mp4,"Prepare a snack by gathering cookies, chocolate pudding, an Akita black bowl, and a wine bottle from the kitchen table and placing them onto a wooden tray for later use.",1833,8,True,True,True,True,True,True,True,True,True,True,,1f8a64c330b1c2985bdfbb2e57f4a976a1645de3c0288e6003af654858d8976a,97,float64,7,float64
kitchen_table/case59,kitchen_table,case59,/ssd1/itaein/datasets/RoboCerebra/RoboCerebra_trainset/kitchen_table/case59/demo.hdf5,RoboCerebra_trainset/kitchen_table/case59/demo.hdf5,RoboCerebra_trainset/kitchen_table/case59/case59.mp4,"Prepare a hot milk coffee using a moka pot and white-yellow mug, and serve cookies on a plate, all sourced and arranged from the kitchen table and flat stove.",2272,8,True,True,True,True,True,True,True,True,True,True,,b15c9a6c1bdee84814cb0d95ca872ae814834d403e678e4838a6f4dfccf625db,99,float64,7,float64
kitchen_table/case60,kitchen_table,case60,/ssd1/itaein/datasets/RoboCerebra/RoboCerebra_trainset/kitchen_table/case60/demo.hdf5,RoboCerebra_trainset/kitchen_table/case60/demo.hdf5,RoboCerebra_trainset/kitchen_table/case60/case60.mp4,"The task is to prepare a snack by heating popcorn in a microwave and serving it with wine poured into a white-yellow mug, using objects such as the microwave, popcorn, kitchen table, wine bottle, and mug to complete the process step-by-step.",3198,10,True,True,True,True,True,True,True,True,True,True,,c9bcb8f32fcc0ef8d2063bd4d6f04579c5960ad96a93c8ddb97a676a85211042,73,float64,7,float64
kitchen_table/case61,kitchen_table,case61,/ssd1/itaein/datasets/RoboCerebra/RoboCerebra_trainset/kitchen_table/case61/demo.hdf5,RoboCerebra_trainset/kitchen_table/case61/demo.hdf5,RoboCerebra_trainset/kitchen_table/case61/case61.mp4,"The task involves preparing ingredients by transferring cream_cheese and butter into the akita_black_bowl, placing tomato_sauce onto the kitchen_table and then pouring it into the chefmate_8_frypan positioned on the flat_stove.",1821,10,True,True,True,True,True,True,True,True,True,True,,cdaddd283d42f19fabe7f929ffdbefe3fef537aa179b9ecc7342cb321f63ca32,99,float64,7,float64
kitchen_table/case62,kitchen_table,case62,/ssd1/itaein/datasets/RoboCerebra/RoboCerebra_trainset/kitchen_table/case62/demo.hdf5,RoboCerebra_trainset/kitchen_table/case62/demo.hdf5,RoboCerebra_trainset/kitchen_table/case62/case62.mp4,"Prepare a meal by combining cream cheese and butter into a white bowl, placing the bowl onto a wooden tray, and transporting the tray to the dining set group.",1519,10,True,True,True,True,True,True,True,True,True,True,,dfbe4511fd050bdbf513978db6fb10f7985eb57c18dd81f5340350ec70e8d5f0,84,float64,7,float64
kitchen_table/case63,kitchen_table,case63,/ssd1/itaein/datasets/RoboCerebra/RoboCerebra_trainset/kitchen_table/case63/demo.hdf5,RoboCerebra_trainset/kitchen_table/case63/demo.hdf5,RoboCerebra_trainset/kitchen_table/case63/case63.mp4,"Prepare a meal by mixing popcorn with BBQ and tomato sauces in a white bowl and placing the completed dish on the kitchen table, while also handling a porcelain mug.",1782,10,True,True,True,True,True,True,True,True,True,True,,828d28117cc1035a6da3291d1ed7ff6a4b6fc6f38c331397c4de7c936dca0f04,97,float64,7,float64
kitchen_table/case64,kitchen_table,case64,/ssd1/itaein/datasets/RoboCerebra/RoboCerebra_trainset/kitchen_table/case64/demo.hdf5,RoboCerebra_trainset/kitchen_table/case64/demo.hdf5,RoboCerebra_trainset/kitchen_table/case64/case64.mp4,"Prepare a snack by placing chocolate pudding and cookies into a white bowl, while organizing the red coffee mug on the wooden two-layer shelf and the wine bottle on the short cabinet.",2335,11,True,True,True,True,True,True,True,True,True,True,,3dfcc8e7120db2fb182900af02bd1dc326bf764e0dcbb631f705913f6686b1e5,103,float64,7,float64
kitchen_table/case65,kitchen_table,case65,/ssd1/itaein/datasets/RoboCerebra/RoboCerebra_trainset/kitchen_table/case65/demo.hdf5,RoboCerebra_trainset/kitchen_table/case65/demo.hdf5,RoboCerebra_trainset/kitchen_table/case65/case65.mp4,"Prepare a snack by combining macaroni and cheese, cream cheese, and salad dressing on a plate and then placing the plate on a wooden shelf.",4203,12,True,True,True,True,True,True,True,True,True,True,,57fa85e72cf0486821141916965c0dd05bdc4ddf65cfe9e2ce47a2b4b5600342,90,float64,7,float64
kitchen_table/case66,kitchen_table,case66,/ssd1/itaein/datasets/RoboCerebra/RoboCerebra_trainset/kitchen_table/case66/demo.hdf5,RoboCerebra_trainset/kitchen_table/case66/demo.hdf5,RoboCerebra_trainset/kitchen_table/case66/case66.mp4,"The task involves preparing a drink by pouring milk into a porcelain mug and a snack by pouring ketchup into a white bowl, then placing both the mug and bowl on the top region of a wooden two-layer shelf.",3812,9,True,True,True,True,True,True,True,True,True,True,,99c8eed7db616b3f448272692a7ed43d664011a5e42b6c2537168688c32a57b7,84,float64,7,float64
kitchen_table/case67,kitchen_table,case67,/ssd1/itaein/datasets/RoboCerebra/RoboCerebra_trainset/kitchen_table/case67/demo.hdf5,RoboCerebra_trainset/kitchen_table/case67/demo.hdf5,RoboCerebra_trainset/kitchen_table/case67/case67.mp4,"The task involves preparing a meal by combining macaroni and cheese with milk on a plate, transferring it to a frypan, and heating the mixture using the frypan.",2535,8,True,True,True,True,True,True,True,True,True,True,,fe8a5996b13dabd93b61e6a462017d246f14d3b8cafcbd19d78f7b9bb45b7868,84,float64,7,float64
kitchen_table/case68,kitchen_table,case68,/ssd1/itaein/datasets/RoboCerebra/RoboCerebra_trainset/kitchen_table/case68/demo.hdf5,RoboCerebra_trainset/kitchen_table/case68/demo.hdf5,RoboCerebra_trainset/kitchen_table/case68/case68.mp4,"Prepare a simple meal by placing macaroni and cheese on a plate, moving butter to a wooden shelf, and finally placing the plate with macaroni and cheese on the wooden shelf's top region.",2570,7,True,True,True,True,True,True,True,True,True,True,,305a42f44258c7a8362f2c92cc47a189f0597c2fcd9f692dc4ec03ce15a39c34,71,float64,7,float64
kitchen_table/case69,kitchen_table,case69,/ssd1/itaein/datasets/RoboCerebra/RoboCerebra_trainset/kitchen_table/case69/demo.hdf5,RoboCerebra_trainset/kitchen_table/case69/demo.hdf5,RoboCerebra_trainset/kitchen_table/case69/case69.mp4,"Prepare two snack servings by placing popcorn in a white bowl and chocolate pudding in an Akita black bowl, then storing them both in the middle region of the white cabinet.",3234,14,True,True,True,True,True,True,True,True,True,True,,d939fdac11cca6547cdef0842189d7a1177fcdd8e8b643b2f234ae2aa3a1a3bd,90,float64,7,float64
kitchen_table/case70,kitchen_table,case70,/ssd1/itaein/datasets/RoboCerebra/RoboCerebra_trainset/kitchen_table/case70/demo.hdf5,RoboCerebra_trainset/kitchen_table/case70/demo.hdf5,RoboCerebra_trainset/kitchen_table/case70/case70.mp4,"Organize the kitchen for meal service by transferring the salad_dressing, tomato_sauce, butter, red_coffee_mug, and porcelain_mug from the kitchen_table to their designated storage regions inside the white_cabinet.",3078,11,True,True,True,True,True,True,True,True,True,True,,8df93f4c488329c966babbe3de434155f682c9e09c713e36446c2d5a5d617ef9,103,float64,7,float64
kitchen_table/case71,kitchen_table,case71,/ssd1/itaein/datasets/RoboCerebra/RoboCerebra_trainset/kitchen_table/case71/demo.hdf5,RoboCerebra_trainset/kitchen_table/case71/demo.hdf5,RoboCerebra_trainset/kitchen_table/case71/case71.mp4,"The task involves preparing a simple meal by transferring alphabet_soup and ketchup into a white_bowl placed on a flat_stove's cook_region, using a chefmate_8_frypan for cooking assistance.",3399,10,True,True,True,True,True,True,True,True,True,True,,ecc450fb347b2179cc32e1041bcac2e41fcc39c2d363a674d47fd96bbb11f18d,86,float64,7,float64
kitchen_table/case72,kitchen_table,case72,/ssd1/itaein/datasets/RoboCerebra/RoboCerebra_trainset/kitchen_table/case72/demo.hdf5,RoboCerebra_trainset/kitchen_table/case72/demo.hdf5,RoboCerebra_trainset/kitchen_table/case72/case72.mp4,"The task involves using a white bowl, a bowl drainer, macaroni and cheese, a chefmate 8"" frypan, a kitchen table, and a flat stove to prepare for cooking macaroni and cheese by transferring ingredients and cookware to appropriate locations and turning on the stove.",2743,7,True,True,True,True,True,True,True,True,True,True,,0e8dc9d55c557933d4cb83bf9f26027fea978a78f8a1768a286e6522c02a5324,73,float64,7,float64
kitchen_table/case73,kitchen_table,case73,/ssd1/itaein/datasets/RoboCerebra/RoboCerebra_trainset/kitchen_table/case73/demo.hdf5,RoboCerebra_trainset/kitchen_table/case73/demo.hdf5,RoboCerebra_trainset/kitchen_table/case73/case73.mp4,The task involves preparing a quick snack by using a microwave to heat popcorn and then placing the heated popcorn back on the kitchen table for consumption.,3339,7,True,True,True,True,True,True,True,True,True,True,,5ce03b1f640f03e4571438f341bd7bc4e31a8aa28b9ea31d6c8879957506abfd,47,float64,7,float64
kitchen_table/case74,kitchen_table,case74,/ssd1/itaein/datasets/RoboCerebra/RoboCerebra_trainset/kitchen_table/case74/demo.hdf5,RoboCerebra_trainset/kitchen_table/case74/demo.hdf5,RoboCerebra_trainset/kitchen_table/case74/case74.mp4,"Organize the preparation of a macaroni and cheese meal by arranging related items (macaroni and cheese, plate, wine bottle) on a wooden tray, and relocating unrelated items (moka pot) to appropriate storage.",2941,8,True,True,True,True,True,True,True,True,True,True,,a30f036dc9eb8b422ac6294b069c3910967b3c62eee7cf54997254468389bd18,97,float64,7,float64
kitchen_table/case75,kitchen_table,case75,/ssd1/itaein/datasets/RoboCerebra/RoboCerebra_trainset/kitchen_table/case75/demo.hdf5,RoboCerebra_trainset/kitchen_table/case75/demo.hdf5,RoboCerebra_trainset/kitchen_table/case75/case75.mp4,Prepare macaroni and cheese by microwaving it and serving it on a plate using a porcelain mug and a microwave.,3401,7,True,True,True,True,True,True,True,True,True,True,,14bc08829bcc525d3f63b2e15e357f5a94761831a1a5428d53c61f4502e8f7ac,73,float64,7,float64
kitchen_table/case76,kitchen_table,case76,/ssd1/itaein/datasets/RoboCerebra/RoboCerebra_trainset/kitchen_table/case76/demo.hdf5,RoboCerebra_trainset/kitchen_table/case76/demo.hdf5,RoboCerebra_trainset/kitchen_table/case76/case76.mp4,"Prepare a snack by combining chocolate pudding and popcorn in a white bowl, while organizing orange juice on a wooden two-layer shelf and placing a wine bottle in a wine rack.",3173,10,True,True,True,True,True,True,True,True,True,True,,3ef30e332e19099c945ad8d9921c87df665f28218f46561c394e363b8e262c95,97,float64,7,float64
kitchen_table/case77,kitchen_table,case77,/ssd1/itaein/datasets/RoboCerebra/RoboCerebra_trainset/kitchen_table/case77/demo.hdf5,RoboCerebra_trainset/kitchen_table/case77/demo.hdf5,RoboCerebra_trainset/kitchen_table/case77/case77.mp4,"Prepare chocolate_pudding in a bowl and ensure it is placed on the kitchen_table by rearranging related items including porcelain_mug, bbq_sauce, and bowl_drainer to their appropriate locations.",1699,4,True,True,True,True,True,True,True,True,True,True,,b0914cb7315298f0c1757012efa17fcd39caa2f4e549d604f6b0f3c12f00801a,71,float64,7,float64
kitchen_table/case78,kitchen_table,case78,/ssd1/itaein/datasets/RoboCerebra/RoboCerebra_trainset/kitchen_table/case78/demo.hdf5,RoboCerebra_trainset/kitchen_table/case78/demo.hdf5,RoboCerebra_trainset/kitchen_table/case78/case78.mp4,"Arrange popcorn in a bowl, position a wine bottle on the dining set, place a mug and ketchup on different regions of a wooden cabinet to set up a snack and drink station.",2963,9,True,True,True,True,True,True,True,True,True,True,,30b99f26dde3a7c13953028361ce5850fa630534a104fe48823470217e1b7928,103,float64,7,float64
kitchen_table/case79,kitchen_table,case79,/ssd1/itaein/datasets/RoboCerebra/RoboCerebra_trainset/kitchen_table/case79/demo.hdf5,RoboCerebra_trainset/kitchen_table/case79/demo.hdf5,RoboCerebra_trainset/kitchen_table/case79/case79.mp4,"The task involves organizing and preparing kitchen items, including a plate, butter, a frypan, orange juice, and a bowl drainer, for cooking by placing them systematically on the kitchen table and performing preliminary actions like pouring orange juice into the bowl drainer.",962,4,True,True,True,True,True,True,True,True,True,True,,87eafd4ef3c10b9910c7f118d98e1b15b2ba7b92e9e842b0bd2f3e4c6dc17c6c,84,float64,7,float64
kitchen_table/case80,kitchen_table,case80,/ssd1/itaein/datasets/RoboCerebra/RoboCerebra_trainset/kitchen_table/case80/demo.hdf5,RoboCerebra_trainset/kitchen_table/case80/demo.hdf5,RoboCerebra_trainset/kitchen_table/case80/case80.mp4,"Organize kitchen tools and tableware by placing a wooden tray from the kitchen table onto the short cabinet, then adding a red coffee mug, an Akita black bowl, and tomato sauce in sequential steps to prepare for use.",4008,9,True,True,True,True,True,True,True,True,True,True,,cb9c14a04603ea40e1fcc9fe05c81f1bafd7a1ee7fd2afc9f3e437765ece27b1,90,float64,7,float64
kitchen_table/case81,kitchen_table,case81,/ssd1/itaein/datasets/RoboCerebra/RoboCerebra_trainset/kitchen_table/case81/demo.hdf5,RoboCerebra_trainset/kitchen_table/case81/demo.hdf5,RoboCerebra_trainset/kitchen_table/case81/case81.mp4,Organize the new_salad_dressing and butter inside the white_storage_box while arranging the glazed_rim_porcelain_ramekin and white_yellow_mug on the kitchen_table.,1008,4,True,True,True,True,True,True,True,True,True,True,,f09fa603c883a41643b64d43e1ba7ea92d5ffedd58ffcc3143d259f327688501,84,float64,7,float64
kitchen_table/case82,kitchen_table,case82,/ssd1/itaein/datasets/RoboCerebra/RoboCerebra_trainset/kitchen_table/case82/demo.hdf5,RoboCerebra_trainset/kitchen_table/case82/demo.hdf5,RoboCerebra_trainset/kitchen_table/case82/case82.mp4,"The task involves preparing a breakfast drink by pouring orange juice into a porcelain mug and organizing items, including a wooden tray containing butter, a porcelain ramekin, and a wine bottle, alongside setting the table with the prepared mug.",3732,13,True,True,True,True,True,True,True,True,True,True,,47a944293e1d89fd500453be130a97b48f0d49067225ec26e02dd25949c2f7d9,110,float64,7,float64
kitchen_table/case83,kitchen_table,case83,/ssd1/itaein/datasets/RoboCerebra/RoboCerebra_trainset/kitchen_table/case83/demo.hdf5,RoboCerebra_trainset/kitchen_table/case83/demo.hdf5,RoboCerebra_trainset/kitchen_table/case83/case83.mp4,Prepare a simple dessert by transferring chocolate pudding from the kitchen table into an Akita black bowl using available kitchen tools.,1994,6,True,True,True,True,True,True,True,True,True,True,,c781ba2c50c615c50595b15a65bfc20bcc3d2105a3d6cacf7dbc8922ec8f9008,110,float64,7,float64
kitchen_table/case84,kitchen_table,case84,/ssd1/itaein/datasets/RoboCerebra/RoboCerebra_trainset/kitchen_table/case84/demo.hdf5,RoboCerebra_trainset/kitchen_table/case84/demo.hdf5,RoboCerebra_trainset/kitchen_table/case84/case84.mp4,Prepare a light snack by combining cream cheese and tomato sauce in a white bowl from the kitchen table.,1081,6,True,True,True,True,True,True,True,True,True,True,,d983d0bce2b99a07829afb70b35ffc510df7cad723996069d915c10da0361bdf,71,float64,7,float64
kitchen_table/case85,kitchen_table,case85,/ssd1/itaein/datasets/RoboCerebra/RoboCerebra_trainset/kitchen_table/case85/demo.hdf5,RoboCerebra_trainset/kitchen_table/case85/demo.hdf5,RoboCerebra_trainset/kitchen_table/case85/case85.mp4,"Prepare a meal by transferring butter and new_salad_dressing to their respective cooking and serving objects (a chefmate_8_frypan and an akita_black_bowl), heating the butter on a flat_stove, and ensuring the process is completed with the required tools and objects.",1965,7,True,True,True,True,True,True,True,True,True,True,,d0f756c55db5d230b3b3a090babc768df72bccc4d8632c5cefc96220a89ac68d,86,float64,7,float64
kitchen_table/case86,kitchen_table,case86,/ssd1/itaein/datasets/RoboCerebra/RoboCerebra_trainset/kitchen_table/case86/demo.hdf5,RoboCerebra_trainset/kitchen_table/case86/demo.hdf5,RoboCerebra_trainset/kitchen_table/case86/case86.mp4,"The task involves preparing to cook with the frypan by using a white bowl to hold butter and transfer it to the cook region of a flat stove for melting, while placing a chefmate 8 frypan on the stove for further cooking.",2608,7,True,True,True,True,True,True,True,True,True,True,,d82d2d46ed5d9a2c108068185170aeb46c5724c9265d3b28a666852321d296b2,73,float64,7,float64
kitchen_table/case87,kitchen_table,case87,/ssd1/itaein/datasets/RoboCerebra/RoboCerebra_trainset/kitchen_table/case87/demo.hdf5,RoboCerebra_trainset/kitchen_table/case87/demo.hdf5,RoboCerebra_trainset/kitchen_table/case87/case87.mp4,"Organize butter, cream cheese, salad dressing, and a plate for a light snack by transferring them between the kitchen table and plate, while also moving a porcelain mug.",1495,6,True,True,True,True,True,True,True,True,True,True,,b1d79ee4f406d316e25beb283afb1dcae5e91dd04d468f3db3b85b772db1c843,97,float64,7,float64
kitchen_table/case88,kitchen_table,case88,/ssd1/itaein/datasets/RoboCerebra/RoboCerebra_trainset/kitchen_table/case88/demo.hdf5,RoboCerebra_trainset/kitchen_table/case88/demo.hdf5,RoboCerebra_trainset/kitchen_table/case88/case88.mp4,"Prepare a quick snack by mixing cream cheese and cookies in the akita_black_bowl, heating the mixture in the microwave, and using additional tools like the chefmate_8_frypan and kitchen surfaces.",2369,9,True,True,True,True,True,True,True,True,True,True,,cb582e52c1dbf083a423474fa3c3923ceeec2ea8206d50aefaa243f9fbfdcc15,86,float64,7,float64
kitchen_table/case89,kitchen_table,case89,/ssd1/itaein/datasets/RoboCerebra/RoboCerebra_trainset/kitchen_table/case89/demo.hdf5,RoboCerebra_trainset/kitchen_table/case89/demo.hdf5,RoboCerebra_trainset/kitchen_table/case89/case89.mp4,"The task involves preparing a salad bowl by pouring new_salad_dressing into a white_bowl placed on the bottom region of a wooden_two_layer_shelf, and setting up a coffee assembly by placing a white_yellow_mug on the top region of the shelf and a moka_pot on a chefmate_8_frypan, with all objects initially picked up from the kitchen_table.",3201,9,True,True,True,True,True,True,True,True,True,True,,6a37ea03e723f93b55f6a5d8325d218d0074d2cd1d8d05c93cbcc19e6540d5e9,97,float64,7,float64
kitchen_table/case90,kitchen_table,case90,/ssd1/itaein/datasets/RoboCerebra/RoboCerebra_trainset/kitchen_table/case90/demo.hdf5,RoboCerebra_trainset/kitchen_table/case90/demo.hdf5,RoboCerebra_trainset/kitchen_table/case90/case90.mp4,"Brew coffee using a moka pot by retrieving it from the short cabinet, heating it on the flat stove until brewing is complete, and pouring the coffee into a white-yellow mug from the kitchen table.",1960,5,True,True,True,True,True,True,True,True,True,True,,2800070eea83b449f3abf23b435efc18da9c21726c8c166d7160b3499c89f944,66,float64,7,float64
kitchen_table/case91,kitchen_table,case91,/ssd1/itaein/datasets/RoboCerebra/RoboCerebra_trainset/kitchen_table/case91/demo.hdf5,RoboCerebra_trainset/kitchen_table/case91/demo.hdf5,RoboCerebra_trainset/kitchen_table/case91/case91.mp4,"Set up a hot beverage and condiment station by arranging the moka_pot, white_yellow_mug, glazed_rim_porcelain_ramekin, bbq_sauce, and ketchup in their designated locations using the short_cabinet, microwave, kitchen_table, and bowl_drainer.",4488,12,True,True,True,True,True,True,True,True,True,True,,fa1bef2203232db90e792f69255eef5d983502cf93a0ba3cfca0a4ce9d3de539,105,float64,7,float64
kitchen_table/case92,kitchen_table,case92,/ssd1/itaein/datasets/RoboCerebra/RoboCerebra_trainset/kitchen_table/case92/demo.hdf5,RoboCerebra_trainset/kitchen_table/case92/demo.hdf5,RoboCerebra_trainset/kitchen_table/case92/case92.mp4,"Summarize: Brew coffee using a moka pot and store popcorn in a white storage box while interacting with objects such as a moka pot, flat stove, porcelain mug, and kitchen table.",3222,10,True,True,True,True,True,True,True,True,True,True,,96fbbd0846827a1c062525c58469230320c0681aebb519f7188c6aacd24314f9,73,float64,7,float64
kitchen_table/case93,kitchen_table,case93,/ssd1/itaein/datasets/RoboCerebra/RoboCerebra_trainset/kitchen_table/case93/demo.hdf5,RoboCerebra_trainset/kitchen_table/case93/demo.hdf5,RoboCerebra_trainset/kitchen_table/case93/case93.mp4,"Organize kitchen table items — red_coffee_mug, white_bowl, and butter — into their respective storage locations in the white_cabinet and short_fridge for proper arrangement.",2887,10,True,True,True,True,True,True,True,True,True,True,,2614f8a238a778c76ca6690498f5bc6a77c685ce62ac9837792b0ee146c7bb8f,79,float64,7,float64
kitchen_table/case94,kitchen_table,case94,/ssd1/itaein/datasets/RoboCerebra/RoboCerebra_trainset/kitchen_table/case94/demo.hdf5,RoboCerebra_trainset/kitchen_table/case94/demo.hdf5,RoboCerebra_trainset/kitchen_table/case94/case94.mp4,Prepare a mixed bowl by combining cream cheese from the wooden cabinet and salad dressing from the short cabinet into an Akita black bowl.,1668,5,True,True,True,True,True,True,True,True,True,True,,1c57aac7c302ea5192dc479a2acad0cf627243cf70e0680870075438611491e4,83,float64,7,float64
kitchen_table/case95,kitchen_table,case95,/ssd1/itaein/datasets/RoboCerebra/RoboCerebra_trainset/kitchen_table/case95/demo.hdf5,RoboCerebra_trainset/kitchen_table/case95/demo.hdf5,RoboCerebra_trainset/kitchen_table/case95/case95.mp4,"The task involves using a robotic arm to rearrange various objects (white_yellow_mug, orange_juice, butter, chefmate_8_frypan, and wine_bottle) on and around the kitchen_table, perform actions like pouring orange juice into the mug, and organizing items on the wooden_shelf and dining_set_group.",2729,9,True,True,True,True,True,True,True,True,True,True,,b4b230bb7ed9d0eabce2b6147084004ca35af798d12819a8b9a418dde7b443c9,97,float64,7,float64
kitchen_table/case96,kitchen_table,case96,/ssd1/itaein/datasets/RoboCerebra/RoboCerebra_trainset/kitchen_table/case96/demo.hdf5,RoboCerebra_trainset/kitchen_table/case96/demo.hdf5,RoboCerebra_trainset/kitchen_table/case96/case96.mp4,Warm up the chocolate_pudding in the akita_black_bowl using the microwave and organize the cookies from the kitchen_table onto the wooden_tray while accessing the bowl_drainer and short_cabinet as needed.,2474,8,True,True,True,True,True,True,True,True,True,True,,66bb9af983d327b59a5ad858cba8e26a9ee059ab38b734085304f8b83e75a833,92,float64,7,float64
kitchen_table/case97,kitchen_table,case97,/ssd1/itaein/datasets/RoboCerebra/RoboCerebra_trainset/kitchen_table/case97/demo.hdf5,RoboCerebra_trainset/kitchen_table/case97/demo.hdf5,RoboCerebra_trainset/kitchen_table/case97/case97.mp4,"The task involves using a robotic arm to sequentially manipulate and organize various kitchen items—cream cheese, new salad dressing, moka pot—by moving them between specific locations (kitchen table, short cabinet, basket) and activating the flat stove, with steps including grasping, transporting, releasing, pouring, and verifying functionality for efficient kitchen item activation and positioning.",3272,9,True,True,True,True,True,True,True,True,True,True,,164cdbf67f6618c25953ff73acffe2e0332b563639a15f996fb748a9a6faf9fc,92,float64,7,float64
kitchen_table/case98,kitchen_table,case98,/ssd1/itaein/datasets/RoboCerebra/RoboCerebra_trainset/kitchen_table/case98/demo.hdf5,RoboCerebra_trainset/kitchen_table/case98/demo.hdf5,RoboCerebra_trainset/kitchen_table/case98/case98.mp4,The task involves heating chocolate pudding in a microwave using a white bowl and pouring wine from a wine bottle onto the kitchen table.,2616,8,True,True,True,True,True,True,True,True,True,True,,65de2ccd19caf104af61d8dd4992f05cd55b5d5a4eaec20a1a5c6b85f8a060fd,73,float64,7,float64
kitchen_table/case99,kitchen_table,case99,/ssd1/itaein/datasets/RoboCerebra/RoboCerebra_trainset/kitchen_table/case99/demo.hdf5,RoboCerebra_trainset/kitchen_table/case99/demo.hdf5,RoboCerebra_trainset/kitchen_table/case99/case99.mp4,"Design a robotic arm scene to organize kitchen items by interacting with a microwave, porcelain mug, chocolate pudding, wine bottle, kitchen table, countertop, and wooden shelf to perform tasks such as opening, picking, placing, pouring, and arranging them in specified locations.",2546,7,True,True,True,True,True,True,True,True,True,True,,3245d589fc51861fe4e5911e1278654e3e91968a013e815bbaa44fa40278aba4,73,float64,7,float64
kitchen_table/case100,kitchen_table,case100,/ssd1/itaein/datasets/RoboCerebra/RoboCerebra_trainset/kitchen_table/case100/demo.hdf5,RoboCerebra_trainset/kitchen_table/case100/demo.hdf5,RoboCerebra_trainset/kitchen_table/case100/case100.mp4,"Organize items by retrieving, using, and placing a wooden tray, tomato sauce, a frypan, butter, and cookies onto designated locations (rack or tray) from the kitchen table and cabinet for a cooking activity.",5308,13,True,True,True,True,True,True,True,True,True,True,,eb831ec5ced1b53fa341a4ef474fa442b71c38e477d5977ae24579f8a6b10354,116,float64,7,float64
kitchen_table/case101,kitchen_table,case101,/ssd1/itaein/datasets/RoboCerebra/RoboCerebra_trainset/kitchen_table/case101/demo.hdf5,RoboCerebra_trainset/kitchen_table/case101/demo.hdf5,RoboCerebra_trainset/kitchen_table/case101/case101.mp4,"The task involves preparing and organizing food items (cream_cheese, chocolate_pudding, wine_bottle) and tableware (white_yellow_mug) by transferring them between specified locations (kitchen_table, white_bowl, microwave, wine_rack, table) to arrange them appropriately.",2356,7,True,True,True,True,True,True,True,True,True,True,,97b4cdb55a2978b3fdec1c93420fb7df2ae8410640c326c0421b9ad6254ac27a,99,float64,7,float64
kitchen_table/case102,kitchen_table,case102,/ssd1/itaein/datasets/RoboCerebra/RoboCerebra_trainset/kitchen_table/case102/demo.hdf5,RoboCerebra_trainset/kitchen_table/case102/demo.hdf5,RoboCerebra_trainset/kitchen_table/case102/case102.mp4,Prepare a dessert serving by transferring chocolate pudding and butter into a white bowl and set up a beverage by pouring orange juice into a red coffee mug.,2851,10,True,True,True,True,True,True,True,True,True,True,,c35ff37a2a75611bc200744c05467cd2b85bb4621f9be85f4003a1ccff6bd522,103,float64,7,float64
kitchen_table/case103,kitchen_table,case103,/ssd1/itaein/datasets/RoboCerebra/RoboCerebra_trainset/kitchen_table/case103/demo.hdf5,RoboCerebra_trainset/kitchen_table/case103/demo.hdf5,RoboCerebra_trainset/kitchen_table/case103/case103.mp4,"Organize kitchen items by storing the butter in the short_fridge middle_region, the plate in the white_storage_box top_side, and placing the moka_pot onto the bowl_drainer right_region.",2599,7,True,True,True,True,True,True,True,True,True,True,,fc549c8c29ab1823f2a0fff54c9938c3fc188dcf68aa9a8b1fe9412615e27124,73,float64,7,float64
kitchen_table/case104,kitchen_table,case104,/ssd1/itaein/datasets/RoboCerebra/RoboCerebra_trainset/kitchen_table/case104/demo.hdf5,RoboCerebra_trainset/kitchen_table/case104/demo.hdf5,RoboCerebra_trainset/kitchen_table/case104/case104.mp4,"Prepare a mixed condiment and snack arrangement by pouring salad dressing into a porcelain ramekin, ketchup into a frypan, wine into a mug, and placing cookies on a rack for casual snacking.",3660,11,True,True,True,True,True,True,True,True,True,True,,15e254057a47c9cd0c5d8ff1d03cab7ab901ca1506a0a8e8b6d191d27b9cbd2f,136,float64,7,float64
kitchen_table/case105,kitchen_table,case105,/ssd1/itaein/datasets/RoboCerebra/RoboCerebra_trainset/kitchen_table/case105/demo.hdf5,RoboCerebra_trainset/kitchen_table/case105/demo.hdf5,RoboCerebra_trainset/kitchen_table/case105/case105.mp4,"Organize kitchen items by categorizing plates into the dining set group, storing the wine bottle on the wine rack, and regrouping the chefmate 8"" frypan, moka pot, and BBQ sauce into a tool group on the kitchen table.",3149,8,True,True,True,True,True,True,True,True,True,True,,4887268848993201020cff6b5a850158050fe3d560818cdec414c328322fac06,97,float64,7,float64
kitchen_table/case106,kitchen_table,case106,/ssd1/itaein/datasets/RoboCerebra/RoboCerebra_trainset/kitchen_table/case106/demo.hdf5,RoboCerebra_trainset/kitchen_table/case106/demo.hdf5,RoboCerebra_trainset/kitchen_table/case106/case106.mp4,"The task involves warming cookies in a microwave and preparing a milk drink in a red coffee mug using objects such as cookies, microwave, red_coffee_mug, milk, and kitchen_table.",4540,10,True,True,False,True,True,True,True,True,True,False,nonpositive_interval;frame_assignment_not_exact,0e869cce8345a1c09a382ab3178fcf5e50f9ec0294a8d157fbb88343ee0b5e46,73,float64,7,float64
kitchen_table/case107,kitchen_table,case107,/ssd1/itaein/datasets/RoboCerebra/RoboCerebra_trainset/kitchen_table/case107/demo.hdf5,RoboCerebra_trainset/kitchen_table/case107/demo.hdf5,RoboCerebra_trainset/kitchen_table/case107/case107.mp4,"Organize the cooking setup by storing popcorn in a white storage box and arranging a frypan, wine bottle, and coffee mug on a rack after pouring the wine bottle's contents onto the rack.",3654,9,True,True,True,True,True,True,True,True,True,True,,98ffe36815228d4edd7788945b9899589c1fe105100e5fd1a22e09d354646d48,97,float64,7,float64
kitchen_table/case108,kitchen_table,case108,/ssd1/itaein/datasets/RoboCerebra/RoboCerebra_trainset/kitchen_table/case108/demo.hdf5,RoboCerebra_trainset/kitchen_table/case108/demo.hdf5,RoboCerebra_trainset/kitchen_table/case108/case108.mp4,"Mix cookies, new_salad_dressing, and orange_juice in a white_bowl by sequentially retrieving the bowl from a short_cabinet, placing ingredients from the kitchen_table into the bowl, and combining them.",2307,10,True,True,True,True,True,True,True,True,True,True,,c9cc529260ce316d6d27d9c40754bbd580e4ffcc413d6b7b816e7d7b245ad7f9,90,float64,7,float64
kitchen_table/case109,kitchen_table,case109,/ssd1/itaein/datasets/RoboCerebra/RoboCerebra_trainset/kitchen_table/case109/demo.hdf5,RoboCerebra_trainset/kitchen_table/case109/demo.hdf5,RoboCerebra_trainset/kitchen_table/case109/case109.mp4,"Arrange serving utensils and snack items by organizing a plate in the wooden cabinet, placing an Akita black bowl in the bowl drainer, and transferring popcorn into a basket for snack preparation.",2038,6,True,True,True,True,True,True,True,True,True,True,,5f4ab5d866f2f5f465186c1813d1ebfbd0c8b25dd5c07d9b36b8086953e23d9e,90,float64,7,float64
kitchen_table/case110,kitchen_table,case110,/ssd1/itaein/datasets/RoboCerebra/RoboCerebra_trainset/kitchen_table/case110/demo.hdf5,RoboCerebra_trainset/kitchen_table/case110/demo.hdf5,RoboCerebra_trainset/kitchen_table/case110/case110.mp4,Heat macaroni and cheese in the microwave and place cookies on a plate retrieved from the short cabinet.,3492,9,True,True,True,True,True,True,True,True,True,True,,16a2c44ec870ae01548d081740f0935358c863eeba250601c620bd8cff88ee5d,79,float64,7,float64
kitchen_table/case111,kitchen_table,case111,/ssd1/itaein/datasets/RoboCerebra/RoboCerebra_trainset/kitchen_table/case111/demo.hdf5,RoboCerebra_trainset/kitchen_table/case111/demo.hdf5,RoboCerebra_trainset/kitchen_table/case111/case111.mp4,"The task involves transferring chocolate pudding into a black bowl, wine into a porcelain mug, and relocating cream cheese from a kitchen table to a basket to prepare and organize pudding and wine for serving.",2773,8,True,True,True,True,True,True,True,True,True,True,,1f733f27024d2c43ecbed8f3c712ef913dd83dbc92493978035d6add0355e222,110,float64,7,float64
kitchen_table/case112,kitchen_table,case112,/ssd1/itaein/datasets/RoboCerebra/RoboCerebra_trainset/kitchen_table/case112/demo.hdf5,RoboCerebra_trainset/kitchen_table/case112/demo.hdf5,RoboCerebra_trainset/kitchen_table/case112/case112.mp4,"Prepare a mini snack setup by microwaving popcorn, arranging cream cheese on a plate, and pouring wine into a porcelain mug using a microwave, tableware, and related items.",2729,9,True,True,True,True,True,True,True,True,True,True,,d36980880933bd9152d2481312b36654f69412705e1caec9e0c43cb43de94da0,99,float64,7,float64
kitchen_table/case113,kitchen_table,case113,/ssd1/itaein/datasets/RoboCerebra/RoboCerebra_trainset/kitchen_table/case113/demo.hdf5,RoboCerebra_trainset/kitchen_table/case113/demo.hdf5,RoboCerebra_trainset/kitchen_table/case113/case113.mp4,"The task involves organizing kitchen objects by placing macaroni and cheese in a microwave, a frypan on a wooden tray, chocolate pudding in a bowl, and a wine bottle in a basket for proper arrangement.",3418,10,True,True,True,True,True,True,True,True,True,True,,a05c76ad775a0a973954a7667d4be9f7fa14e40b085411504ac7296d90cc72c2,125,float64,7,float64
kitchen_table/case114,kitchen_table,case114,/ssd1/itaein/datasets/RoboCerebra/RoboCerebra_trainset/kitchen_table/case114/demo.hdf5,RoboCerebra_trainset/kitchen_table/case114/demo.hdf5,RoboCerebra_trainset/kitchen_table/case114/case114.mp4,"Prepare a snack by retrieving butter from the white cabinet, placing it on the kitchen counter, picking up a plate from the kitchen table, and transferring the butter onto the plate.",1796,6,True,True,True,True,True,True,True,True,True,True,,5aad9a5b48417484a02106a307f47f0e02352c92d2f2ce3a49f4723444446e5e,64,float64,7,float64
kitchen_table/case115,kitchen_table,case115,/ssd1/itaein/datasets/RoboCerebra/RoboCerebra_trainset/kitchen_table/case115/demo.hdf5,RoboCerebra_trainset/kitchen_table/case115/demo.hdf5,RoboCerebra_trainset/kitchen_table/case115/case115.mp4,Heat alphabet soup in the microwave using a plate and serve wine from a wine bottle placed on the kitchen table.,2824,9,True,True,True,True,True,True,True,True,True,True,,3ccfc31738b70dd27c99d8ba1d739c304778090c7140d7d18818e0a49550460f,73,float64,7,float64
kitchen_table/case116,kitchen_table,case116,/ssd1/itaein/datasets/RoboCerebra/RoboCerebra_trainset/kitchen_table/case116/demo.hdf5,RoboCerebra_trainset/kitchen_table/case116/demo.hdf5,RoboCerebra_trainset/kitchen_table/case116/case116.mp4,"Prepare a coffee and snack setup by brewing coffee using a moka pot on the flat stove, arranging a red coffee mug next to it, placing cookies in a basket, and pouring ketchup into a white bowl from a ketchup container.",3836,10,True,True,True,True,True,True,True,True,True,True,,01d5797347b78056a8112106134a2e85096025f957429c358e97e4d49d9d7c25,112,float64,7,float64
kitchen_table/case117,kitchen_table,case117,/ssd1/itaein/datasets/RoboCerebra/RoboCerebra_trainset/kitchen_table/case117/demo.hdf5,RoboCerebra_trainset/kitchen_table/case117/demo.hdf5,RoboCerebra_trainset/kitchen_table/case117/case117.mp4,Store the cream cheese in the white cabinet and prepare warm milk by pouring it into a porcelain mug and heating it in the microwave.,4689,9,True,True,True,True,True,True,True,True,True,True,,a77090783febe18754d909f59ae398e13b446fca85df5fd2e79a5a724683da3a,79,float64,7,float64
kitchen_table/case118,kitchen_table,case118,/ssd1/itaein/datasets/RoboCerebra/RoboCerebra_trainset/kitchen_table/case118/demo.hdf5,RoboCerebra_trainset/kitchen_table/case118/demo.hdf5,RoboCerebra_trainset/kitchen_table/case118/case118.mp4,"Organize cookies, butter, and a frypan by transferring them from the kitchen table to designated locations (basket, plate, and flat stove) and activate the stove to set up a cooking station.",2747,8,True,True,True,True,True,True,True,True,True,True,,83c3c577c2f2709145080ced050866b7fc5b8b26774647b5f56a73ed6660d774,99,float64,7,float64
kitchen_table/case119,kitchen_table,case119,/ssd1/itaein/datasets/RoboCerebra/RoboCerebra_trainset/kitchen_table/case119/demo.hdf5,RoboCerebra_trainset/kitchen_table/case119/demo.hdf5,RoboCerebra_trainset/kitchen_table/case119/case119.mp4,"Organize kitchen items by storing the chocolate_pudding in the short_cabinet, placing the akita_black_bowl near the microwave, and positioning the chefmate_8_frypan beside the microwave, ensuring accessibility for later use.",3403,8,True,True,True,True,True,True,True,True,True,True,,430c92cdbfedcfa58b3500764fcd3be51389b908cb05566a0e2c492f965635db,79,float64,7,float64
kitchen_table/case120,kitchen_table,case120,/ssd1/itaein/datasets/RoboCerebra/RoboCerebra_trainset/kitchen_table/case120/demo.hdf5,RoboCerebra_trainset/kitchen_table/case120/demo.hdf5,RoboCerebra_trainset/kitchen_table/case120/case120.mp4,"Design a task to prepare and organize items in a kitchen by transferring an akita_black_bowl, wine_bottle, milk, and porcelain_mug between the wooden_cabinet, kitchen_counter, kitchen_table, and a wooden_tray, with pouring actions performed for the wine and milk.",6018,13,True,True,True,True,True,True,True,True,True,True,,281ad60695da337a5b1dd7d81cfa20ba8caa0b53f24f7af50c066183e53772f3,103,float64,7,float64
kitchen_table/case121,kitchen_table,case121,/ssd1/itaein/datasets/RoboCerebra/RoboCerebra_trainset/kitchen_table/case121/demo.hdf5,RoboCerebra_trainset/kitchen_table/case121/demo.hdf5,RoboCerebra_trainset/kitchen_table/case121/case121.mp4,"Assemble a creative dish by using the wooden cabinet to retrieve a frypan for alphabet soup, the microwave for preparation, and the kitchen table to incorporate salad dressing in a red coffee mug and cookies on a plate.",5314,13,True,True,True,True,True,True,True,True,True,True,,c10cf11ee2dc3c4029e2bb3273b488209049a25f291c5b906ad97adece86f624,118,float64,7,float64
kitchen_table/case122,kitchen_table,case122,/ssd1/itaein/datasets/RoboCerebra/RoboCerebra_trainset/kitchen_table/case122/demo.hdf5,RoboCerebra_trainset/kitchen_table/case122/demo.hdf5,RoboCerebra_trainset/kitchen_table/case122/case122.mp4,"Retrieve items from the short_cabinet and kitchen_table to combine chocolate_pudding into the white_bowl, place a porcelain_mug on the bowl, and position the wine_bottle on a wooden_tray.",3928,10,True,True,True,True,True,True,True,True,True,True,,f63c68b8c0290d9154897795ccdbcf11278944b6652f34baf39d9679dba046ce,103,float64,7,float64
kitchen_table/case123,kitchen_table,case123,/ssd1/itaein/datasets/RoboCerebra/RoboCerebra_trainset/kitchen_table/case123/demo.hdf5,RoboCerebra_trainset/kitchen_table/case123/demo.hdf5,RoboCerebra_trainset/kitchen_table/case123/case123.mp4,"Organize kitchen items (white_bowl and tomato_sauce) from the kitchen_table into designated storage spaces (short_cabinet and white_storage_box) by opening, retrieving, and placing them in the appropriate locations.",2000,5,True,True,True,True,True,True,True,True,True,True,,e217061935c7f8488644d003513d78e5f67c192c986de99da0deac4131eb77f3,64,float64,7,float64
kitchen_table/case124,kitchen_table,case124,/ssd1/itaein/datasets/RoboCerebra/RoboCerebra_trainset/kitchen_table/case124/demo.hdf5,RoboCerebra_trainset/kitchen_table/case124/demo.hdf5,RoboCerebra_trainset/kitchen_table/case124/case124.mp4,"Prepare a quick meal by heating macaroni_and_cheese in the microwave, melting butter in a chefmate_8_frypan, and pouring new_salad_dressing into a white_bowl for a simple dressing.",3031,9,True,True,True,True,True,True,True,True,True,True,,bde426fe8240af62cd9d530853b8d7d12f3ec2f254d43da3857f60f7334c1fcb,99,float64,7,float64
kitchen_table/case125,kitchen_table,case125,/ssd1/itaein/datasets/RoboCerebra/RoboCerebra_trainset/kitchen_table/case125/demo.hdf5,RoboCerebra_trainset/kitchen_table/case125/demo.hdf5,RoboCerebra_trainset/kitchen_table/case125/case125.mp4,"Prepare a meal by microwaving macaroni and cheese, serving tomato sauce in a porcelain ramekin, and pouring orange juice into a white and yellow mug.",3775,9,True,True,True,True,True,True,True,True,True,True,,c1ab598a784751ebf44dcf32cae89ec477acb5f39c04288424652321e36b14b0,99,float64,7,float64
kitchen_table/case126,kitchen_table,case126,/ssd1/itaein/datasets/RoboCerebra/RoboCerebra_trainset/kitchen_table/case126/demo.hdf5,RoboCerebra_trainset/kitchen_table/case126/demo.hdf5,RoboCerebra_trainset/kitchen_table/case126/case126.mp4,"The task involves heating macaroni and cheese in the microwave and pouring wine from a bottle into a container, using the microwave, macaroni and cheese, red coffee mug, wine bottle, wine rack, and kitchen table for food and drink preparation.",2781,6,True,True,True,True,True,True,True,True,True,True,,c4b835b6f7f51d355fe07f3a991d117a0e84dcf785c6458bc73abb07a0412fc7,73,float64,7,float64
kitchen_table/case127,kitchen_table,case127,/ssd1/itaein/datasets/RoboCerebra/RoboCerebra_trainset/kitchen_table/case127/demo.hdf5,RoboCerebra_trainset/kitchen_table/case127/demo.hdf5,RoboCerebra_trainset/kitchen_table/case127/case127.mp4,"Store chocolate pudding in a white cabinet and pour orange juice into a mug and milk into a porcelain ramekin for display using kitchen objects like the kitchen table, microwave, and beverage containers.",4014,10,True,True,True,True,True,True,True,True,True,True,,1340a672c122dbe8c9eebe9d1cc19b95542e7e50802cbc33a7cc6a8bf173cbd8,105,float64,7,float64
kitchen_table/case128,kitchen_table,case128,/ssd1/itaein/datasets/RoboCerebra/RoboCerebra_trainset/kitchen_table/case128/demo.hdf5,RoboCerebra_trainset/kitchen_table/case128/demo.hdf5,RoboCerebra_trainset/kitchen_table/case128/case128.mp4,"The task involves storing cream_cheese in a wooden_cabinet, microwaving cookies using a microwave, and pouring the contents of a wine_bottle onto a plate before placing the wine_bottle back on the kitchen_table.",3688,9,True,True,True,True,True,True,True,True,True,True,,8715b68da502e50613b535e3e71799a0a03750210bab3abe620823af96320767,92,float64,7,float64
kitchen_table/case129,kitchen_table,case129,/ssd1/itaein/datasets/RoboCerebra/RoboCerebra_trainset/kitchen_table/case129/demo.hdf5,RoboCerebra_trainset/kitchen_table/case129/demo.hdf5,RoboCerebra_trainset/kitchen_table/case129/case129.mp4,"Organize snacks and beverages by storing cookies in the short cabinet, pouring wine onto a plate, and placing a frypan on the wooden shelf.",3009,8,True,True,True,True,True,True,True,True,True,True,,ba8b55c95be3491e28a18f63eba11765fdc5aae4c89161566f328943f2b491cc,90,float64,7,float64
kitchen_table/case130,kitchen_table,case130,/ssd1/itaein/datasets/RoboCerebra/RoboCerebra_trainset/kitchen_table/case130/demo.hdf5,RoboCerebra_trainset/kitchen_table/case130/demo.hdf5,RoboCerebra_trainset/kitchen_table/case130/case130.mp4,"The task involves preparing a simple serving setup by using a porcelain mug, wine bottle, butter, white bowl, and bowl drainer, starting with pouring wine into the mug and arranging the butter in the bowl placed on a drainer.",2263,8,True,True,True,True,True,True,True,True,True,True,,bee6bad6be033c2d458e4f8337840eb5f913e0c04b25dca33f9f03b9c8255641,84,float64,7,float64
study_table/case1,study_table,case1,/ssd1/itaein/datasets/RoboCerebra/RoboCerebra_trainset/study_table/case1/demo.hdf5,RoboCerebra_trainset/study_table/case1/demo.hdf5,RoboCerebra_trainset/study_table/case1/case1.mp4,"The task involves organizing a white bowl, a wooden tray, tomato sauce, a chefmate 8"" frypan, and a white-yellow mug from the study table, placing all items onto the wooden tray for meal preparation.",2983,6,True,True,True,True,True,True,True,True,True,True,,dcf51ec63cfe1612d3c60338788285fcd924483c955b93460c68c8bb8fc6f3a0,97,float64,7,float64
study_table/case2,study_table,case2,/ssd1/itaein/datasets/RoboCerebra/RoboCerebra_trainset/study_table/case2/demo.hdf5,RoboCerebra_trainset/study_table/case2/demo.hdf5,RoboCerebra_trainset/study_table/case2/case2.mp4,"Prepare a drink by pouring orange juice into a white-yellow mug and present it on the study table alongside a chocolate pudding placed in a glazed-rim porcelain ramekin, while relocating the wine bottle to a short cabinet.",4132,9,True,True,True,True,True,True,True,True,True,True,,e864103c7424f9eb51a46c932b1c4620e9e6676a7e16f91f62c461530c41ab08,103,float64,7,float64
study_table/case3,study_table,case3,/ssd1/itaein/datasets/RoboCerebra/RoboCerebra_trainset/study_table/case3/demo.hdf5,RoboCerebra_trainset/study_table/case3/demo.hdf5,RoboCerebra_trainset/study_table/case3/case3.mp4,"Organize the study table by transferring the plate, popcorn, wine bottle, and porcelain mug onto the appropriate regions of the wooden_two_layer_shelf and wine_rack for systematic storage.",3834,8,True,True,True,True,True,True,True,True,True,True,,544a989f34257bd468a2b22753960b9f601145601cec2b22e554fa3df8ae2798,84,float64,7,float64
study_table/case4,study_table,case4,/ssd1/itaein/datasets/RoboCerebra/RoboCerebra_trainset/study_table/case4/demo.hdf5,RoboCerebra_trainset/study_table/case4/demo.hdf5,RoboCerebra_trainset/study_table/case4/case4.mp4,"The task involves transferring chocolate_pudding, cookies, and a porcelain_mug from the study_table to the dining_set_group, pouring chocolate_pudding into the mug, and storing the remaining pudding in a white_storage_box for future use.",2785,9,True,True,True,True,True,True,True,True,True,True,,dd80be5772bfa3f2ee2d585aaf1a746d6761f0c8269de58b265419e3c226bcc2,71,float64,7,float64
study_table/case5,study_table,case5,/ssd1/itaein/datasets/RoboCerebra/RoboCerebra_trainset/study_table/case5/demo.hdf5,RoboCerebra_trainset/study_table/case5/demo.hdf5,RoboCerebra_trainset/study_table/case5/case5.mp4,The task involves preparing a snack by heating milk in a porcelain mug using a microwave and transferring popcorn into a white storage box for serving.,3200,6,True,True,True,True,True,True,True,True,True,True,,6fb858a9cfc9a60d72a2febc2f66a3fd113456e8cdd3af7bed0f4200cc550e4b,73,float64,7,float64
study_table/case6,study_table,case6,/ssd1/itaein/datasets/RoboCerebra/RoboCerebra_trainset/study_table/case6/demo.hdf5,RoboCerebra_trainset/study_table/case6/demo.hdf5,RoboCerebra_trainset/study_table/case6/case6.mp4,Prepare and store a plate containing ketchup and tomato sauce by transferring them from a study table to a plate and placing the plate in the middle region of a short cabinet.,3500,9,True,True,True,True,True,True,True,True,True,True,,14b127fd88111254219c0557b11f47b9b3bccbff8173136ca8e1aa682409a968,90,float64,7,float64
study_table/case7,study_table,case7,/ssd1/itaein/datasets/RoboCerebra/RoboCerebra_trainset/study_table/case7/demo.hdf5,RoboCerebra_trainset/study_table/case7/demo.hdf5,RoboCerebra_trainset/study_table/case7/case7.mp4,"The task involves assembling a snack and beverage serving tray by placing cookies, cream cheese, a milk-filled mug, a wine bottle, and a moka pot onto a wooden tray transferred from a study table to a counter.",5547,13,True,True,True,True,True,True,True,True,True,True,,6bc612ac76f4ad48aea52e7e69ba67abf2bb0d410907a219b3a1e2399ad75ab6,123,float64,7,float64
study_table/case8,study_table,case8,/ssd1/itaein/datasets/RoboCerebra/RoboCerebra_trainset/study_table/case8/demo.hdf5,RoboCerebra_trainset/study_table/case8/demo.hdf5,RoboCerebra_trainset/study_table/case8/case8.mp4,"Prepare a small meal by arranging cookies on a plate and pouring liquid from a wine bottle into a mug, then store the remaining wine bottle in the top region of a white cabinet.",3884,11,True,True,True,True,True,True,True,True,True,True,,75da4e40b8c62d48e79f0129972cf82e161a9110ef756db62caf68f7cb8f76d7,90,float64,7,float64
study_table/case9,study_table,case9,/ssd1/itaein/datasets/RoboCerebra/RoboCerebra_trainset/study_table/case9/demo.hdf5,RoboCerebra_trainset/study_table/case9/demo.hdf5,RoboCerebra_trainset/study_table/case9/case9.mp4,Prepare drinks by pouring orange juice from the study table into a porcelain mug placed on the bowl drainer and wine from the study table into a red coffee mug placed on a wooden two-layer shelf.,4596,10,True,True,True,True,True,True,True,True,True,True,,6bca7d65b6a0e2e52e765eb38f5dcc101a7c859c3644b5b3d42d07eb72232d03,84,float64,7,float64
study_table/case10,study_table,case10,/ssd1/itaein/datasets/RoboCerebra/RoboCerebra_trainset/study_table/case10/demo.hdf5,RoboCerebra_trainset/study_table/case10/demo.hdf5,RoboCerebra_trainset/study_table/case10/case10.mp4,"The task involves using objects from a study_table, including chocolate_pudding, plate, milk, and a red_coffee_mug, to prepare a meal by combining chocolate_pudding and milk on a plate, while also relocating a wine_bottle to a wooden_shelf.",2558,8,True,True,True,True,True,True,True,True,True,True,,146a70daa40dfb5c98c9b59089dbcb9c39218027eb04879c835649cbd87089d7,97,float64,7,float64
study_table/case11,study_table,case11,/ssd1/itaein/datasets/RoboCerebra/RoboCerebra_trainset/study_table/case11/demo.hdf5,RoboCerebra_trainset/study_table/case11/demo.hdf5,RoboCerebra_trainset/study_table/case11/case11.mp4,"Prepare a meal by mixing popcorn with salad dressing in the akita_black_bowl, then store the bowl and a glazed_rim_porcelain_ramekin in the middle region of the short_cabinet.",3631,11,True,True,True,True,True,True,True,True,True,True,,0adfa31eebce6a0f1e0eada8737d4b354786ee9e8b7718099d80fe6ce0268f3e,90,float64,7,float64
study_table/case12,study_table,case12,/ssd1/itaein/datasets/RoboCerebra/RoboCerebra_trainset/study_table/case12/demo.hdf5,RoboCerebra_trainset/study_table/case12/demo.hdf5,RoboCerebra_trainset/study_table/case12/case12.mp4,"Prepare a quick snack by transferring chocolate pudding and butter from the study table to the white bowl, heating the butter in the microwave, and placing the heated butter next to the white bowl.",5211,13,True,False,True,True,True,True,True,True,True,False,gap_or_overlap;frame_assignment_not_exact,61621ad419c5d553308ea0d0687f22d8dd0d93e4c8afe770582b4d0566157f43,73,float64,7,float64
study_table/case13,study_table,case13,/ssd1/itaein/datasets/RoboCerebra/RoboCerebra_trainset/study_table/case13/demo.hdf5,RoboCerebra_trainset/study_table/case13/demo.hdf5,RoboCerebra_trainset/study_table/case13/case13.mp4,"Prepare a snack by transferring popcorn to the bowl_drainer and a drink by pouring wine from a wine_bottle into a porcelain_mug, while organizing items on the study_table and short_cabinet.",4079,11,True,True,True,True,True,True,True,True,True,True,,163bda1a5d98673091249238746871fad77a234650bf254bf67a3aeb0981cdd6,90,float64,7,float64
study_table/case14,study_table,case14,/ssd1/itaein/datasets/RoboCerebra/RoboCerebra_trainset/study_table/case14/demo.hdf5,RoboCerebra_trainset/study_table/case14/demo.hdf5,RoboCerebra_trainset/study_table/case14/case14.mp4,"The task involves preparing a snack by placing chocolate pudding onto a plate, storing butter in a wooden cabinet, and then transferring the plate with chocolate pudding to a wooden tray for storage.",2177,8,True,True,True,True,True,True,True,True,True,True,,9fed9cbdea90635510ed3ea31a23ed2353d22714cacfdbe6687a2f83c62175d0,90,float64,7,float64
study_table/case15,study_table,case15,/ssd1/itaein/datasets/RoboCerebra/RoboCerebra_trainset/study_table/case15/demo.hdf5,RoboCerebra_trainset/study_table/case15/demo.hdf5,RoboCerebra_trainset/study_table/case15/case15.mp4,"The task involves preparing a dessert by combining chocolate pudding and cream cheese in a white bowl, ensuring proper placement and presentation on a wooden tray before moving it to the dining set group.",4053,14,True,True,True,True,True,True,True,True,True,True,,ba1f844da861f651b2343eea2f5a65a579be014caacb1310ab66cbf2e8be00e3,84,float64,7,float64
study_table/case16,study_table,case16,/ssd1/itaein/datasets/RoboCerebra/RoboCerebra_trainset/study_table/case16/demo.hdf5,RoboCerebra_trainset/study_table/case16/demo.hdf5,RoboCerebra_trainset/study_table/case16/case16.mp4,The task involves organizing by storing the akita_black_bowl and white_yellow_mug in designated regions of the wooden_cabinet and the wine_bottle in the white_storage_box.,3422,9,True,True,True,True,True,True,True,True,True,True,,9b8eb3350a715bae0a7d897b750f8891eea2af1e83cff70856acca9a0e6afff7,77,float64,7,float64
study_table/case17,study_table,case17,/ssd1/itaein/datasets/RoboCerebra/RoboCerebra_trainset/study_table/case17/demo.hdf5,RoboCerebra_trainset/study_table/case17/demo.hdf5,RoboCerebra_trainset/study_table/case17/case17.mp4,"The task involves organizing tableware and food items by placing a plate and an akita_black_bowl into the middle region of a white_cabinet, and storing cream_cheese in the middle region of a short_cabinet.",2511,8,True,True,True,True,True,True,True,True,True,True,,ebefd2c757457c903d5c8d09c47245e07d96d2a8678314da82cc9d2537416649,83,float64,7,float64
study_table/case18,study_table,case18,/ssd1/itaein/datasets/RoboCerebra/RoboCerebra_trainset/study_table/case18/demo.hdf5,RoboCerebra_trainset/study_table/case18/demo.hdf5,RoboCerebra_trainset/study_table/case18/case18.mp4,"The task involves preparing cookies in an Akita black bowl and pouring wine into a porcelain mug, then arranging them on the study table via a white storage box for a relaxing snack and drink setup.",2331,8,True,True,True,True,True,True,True,True,True,True,,5c51a0dc1825296e5554af6e1e4b28fbc91b74efcb69f9f8de500fe8a8eb570a,84,float64,7,float64
study_table/case19,study_table,case19,/ssd1/itaein/datasets/RoboCerebra/RoboCerebra_trainset/study_table/case19/demo.hdf5,RoboCerebra_trainset/study_table/case19/demo.hdf5,RoboCerebra_trainset/study_table/case19/case19.mp4,"Prepare a snack by placing popcorn in a white storage box and tomato sauce in an akita black bowl, ensuring both containers are securely closed and stored on the study table in an organized manner.",1468,5,True,True,True,True,True,True,True,True,True,True,,97389da19668417e13f043fc9f14bc7409eeadb95def0a90425a78cf4f777136,71,float64,7,float64
study_table/case20,study_table,case20,/ssd1/itaein/datasets/RoboCerebra/RoboCerebra_trainset/study_table/case20/demo.hdf5,RoboCerebra_trainset/study_table/case20/demo.hdf5,RoboCerebra_trainset/study_table/case20/case20.mp4,"Organize items by relocating macaroni and cheese, a red coffee mug, orange juice, and a moka pot from the study table to the dining set group, then pour orange juice into a white-yellow mug for preparing a drink and snack during a break.",3464,11,True,True,True,True,True,True,True,True,True,True,,5da77b3190475e77aa88e4f691ce98274ac2161cba8e06b5eae00d8687e23f60,97,float64,7,float64
study_table/case21,study_table,case21,/ssd1/itaein/datasets/RoboCerebra/RoboCerebra_trainset/study_table/case21/demo.hdf5,RoboCerebra_trainset/study_table/case21/demo.hdf5,RoboCerebra_trainset/study_table/case21/case21.mp4,"The task involves organizing specific dinnerware and kitchen tools—plate, white_yellow_mug, wine_bottle, and moka_pot—from a study_table to designated storage locations, including a white_storage_box, bowl_drainer, and wooden_two_layer_shelf, using a gripper for precise handling and placement.",3740,8,True,True,True,True,True,True,True,True,True,True,,37034e77648302e1a733e29996ef3486be6b881e1d4a1922539fc0e94b7ecbe3,84,float64,7,float64
study_table/case22,study_table,case22,/ssd1/itaein/datasets/RoboCerebra/RoboCerebra_trainset/study_table/case22/demo.hdf5,RoboCerebra_trainset/study_table/case22/demo.hdf5,RoboCerebra_trainset/study_table/case22/case22.mp4,"The task involves assembling a bowl of cookies with a cream cheese topping by collecting cookies and cream cheese from the study table, placing them in a white bowl, and then storing the prepared bowl in a wooden cabinet before closing it.",2720,10,True,True,True,True,True,True,True,True,True,True,,097a274d5de3c0f3d93dfa8d5d3ed3ca730bee2af92599427946288acccc150a,77,float64,7,float64
study_table/case23,study_table,case23,/ssd1/itaein/datasets/RoboCerebra/RoboCerebra_trainset/study_table/case23/demo.hdf5,RoboCerebra_trainset/study_table/case23/demo.hdf5,RoboCerebra_trainset/study_table/case23/case23.mp4,"The task involves organizing and preparing items (macaroni_and_cheese, chefmate_8_frypan, akita_black_bowl, and porcelain_mug) from the study_table by placing them on designated locations (rack, wooden_shelf, and short_cabinet) to set up for making a meal with macaroni_and_cheese.",3095,9,True,True,True,True,True,True,True,True,True,True,,8edacb1f44edd5e27ca961276882ff9471fa24fda6bd28a58dbe898a0fbd6aec,103,float64,7,float64
study_table/case24,study_table,case24,/ssd1/itaein/datasets/RoboCerebra/RoboCerebra_trainset/study_table/case24/demo.hdf5,RoboCerebra_trainset/study_table/case24/demo.hdf5,RoboCerebra_trainset/study_table/case24/case24.mp4,"Prepare a snack by combining cream cheese and butter in an akita_black_bowl, placing it on a wooden_tray, and setting it on the study_table.",1605,8,True,True,True,True,True,True,True,True,True,True,,38825da57deb0fb9f1c35d2f12993bed64d2a0b92d5370e6cca052d467d6ed15,84,float64,7,float64
study_table/case25,study_table,case25,/ssd1/itaein/datasets/RoboCerebra/RoboCerebra_trainset/study_table/case25/demo.hdf5,RoboCerebra_trainset/study_table/case25/demo.hdf5,RoboCerebra_trainset/study_table/case25/case25.mp4,"Prepare a snack on the study table by arranging a plate with popcorn and cream cheese, placing BBQ sauce next to the plate, and setting a white-yellow mug on the table.",1573,8,True,True,True,True,True,True,True,True,True,True,,f2dcbadc09fe7a0d0ce7e89254efcf3427f3b2c66693c20620cc32ef98c22ce6,97,float64,7,float64
study_table/case26,study_table,case26,/ssd1/itaein/datasets/RoboCerebra/RoboCerebra_trainset/study_table/case26/demo.hdf5,RoboCerebra_trainset/study_table/case26/demo.hdf5,RoboCerebra_trainset/study_table/case26/case26.mp4,"Prepare a cup of chocolate pudding in a porcelain mug and arrange cookies beside it, then place both along with a red coffee mug on the top side of a wooden shelf, using items from the study table.",3681,11,True,True,True,True,True,True,True,True,True,True,,6f227827bb86a4110df80791bc9ac3dc1d7d2d64902b6b589f93ca756d5bad55,84,float64,7,float64
study_table/case27,study_table,case27,/ssd1/itaein/datasets/RoboCerebra/RoboCerebra_trainset/study_table/case27/demo.hdf5,RoboCerebra_trainset/study_table/case27/demo.hdf5,RoboCerebra_trainset/study_table/case27/case27.mp4,"Prepare a snack for a relaxing break by arranging a porcelain mug with milk, chocolate pudding, and a glazed rim porcelain ramekin onto a wooden tray.",2812,11,True,True,True,True,True,True,True,True,True,True,,3d2b0ac979ffe666af12f0fa19f6f1989d6e562736b93fb0dd0c62effbd39c78,97,float64,7,float64
study_table/case28,study_table,case28,/ssd1/itaein/datasets/RoboCerebra/RoboCerebra_trainset/study_table/case28/demo.hdf5,RoboCerebra_trainset/study_table/case28/demo.hdf5,RoboCerebra_trainset/study_table/case28/case28.mp4,"The task involves preparing a meal by combining macaroni_and_cheese and cream_cheese in a white_bowl, placing the bowl into a basket, and relocating the basket to the middle_region of the wooden_cabinet.",3196,13,True,True,True,True,True,True,True,True,True,True,,174efe29cabd8aaee4de79391dbcce75f371af156deab5ca24a0c0f71635af84,90,float64,7,float64
study_table/case29,study_table,case29,/ssd1/itaein/datasets/RoboCerebra/RoboCerebra_trainset/study_table/case29/demo.hdf5,RoboCerebra_trainset/study_table/case29/demo.hdf5,RoboCerebra_trainset/study_table/case29/case29.mp4,"Organize and transfer objects, including macaroni_and_cheese, akita_black_bowl, chefmate_8_frypan, wine_bottle, and wooden_tray, from the study_table to their respective locations to prepare ingredients for macaroni and cheese.",1582,7,True,True,True,True,True,True,True,True,True,True,,f98ec4622c75c221b9db0704bd644e77e94e973c404217dcfcaa6c5101ffd962,110,float64,7,float64
study_table/case30,study_table,case30,/ssd1/itaein/datasets/RoboCerebra/RoboCerebra_trainset/study_table/case30/demo.hdf5,RoboCerebra_trainset/study_table/case30/demo.hdf5,RoboCerebra_trainset/study_table/case30/case30.mp4,"Prepare a meal by serving cookies on a plate, pouring wine into a porcelain mug, and relocating a frying pan to the fridge using various objects such as a study table, plate, wine rack, and fridge for the task.",1267,7,True,True,True,True,True,True,True,True,True,True,,1cbe519e12eaf19b79f5556990c2cf69c5bae1db7c238f97370127eab39cf6ae,99,float64,7,float64
study_table/case31,study_table,case31,/ssd1/itaein/datasets/RoboCerebra/RoboCerebra_trainset/study_table/case31/demo.hdf5,RoboCerebra_trainset/study_table/case31/demo.hdf5,RoboCerebra_trainset/study_table/case31/case31.mp4,"Prepare a bowl of alphabet soup with salad dressing by transferring the necessary ingredients from the study table to the akita black bowl, while organizing unrelated items (porcelain mug, wine bottle, cream cheese) in their respective storage locations.",2778,12,True,True,True,True,True,True,True,True,True,True,,98696dbf72683f16821311cb2d0cd30c30d2a27d8c1d3164c7c9938cbeebd64e,110,float64,7,float64
study_table/case32,study_table,case32,/ssd1/itaein/datasets/RoboCerebra/RoboCerebra_trainset/study_table/case32/demo.hdf5,RoboCerebra_trainset/study_table/case32/demo.hdf5,RoboCerebra_trainset/study_table/case32/case32.mp4,"The task involves preparing a meal by transferring macaroni_and_cheese into a white_bowl and organizing it on a white_cabinet, and pouring orange_juice from a container into a porcelain_mug before placing both the mug with juice and moka_pot on the white_cabinet middle_region for serving.",4105,15,True,True,True,True,True,True,True,True,True,True,,1838c176a8b61e841de1867cf17247f611cd9d7ea4078cf4039fb30bbe9e011c,103,float64,7,float64
study_table/case33,study_table,case33,/ssd1/itaein/datasets/RoboCerebra/RoboCerebra_trainset/study_table/case33/demo.hdf5,RoboCerebra_trainset/study_table/case33/demo.hdf5,RoboCerebra_trainset/study_table/case33/case33.mp4,"Prepare a picnic basket by collecting a white bowl, plate, and popcorn from the study table, pouring wine from a wine bottle (retrieved from the short fridge) into the white bowl, and placing all items into the basket except for the wine bottle, which is returned to the fridge.",3050,11,True,True,True,True,True,True,True,True,True,True,,a8b88a7fe9365bcf4d13cce7836bba0b4f8d0cce173a062441a1f16468883152,99,float64,7,float64
study_table/case34,study_table,case34,/ssd1/itaein/datasets/RoboCerebra/RoboCerebra_trainset/study_table/case34/demo.hdf5,RoboCerebra_trainset/study_table/case34/demo.hdf5,RoboCerebra_trainset/study_table/case34/case34.mp4,"Organize and prepare kitchen items by storing the white_yellow_mug in the short_cabinet, placing the moka_pot on the wooden_shelf, pouring milk into the chefmate_8_frypan and positioning it on the rack while returning the milk to the study_table.",2085,9,True,True,True,True,True,True,True,True,True,True,,cbd2414d17fe339dc48196549603a362c91ddeb8325efd3369e22a433c69bdd5,103,float64,7,float64
study_table/case35,study_table,case35,/ssd1/itaein/datasets/RoboCerebra/RoboCerebra_trainset/study_table/case35/demo.hdf5,RoboCerebra_trainset/study_table/case35/demo.hdf5,RoboCerebra_trainset/study_table/case35/case35.mp4,"The task involves assembling a meal by combining chocolate pudding and cream cheese in a white bowl, and storing items like a wine bottle and a white-yellow mug in a basket for organization.",2194,10,True,True,True,True,True,True,True,True,True,True,,fd9a6665e84d7c4e6e9fada56bc5c4a6facb75727d27606923bfd6d09905daff,110,float64,7,float64
study_table/case36,study_table,case36,/ssd1/itaein/datasets/RoboCerebra/RoboCerebra_trainset/study_table/case36/demo.hdf5,RoboCerebra_trainset/study_table/case36/demo.hdf5,RoboCerebra_trainset/study_table/case36/case36.mp4,"The task involves arranging a snack and beverage display by transferring popcorn into an akita_black_bowl, pouring tomato_sauce into a white_yellow_mug, and placing a wine_bottle onto a wine_rack, with objects being organized on or from the study_table.",1504,7,True,True,True,True,True,True,True,True,True,True,,305f8c73ed56ed8af79413d44c96f1c670e44071aef0759ca3a1a13a88a9f325,97,float64,7,float64
study_table/case37,study_table,case37,/ssd1/itaein/datasets/RoboCerebra/RoboCerebra_trainset/study_table/case37/demo.hdf5,RoboCerebra_trainset/study_table/case37/demo.hdf5,RoboCerebra_trainset/study_table/case37/case37.mp4,"Prepare and serve alphabet soup in a white bowl on the dining set and accompany it with a filled mug of wine, while organizing other objects like a moka pot in their designated places.",3191,14,True,True,True,True,True,True,True,True,True,True,,72fb130496ddfa2eb6b486f3fe3eda48251b27037412c0697830238df63bd94f,110,float64,7,float64
study_table/case38,study_table,case38,/ssd1/itaein/datasets/RoboCerebra/RoboCerebra_trainset/study_table/case38/demo.hdf5,RoboCerebra_trainset/study_table/case38/demo.hdf5,RoboCerebra_trainset/study_table/case38/case38.mp4,"Prepare a dish by melting butter in the chefmate_8_frypan, transferring the contents into the akita_black_bowl, and placing the bowl onto the wooden_shelf.",2662,10,True,True,True,True,True,True,True,True,True,True,,7e179085d1f86e941f0ff60b9367376270c80a0d4777408e2fdcd8df287a7a3a,71,float64,7,float64
study_table/case39,study_table,case39,/ssd1/itaein/datasets/RoboCerebra/RoboCerebra_trainset/study_table/case39/demo.hdf5,RoboCerebra_trainset/study_table/case39/demo.hdf5,RoboCerebra_trainset/study_table/case39/case39.mp4,"The task involves preparing a meal by sequentially placing butter, alphabet soup, and a moka pot into designated kitchen items (white bowl, glazed rim porcelain ramekin, and rack, respectively) located on or around a study table.",1430,6,True,True,True,True,True,True,True,True,True,True,,c109e0124df1b5bcaa1ed4dc6a906ef8f957f3c18ab177251c51cab8099bb9fb,110,float64,7,float64
study_table/case40,study_table,case40,/ssd1/itaein/datasets/RoboCerebra/RoboCerebra_trainset/study_table/case40/demo.hdf5,RoboCerebra_trainset/study_table/case40/demo.hdf5,RoboCerebra_trainset/study_table/case40/case40.mp4,"Prepare a meal by combining cream_cheese and tomato_sauce in a white_bowl, placing the bowl on a plate, and finally storing the plate on a wooden_two_layer_shelf while organizing a wine_bottle on a wooden_shelf.",3047,12,True,True,True,True,True,True,True,True,True,True,,72ccb224e32ce83be0c0cb303ed0d15bfeaf56b5834c2950f75039cf1cdb4877,97,float64,7,float64
study_table/case41,study_table,case41,/ssd1/itaein/datasets/RoboCerebra/RoboCerebra_trainset/study_table/case41/demo.hdf5,RoboCerebra_trainset/study_table/case41/demo.hdf5,RoboCerebra_trainset/study_table/case41/case41.mp4,"The task involves preparing popcorn by retrieving it from a cabinet and serving it alongside wine poured into a coffee mug, with all items placed on a study table.",2468,8,True,True,True,True,True,True,True,True,True,True,,47f14e483f085bea0f5cdd0a44ae001172bf8b85c03530caa775d489f647c461,79,float64,7,float64
study_table/case42,study_table,case42,/ssd1/itaein/datasets/RoboCerebra/RoboCerebra_trainset/study_table/case42/demo.hdf5,RoboCerebra_trainset/study_table/case42/demo.hdf5,RoboCerebra_trainset/study_table/case42/case42.mp4,"The task involves preparing a snack using popcorn, a white_bowl, milk, and an akita_black_bowl, while organizing these kitchen items and placing them on a white_storage_box.",3966,13,True,True,True,True,True,True,True,True,True,True,,1d3da19331d044e1cf45f924b5dea039deba19bda7b30ace5cd069655c557a6b,84,float64,7,float64
study_table/case43,study_table,case43,/ssd1/itaein/datasets/RoboCerebra/RoboCerebra_trainset/study_table/case43/demo.hdf5,RoboCerebra_trainset/study_table/case43/demo.hdf5,RoboCerebra_trainset/study_table/case43/case43.mp4,"Organize a movie night snack setup by transferring popcorn into a white bowl, cookies into an Akita black bowl, and placing each on the coffee table, while relocating the wine bottle to the wine rack.",1571,8,True,True,True,True,True,True,True,True,True,True,,75e8614aa1c13fc5c3ba316dd704a53ebec549085c80775234a7ef8c153351c2,97,float64,7,float64
study_table/case44,study_table,case44,/ssd1/itaein/datasets/RoboCerebra/RoboCerebra_trainset/study_table/case44/demo.hdf5,RoboCerebra_trainset/study_table/case44/demo.hdf5,RoboCerebra_trainset/study_table/case44/case44.mp4,"The task involves using an akita_black_bowl, new_salad_dressing, tomato_sauce, and a bowl_drainer to prepare a salad for lunch by organizing these items on the study_table.",1299,6,True,True,True,True,True,True,True,True,True,True,,145755d15888c2a8ae750ae956ac65897684493f311a8afc870d70a8dde42e62,71,float64,7,float64
study_table/case45,study_table,case45,/ssd1/itaein/datasets/RoboCerebra/RoboCerebra_trainset/study_table/case45/demo.hdf5,RoboCerebra_trainset/study_table/case45/demo.hdf5,RoboCerebra_trainset/study_table/case45/case45.mp4,"Prepare a wooden_tray with a plate of macaroni_and_cheese and a white_yellow_mug filled with orange_juice, then place the tray on the white_cabinet.",3412,12,True,True,True,True,True,True,True,True,True,True,,c105ff4ada42fec00c693181929f4e1d302548acd5237007088c85ec780e47f8,103,float64,7,float64
study_table/case46,study_table,case46,/ssd1/itaein/datasets/RoboCerebra/RoboCerebra_trainset/study_table/case46/demo.hdf5,RoboCerebra_trainset/study_table/case46/demo.hdf5,RoboCerebra_trainset/study_table/case46/case46.mp4,"The task involves preparing a snack by arranging popcorn on a plate and wine in a porcelain mug using objects like a study table, plate, porcelain mug, wine bottle, and a wooden two-layer shelf for organized placement.",1842,8,True,True,True,True,True,True,True,True,True,True,,b2818d504819121a751167587214637d17a4bc5641a1439614bfc88ddd98adda,84,float64,7,float64
study_table/case47,study_table,case47,/ssd1/itaein/datasets/RoboCerebra/RoboCerebra_trainset/study_table/case47/demo.hdf5,RoboCerebra_trainset/study_table/case47/demo.hdf5,RoboCerebra_trainset/study_table/case47/case47.mp4,"The task involves preparing a serving of cream cheese by picking it up from the study table, carrying it, and placing it onto a plate.",258,2,True,True,True,True,True,True,True,True,True,True,,084d64b4e213a21182d3c7ce6d053204e69b278566b1fe8821d1b4279e3d720b,58,float64,7,float64
study_table/case48,study_table,case48,/ssd1/itaein/datasets/RoboCerebra/RoboCerebra_trainset/study_table/case48/demo.hdf5,RoboCerebra_trainset/study_table/case48/demo.hdf5,RoboCerebra_trainset/study_table/case48/case48.mp4,"The task involves preparing a meal by retrieving a chefmate_8_frypan from the short_cabinet, placing it on the study_table, organizing items like the wine_bottle and akita_black_bowl onto a wooden_tray, and pouring bbq_sauce from the study_table into the akita_black_bowl using various kitchen tools and items.",2679,9,True,True,True,True,True,True,True,True,True,True,,38307c10e6957604e909effdefa5bd03f9fb656e05b9dc79e8f20f4bb1882ad5,103,float64,7,float64
study_table/case49,study_table,case49,/ssd1/itaein/datasets/RoboCerebra/RoboCerebra_trainset/study_table/case49/demo.hdf5,RoboCerebra_trainset/study_table/case49/demo.hdf5,RoboCerebra_trainset/study_table/case49/case49.mp4,"Prepare a light snack by microwaving cookies, pouring orange juice into a porcelain mug, and organizing the chefmate frypan in the bowl drainer.",3888,9,True,True,True,True,True,True,True,True,True,True,,5bcc4fc403768fa2b994aba68bf389a42b6249324ea0fd9928478fc168969c3a,86,float64,7,float64
study_table/case50,study_table,case50,/ssd1/itaein/datasets/RoboCerebra/RoboCerebra_trainset/study_table/case50/demo.hdf5,RoboCerebra_trainset/study_table/case50/demo.hdf5,RoboCerebra_trainset/study_table/case50/case50.mp4,"Prepare coffee service by arranging a porcelain mug, moka pot, and milk on a wooden tray, then add popcorn as a snack.",3322,9,True,True,True,True,True,True,True,True,True,True,,f427cf8388b7f446cd7424ba0b556b3678cee0d531234e9bbe7a8fbcbe45ccc0,97,float64,7,float64
study_table/case51,study_table,case51,/ssd1/itaein/datasets/RoboCerebra/RoboCerebra_trainset/study_table/case51/demo.hdf5,RoboCerebra_trainset/study_table/case51/demo.hdf5,RoboCerebra_trainset/study_table/case51/case51.mp4,"The task involves preparing a simple meal by transferring tomato_sauce into an akita_black_bowl, wine into a white_yellow_mug, and organizing both onto a wooden_tray, which is then placed in the short_cabinet within the middle_region for storage.",3945,11,True,True,True,True,True,True,True,True,True,True,,361f0563edd1dc3ef966482635b65607ac493ffc56f1ca4b488b506ec7653132,103,float64,7,float64
study_table/case52,study_table,case52,/ssd1/itaein/datasets/RoboCerebra/RoboCerebra_trainset/study_table/case52/demo.hdf5,RoboCerebra_trainset/study_table/case52/demo.hdf5,RoboCerebra_trainset/study_table/case52/case52.mp4,"Prepare a small meal by combining cream cheese and new salad dressing in a white bowl, transferring it into a glazed rim porcelain ramekin, and placing the ramekin back onto the study table.",2631,8,True,True,True,True,True,True,True,True,True,True,,14f06dc5c1ea88badfbeec997d88e0bea743ed75860f23733ca2f899de470ad0,84,float64,7,float64
study_table/case53,study_table,case53,/ssd1/itaein/datasets/RoboCerebra/RoboCerebra_trainset/study_table/case53/demo.hdf5,RoboCerebra_trainset/study_table/case53/demo.hdf5,RoboCerebra_trainset/study_table/case53/case53.mp4,"The task involves preparing buttered macaroni and cheese by heating macaroni and cheese in a glazed rim porcelain ramekin using a microwave, adding butter, and serving it on a plate.",5328,14,True,True,True,True,True,True,True,True,True,True,,a657800c4028ab969b7c4d1e8d8ac6368b3fb13eff898eea581cab6b03767835,86,float64,7,float64
study_table/case54,study_table,case54,/ssd1/itaein/datasets/RoboCerebra/RoboCerebra_trainset/study_table/case54/demo.hdf5,RoboCerebra_trainset/study_table/case54/demo.hdf5,RoboCerebra_trainset/study_table/case54/case54.mp4,"Prepare a simple meal by heating macaroni_and_cheese in an akita_black_bowl using a microwave and placing orange_juice on the study_table, with objects including a short_cabinet, study_table, chefmate_8_frypan, and microwave used in the process.",5702,10,True,True,True,True,True,True,True,True,True,True,,62723ccb51ad2b2346e1d17c600a6d9bac09cc920081b75955342438d3974315,92,float64,7,float64
study_table/case55,study_table,case55,/ssd1/itaein/datasets/RoboCerebra/RoboCerebra_trainset/study_table/case55/demo.hdf5,RoboCerebra_trainset/study_table/case55/demo.hdf5,RoboCerebra_trainset/study_table/case55/case55.mp4,"The task involves using milk from the study_table and a porcelain_mug to prepare a cup of milk, which is then stored in a white_cabinet.",2409,6,True,True,True,True,True,True,True,True,True,True,,3e92588974d25ad79875cd3f513cad9336d05922363ab96bef2694f2979c2af8,64,float64,7,float64
study_table/case56,study_table,case56,/ssd1/itaein/datasets/RoboCerebra/RoboCerebra_trainset/study_table/case56/demo.hdf5,RoboCerebra_trainset/study_table/case56/demo.hdf5,RoboCerebra_trainset/study_table/case56/case56.mp4,"The task involves preparing a salad using salad_dressing and an akita_black_bowl, assembling them with a red_coffee_mug on a wooden_tray, and setting the tray on the dining_table for serving.",2566,7,True,True,True,True,True,True,True,True,True,True,,acbefad8f5402064f9e37ef7e7c2776847c3074c7efce1e02cd667ee87d781a2,84,float64,7,float64
study_table/case57,study_table,case57,/ssd1/itaein/datasets/RoboCerebra/RoboCerebra_trainset/study_table/case57/demo.hdf5,RoboCerebra_trainset/study_table/case57/demo.hdf5,RoboCerebra_trainset/study_table/case57/case57.mp4,"Organize and prepare the study table for a tea time snack setup by arranging objects including popcorn, an akita_black_bowl, a white_yellow_mug, a wine_bottle, and a moka_pot, while relocating specific items such as the wine_bottle to a short_cabinet and the moka_pot to a rack.",2427,7,True,True,True,True,True,True,True,True,True,True,,b9f2abe3caa1fff0b1c87c8f96440bfdbacff7cd69c15925f7654e93c4651d6f,116,float64,7,float64
study_table/case58,study_table,case58,/ssd1/itaein/datasets/RoboCerebra/RoboCerebra_trainset/study_table/case58/demo.hdf5,RoboCerebra_trainset/study_table/case58/demo.hdf5,RoboCerebra_trainset/study_table/case58/case58.mp4,"Prepare a meal by arranging butter and BBQ sauce on a plate, combining BBQ sauce and new salad dressing in a bowl, and organizing them on a dining set.",3399,11,True,True,True,True,True,True,True,True,True,True,,7e1675210a4a835897143c33c0ab2755f0299425ddcc2e962543d8c94bd48b0d,97,float64,7,float64
study_table/case59,study_table,case59,/ssd1/itaein/datasets/RoboCerebra/RoboCerebra_trainset/study_table/case59/demo.hdf5,RoboCerebra_trainset/study_table/case59/demo.hdf5,RoboCerebra_trainset/study_table/case59/case59.mp4,"Set up a snack and juice station by arranging cookies and pudding in a bowl drainer, placing a coffee mug filled with orange juice beside it, and using items stored in a wooden cabinet and on a study table.",2906,11,True,True,True,True,True,True,True,True,True,True,,3030ceda1d9c86f5a138dbcadaf21392b05a7ce6632d58ade0cd59aa2b13c258,103,float64,7,float64
study_table/case60,study_table,case60,/ssd1/itaein/datasets/RoboCerebra/RoboCerebra_trainset/study_table/case60/demo.hdf5,RoboCerebra_trainset/study_table/case60/demo.hdf5,RoboCerebra_trainset/study_table/case60/case60.mp4,"Prepare a dish by organizing ingredients (e.g., chocolate_pudding, bbq_sauce) and cookware (e.g., porcelain_mug, plate, wooden_tray) on the study_table for use.",2223,10,True,True,True,True,True,True,True,True,True,True,,644743178a945a29561050a05421fccb34b87483beb0e07c4af9efcd5d858f24,97,float64,7,float64
study_table/case61,study_table,case61,/ssd1/itaein/datasets/RoboCerebra/RoboCerebra_trainset/study_table/case61/demo.hdf5,RoboCerebra_trainset/study_table/case61/demo.hdf5,RoboCerebra_trainset/study_table/case61/case61.mp4,"Prepare a meal by organizing kitchen items—such as chefmate_8_frypan, ketchup, tomato_sauce, white_bowl, and plate—from the study_table and wooden_two_layer_shelf, combining ketchup and tomato_sauce in the white_bowl, and placing relevant utensils on appropriate surfaces for cooking and serving.",3504,10,True,True,True,True,True,True,True,True,True,True,,da6d4ba3a16008cc2d685822ca3b3596ac3b4f73c3b44c70e544b3270aaff63d,97,float64,7,float64
study_table/case62,study_table,case62,/ssd1/itaein/datasets/RoboCerebra/RoboCerebra_trainset/study_table/case62/demo.hdf5,RoboCerebra_trainset/study_table/case62/demo.hdf5,RoboCerebra_trainset/study_table/case62/case62.mp4,"Prepare a snack by assembling chocolate pudding, cookies, and milk in a porcelain mug on the study table.",1210,7,True,True,True,True,True,True,True,True,True,True,,6a62af86735a564558a99ba20ac5538f479d8b4311d24cec4feb8d73897b6df8,84,float64,7,float64
study_table/case63,study_table,case63,/ssd1/itaein/datasets/RoboCerebra/RoboCerebra_trainset/study_table/case63/demo.hdf5,RoboCerebra_trainset/study_table/case63/demo.hdf5,RoboCerebra_trainset/study_table/case63/case63.mp4,"Prepare a meal by transferring macaroni and cheese into a white bowl, adding BBQ sauce, and combining salad dressing with a side salad in a separate akita black bowl, using objects from the study table.",2551,8,True,True,True,True,True,True,True,True,True,True,,aa3cb84c29c7b104feafd3738018d0a774204f4c37f9e94de9b0fab7797d2483,97,float64,7,float64
study_table/case64,study_table,case64,/ssd1/itaein/datasets/RoboCerebra/RoboCerebra_trainset/study_table/case64/demo.hdf5,RoboCerebra_trainset/study_table/case64/demo.hdf5,RoboCerebra_trainset/study_table/case64/case64.mp4,"The task involves handling and preparing items by heating butter in a microwave, organizing a new salad dressing into a wooden shelf, and moving a white bowl between locations, all to facilitate a meal preparation and storage process.",3358,9,True,True,True,True,True,True,True,True,True,True,,8b993e4989156e7b1d256ad7508249f8cce2b01a9b2cbb34b6665128458a45fa,73,float64,7,float64
study_table/case65,study_table,case65,/ssd1/itaein/datasets/RoboCerebra/RoboCerebra_trainset/study_table/case65/demo.hdf5,RoboCerebra_trainset/study_table/case65/demo.hdf5,RoboCerebra_trainset/study_table/case65/case65.mp4,"Prepare a snack and dressing station by microwaving popcorn, transferring salad dressing into a ramekin, and placing a wine bottle alongside on the counter.",2921,5,True,True,True,True,True,True,True,True,True,True,,e06c84dc0058dece792b80280f4a2318aac570aa2ea5dc8fe3ade9e0fd8f270c,86,float64,7,float64
study_table/case66,study_table,case66,/ssd1/itaein/datasets/RoboCerebra/RoboCerebra_trainset/study_table/case66/demo.hdf5,RoboCerebra_trainset/study_table/case66/demo.hdf5,RoboCerebra_trainset/study_table/case66/case66.mp4,"Prepare a snack by arranging cookies in the akita_black_bowl and pouring milk into the white_yellow_mug, both placed on specified regions of the study_table, for consumption.",1036,5,True,True,True,True,True,True,True,True,True,True,,33e765e1ceb288f6b39fda47eb5de472cbba4854ab5cccd972b3db89f6e32967,84,float64,7,float64
study_table/case67,study_table,case67,/ssd1/itaein/datasets/RoboCerebra/RoboCerebra_trainset/study_table/case67/demo.hdf5,RoboCerebra_trainset/study_table/case67/demo.hdf5,RoboCerebra_trainset/study_table/case67/case67.mp4,"The task involves preparing a snack by placing cookies into a white bowl and pouring orange juice into a porcelain mug, then arranging them on the study table.",1356,5,True,True,False,True,True,True,True,True,True,False,nonpositive_interval;frame_assignment_not_exact,1a99435fcc0332c9fa524826933614c3af07bb5383736e6b5266ed569fff1536,84,float64,7,float64
study_table/case68,study_table,case68,/ssd1/itaein/datasets/RoboCerebra/RoboCerebra_trainset/study_table/case68/demo.hdf5,RoboCerebra_trainset/study_table/case68/demo.hdf5,RoboCerebra_trainset/study_table/case68/case68.mp4,"The task involves preparing a snack by placing cookies and salad dressing into a white bowl, organizing tableware by relocating a glazed rim porcelain ramekin to the dining set group, and moving items between the study table and a wooden two-layer shelf.",2838,10,True,True,True,True,True,True,True,True,True,True,,dd978fab39c09c6e40a6d3c4a4a311d4b33ceba4cceb9ec44ad1ac35056da5cb,84,float64,7,float64
study_table/case69,study_table,case69,/ssd1/itaein/datasets/RoboCerebra/RoboCerebra_trainset/study_table/case69/demo.hdf5,RoboCerebra_trainset/study_table/case69/demo.hdf5,RoboCerebra_trainset/study_table/case69/case69.mp4,"Prepare macaroni and cheese by transferring it from the study table to an akita black bowl, placing the bowl on a white storage box, adding BBQ sauce from the study table, and pouring the sauce onto the macaroni.",2595,7,True,True,True,True,True,True,True,True,True,True,,7e5dbea4661a7bfbf90fd814a2bf09c7bae7eadd6d3c60a37e52be2db596f0d0,71,float64,7,float64
study_table/case70,study_table,case70,/ssd1/itaein/datasets/RoboCerebra/RoboCerebra_trainset/study_table/case70/demo.hdf5,RoboCerebra_trainset/study_table/case70/demo.hdf5,RoboCerebra_trainset/study_table/case70/case70.mp4,"The task involves preparing a snack by arranging popcorn in a white_bowl and pairing it with wine poured into a white_yellow_mug from a wine_bottle, all placed on the study_table.",1069,3,True,True,True,True,True,True,True,True,True,True,,0577716081812ef3597ba4a32c9f2450d6a804b5c9c63476c55a8a8cb13d7a64,84,float64,7,float64
study_table/case71,study_table,case71,/ssd1/itaein/datasets/RoboCerebra/RoboCerebra_trainset/study_table/case71/demo.hdf5,RoboCerebra_trainset/study_table/case71/demo.hdf5,RoboCerebra_trainset/study_table/case71/case71.mp4,"The task involves preparing a snack for a movie night by transferring popcorn to a white bowl, pouring wine from a wine bottle into a porcelain mug, and organizing items (wine bottle, porcelain mug, and BBQ sauce) into a short cabinet after retrieving them from the study table.",4307,12,True,True,True,True,True,True,True,True,True,True,,15d8165b477c3b435afda25cdb6abc34f0e0b799455229568f721413d4ef1d86,103,float64,7,float64
study_table/case72,study_table,case72,/ssd1/itaein/datasets/RoboCerebra/RoboCerebra_trainset/study_table/case72/demo.hdf5,RoboCerebra_trainset/study_table/case72/demo.hdf5,RoboCerebra_trainset/study_table/case72/case72.mp4,"Prepare a simple meal by combining macaroni and cheese, cream cheese, and tomato sauce into a chefmate_8_frypan, then transferring the contents into a white_bowl.",3323,11,True,True,True,True,True,True,True,True,True,True,,476ea3c64206300aed37e0d410fae5d698258290789a5e495d6804cedaf51a47,97,float64,7,float64
study_table/case73,study_table,case73,/ssd1/itaein/datasets/RoboCerebra/RoboCerebra_trainset/study_table/case73/demo.hdf5,RoboCerebra_trainset/study_table/case73/demo.hdf5,RoboCerebra_trainset/study_table/case73/case73.mp4,"Organize a dessert setup by assembling a chocolate pudding in a white bowl along with a porcelain mug and new salad dressing on a wooden tray, and placing the tray on a serving table.",3440,9,True,True,False,True,True,True,True,True,True,False,nonpositive_interval;frame_assignment_not_exact,eb46301d75e633b17b0c5ca305178a13e387da8298690a3919b669fb1bf6b7a0,97,float64,7,float64
study_table/case74,study_table,case74,/ssd1/itaein/datasets/RoboCerebra/RoboCerebra_trainset/study_table/case74/demo.hdf5,RoboCerebra_trainset/study_table/case74/demo.hdf5,RoboCerebra_trainset/study_table/case74/case74.mp4,"The task involves arranging a coffee-and-cookies snack display by transferring and organizing items like a moka pot, porcelain mug, cookies, a ramekin, and a wine bottle between a study table and a wooden two-layer shelf for presentation.",4583,12,True,True,True,True,True,True,True,True,True,True,,f165c5f2b88e1acee61864685d5e012333c4e71dd0cf451058b7624923f1cb4b,97,float64,7,float64
